brand,creative_id,ocr_text,char_len
amazon_india,1000044815977078_0,NO,2
amazon_india,1001843945886663_0,,0
amazon_india,1003404035636880_0,"IYER AATHU"" Your {amily deserter (he bei Vatthal Kozhambu Pownar A testumony t0 0 mother"" $ @rt 0f cooking (r ~Deen preserved rhrough gonerationg",145
amazon_india,1006023609069222_0,,0
amazon_india,1007647852120735_0,B0,2
amazon_india,1008672041776437_0,Ulkarsh Nct Cor untch 3385 COMPOSTER : Dntt MRP Cuton,53
amazon_india,1009695611818734_0,,0
amazon_india,1012665178289351_0,,0
amazon_india,1013110118255593_0,,0
amazon_india,1014049721600405_0,"2026 ch 10 7/ comY L JMdi Wenf Machine WARRANTY 103, 10 ADVANCED NVERTER M P R [ $ 5",84
amazon_india,1014975354641267_0,,0
amazon_india,1020312004198153_0,amazonin Super Valuc Days  amazon fresh Frdta Sumana Daily groceries essentials Up to 40% off RASHEAAC OOmanica Wnole Wrrt Autt Surf exceL MATIC AAM,148
amazon_india,1021034847319661_0,VEGa VEGA Alt Pursreul VEGA Style  I600w Yory VEGA,50
amazon_india,1023032523792719_0,,0
amazon_india,1024876613513760_0,1 3 1,5
amazon_india,1027609612995571_0,,0
amazon_india,1028507406260294_0,,0
amazon_india,1028725846208374_0,prt I4 per,10
amazon_india,1029848249401792_0,,0
amazon_india,1030888152917047_0,"Great Freedom Sale Live Now amazon in OnePlus Nord CE6 740,999 {34,999' NNever Settle months No Cost EMI 10% Instant Discount"" Hor Wank an Crent Candondersyehitcansectnns",170
amazon_india,1037881312022625_0,,0
amazon_india,1038524005302508_0,NO,2
amazon_india,1038829802161343_0,NO,2
amazon_india,1040040528545499_0,,0
amazon_india,1041490318221238_0,,0
amazon_india,1046299724406422_0,PORTROMCS,9
amazon_india,1048896287665091_0,8,1
amazon_india,1049135460976619_0,BRAun Series 3 8 in Easy & Fast Styling: BaRlte,47
amazon_india,1051961070599397_0,,0
amazon_india,1055065257485162_0,,0
amazon_india,1059013176560400_0,,0
amazon_india,1059106626545646_0,,0
amazon_india,1064256219268800_0,Deal,4
amazon_india,1066001125772149_0,,0
amazon_india,1066235886063441_0,,0
amazon_india,1067074058985026_0,PRIDE SCOOTER PLUS I0-S0 Lntou Glide Boor 80t-90 120 ML,55
amazon_india,1071027768697644_0,"Great Freedom Sale Live Now amazon in Samsung 653L Refrigerator 71513,000 {76,990"" 1 Smart ] 10% Instant Discount"" Hor WanK an Crent Candondersyehitcansectnns",158
amazon_india,1080558157828325_0,Paw  Science 50 EAR FINGER WIPes Wipes,38
amazon_india,1157318219947488_0,amazon SHUTTERBUG Lcarn thc Shot Mostertho Story AMAZON PHOTOGRAPHY COMMUNITY Why join the community? Masterclasses Quarterly Photo Walks Exclusive Member-Only Deals Wisit to KowMore amazonin,191
amazon_india,1172030695392739_0,Cua,3
amazon_india,1184345318098207_0,254 THE CrEWpa EE mernp Lenehenklou UBISOFT,43
amazon_india,1205394911490389_0,Dmatonin Your perfect handbag 50-80% off LAVIE zuk. REFREOH SALE| JaraIngtantdiccount HSBC,90
amazon_india,1216968097181408_0,,0
amazon_india,1242431361342653_0,5 = dtn ' dt 4,14
amazon_india,1273357828205969_0,"Lobu_= }. 7,1 Aane Grind = n' 'Store",36
amazon_india,1302544891867711_0,YARDLEY Jdon LENGHSER oioane Keneume,36
amazon_india,1316233844007738_0,,0
amazon_india,1320578950195195_0,VEGa VEGA Alt Pursreul VEGA Style  I600w Yory VEGA,50
amazon_india,1327009669032263_0,,0
amazon_india,1328068152810467_0,1 1,3
amazon_india,1333251628965103_0,Deal,4
amazon_india,1336677095323776_0,YARDLEY Jdon LENGHSER oioane Keneume,36
amazon_india,1336758761969835_0,"Aqualogica"" BLOM"" DEWY Gjel Cunscreen 5d  Teaaunudd BPIekEX + Hidpnie ~nruZilio",79
amazon_india,1338972221689590_0,five lements S |.F five lements Te shampoo grcen apple IOuX VECAN PARABEN FRE? conditioner ulcen apple aloe 1CO% VEGAN PARABEN FREE,131
amazon_india,1339328408404052_0,,0
amazon_india,1346508467664544_0,WOODLAND,8
amazon_india,1350295060346903_0,"amazon in Super Valuc Days  amazon fresh Frdta Sumana Flat *300 cashback"" Smart shopping; bigger savings",104
amazon_india,1354978755965175_0,,0
amazon_india,1357560686438885_0,"50"" OLED SSK TCL Google TV QLED biDolby Audio Dawatts Metalic Bezel-less",72
amazon_india,1366948418917893_0,0,1
amazon_india,1368589865338427_0,Mne,3
amazon_india,1370795344969208_0,SPECIAL COLLECTOR'S EDITION WITH EXCLUSIVE NEW CHAPTER Vxey C OLLEEN k 0 0 V E R,80
amazon_india,1374493384592606_0,aoAL,4
amazon_india,1378417384417391_0,,0
amazon_india,1383020033746744_0,,0
amazon_india,1387926163201390_0,1 5 0 2 3 38 6 8 1,18
amazon_india,1394985145806805_0,,0
amazon_india,1395264638941301_0,"almazonspecials WHoop The wait is over = WHOOP 5.0has arrivedin India Starting 721,990"" ""tecapply",97
amazon_india,1395760832365553_0,,0
amazon_india,1402835908430092_0,NAPA HIDE,9
amazon_india,1414321803386995_0,"amazonin Prime Shopping Days 184 220 December Up to 80% off Home;kitchen & outdoors Extra Up 7%0 off "" UTLEl4K 10-Iant Dkcount",126
amazon_india,1421850649779114_0,"Anwaia Spacen 'World cloe Ervcloccdd Vici , Science Technologu EMeele4t= Human Bodv Amazing Plces Encucloc edi Nature iEcoee",124
amazon_india,1435520248335496_0,5,1
amazon_india,1457318032820703_0,24 INCH Deal,12
amazon_india,1482329959728522_0,amazonin Super Valuc Days  amazon fresh Frdta Sumana Fruits & vegetables Fresh daily produce,92
amazon_india,1486868663473971_0,The Original  LSclr,19
amazon_india,1496821802218558_0,"amazonin Super Valuc Days  amazon fresh Frdta Sumana Clean big, save bigger! Flat %300 cashback"" on cleaning essentials Ariel",125
amazon_india,1497744604952875_0,B0,2
amazon_india,1499279181461508_0,,0
amazon_india,1502185308618930_0,,0
amazon_india,1505362884215250_0,Olul Ga,7
amazon_india,1517694493486484_0,Hrens 0lont NO Embo * 75 Uz0 Hisense OFFICIAL SPONsOR WoaLE Br ULED MiniLED 21CH audlo System Tunted By DEVIALET Nalive L44Hz Relresh Rale HI-Vicw Engine,153
amazon_india,1519207806614239_0,,0
amazon_india,1519659986108847_0,"Great Freedom Sale Live Now amazon in Starting 349* Home & Kitchen products Free dellvery on first order"" 10% Instant Discount"" Hor Wank an Crent Candondersyehitcansectnns",171
amazon_india,1527980605777334_0,1 1,3
amazon_india,1528273191851185_0,"Great Freedom Sale Live Now amazon in SMARTCHUICE  ASUS Zenbook 14 14,35,990 {1,19,990"" Up [0 24 months No Cost EMI: 10% Instant Discount"" Hor Wank an Crent Candondersyehitcansectnns",182
amazon_india,1528948565592784_0,PHILIPS sonicare 4100 Wonneren better TX Pencoval'  plus de plaque IHAKDLE IQHWAFGER 1BAKHHEAD IMNqE ICHRCEUR ITETEDEBFOSS,122
amazon_india,1530365817982829_0,VINTAGE T9 Erote>yen 0,22
amazon_india,1530672802091084_0,BRAun Series 3 8 in Easy & Fast Styling: BaRlte,47
amazon_india,1535893534983408_0,,0
amazon_india,1536483641217770_0,,0
amazon_india,1538452134656451_0,,0
amazon_india,1542917077414639_0,Emu bum Natuna| Sprty Vulutri Lattata dao,41
amazon_india,1546785503750702_0,,0
amazon_india,1549695153463753_0,VINTAGE T9 Erote>yen 0,22
amazon_india,1555029346253230_0,,0
amazon_india,1555598359305760_0,JaenSNon SMART AC 2026 DuSTcR 59045 55 Coptlln Cod,50
amazon_india,1558487979081103_0,5 = dtn ' dt 4,14
amazon_india,1558552509397384_0,"LPETAPCHI""",10
amazon_india,1558899012518595_0,"Tbalu Fbal Ehal bal Fhalw Yla Tlal KHATU MASALE UdYog Malvani Masala KWATU araatanereraznr Jbal uYIc '1cd uRY"" TTCFT Thol Tbal Tholo Thol Fhalo Fhol Tholo",154
amazon_india,1560929268758013_0,,0
amazon_india,1567628128242545_0,,0
amazon_india,1568510801500636_0,,0
amazon_india,1570956751091426_0,signaluv gold standard in photographya exclusive privilege access Dxohat,72
amazon_india,1574393077440356_0,VEGa VEGA Alt Pursreul VEGA Style  I600w Yory VEGA,50
amazon_india,1576889014223599_0,Lt,2
amazon_india,1577257827258054_0,Deal,4
amazon_india,1579001987213825_0,eatT GA Deal,12
amazon_india,1581652063300340_0,"MATHEMATICS Fcosprites ""uou. SCLEMcience Tun Tigkt dyutindg DIVOCAEC Couic-|",76
amazon_india,1582726150233250_0,,0
amazon_india,1609110707449213_0,friendi happy Is nar eyDa Mappi,31
amazon_india,1610140344015207_0,Mne,3
amazon_india,1611377727091040_0,,0
amazon_india,1625010518974205_0,Ncs HORTRO` 0,13
amazon_india,1625103048585665_0,ORACURA ~SB1OO  sonic Lut clegtalt Datteay Oplaatcd Tootwdrush,62
amazon_india,1641704313558129_0,Deal,4
amazon_india,1654646382261954_0,,0
amazon_india,1656367693163091_0,,0
amazon_india,1657142675355613_0,,0
amazon_india,1663397014753927_0,1 3 1,5
amazon_india,1684664245920864_0,"Rrnd 12, SUN [45 (RESTITHO",26
amazon_india,1686915829090331_0,,0
amazon_india,1704394567531756_0,5,1
amazon_india,1719946435875735_0,,0
amazon_india,1724520588830058_0,HINDYA HINDYA Amla Pouder Bhringraj TTou der HINDYA HINDYA MINDYA Shikakai Vowder Hibiscus Towder Reetha Toudcr,111
amazon_india,1726941611762774_0,,0
amazon_india,1733970660979841_0,"IYER AATHU"" Your {amily deserter (he bei Vatthal Kozhambu Pownar A testumony t0 0 mother"" $ @rt 0f cooking (r ~Deen preserved rhrough gonerationg",145
amazon_india,1734496817584650_0,,0
amazon_india,1737812683827789_0,"Great Freedom Sale Live Now amazon in Samsung Galaxy S25 Ultra 5G Starting 9 {89,999 ""Incdin, Annnbonk 6% Gscount ndotner Dirers months No Cost EMI"" 10% Instant Discount"" Hor Wank an Crent Candondersyehitcansectnns",214
amazon_india,1744281549954641_0,,0
amazon_india,1754248732674206_0,,0
amazon_india,1770068384187516_0,,0
amazon_india,1790720688964410_0,,0
amazon_india,1864370581205865_0,TImEX,5
amazon_india,1886100122348172_0,Deal,4
amazon_india,1944554766123207_0,"amazonin GETFITE 4HP motorized treadmill DAS 52,390 7716,499* 1"" - 5""h January owcimox",86
amazon_india,1956328188280923_0,"Great Freedom Sale Live Now amazon in Sony Headphones 749,990 {36,990"" 10% Instant Discount"" Hor Wank an Crent Candondersyehitcansectnns",136
amazon_india,1963108381112455_0,cardo ~FREECOM Mtercos uttd Tcardo Lu NteRco Cardo Toban,56
amazon_india,1978840772761419_0,,0
amazon_india,1983068695661332_0,Hrens 0lont NO Embo * 75 Uz0 Hisense OFFICIAL SPONsOR WoaLE Br ULED MiniLED 21CH audlo System Tunted By DEVIALET Nalive L44Hz Relresh Rale HI-Vicw Engine,153
amazon_india,1997181120916545_0,Astii Me,8
amazon_india,1998075560815767_0,,0
amazon_india,2002441610400897_0,Removes up to 4X more plaque 2 eX Ennly Juy I beatXP VIBE {pnr E 07< obln,73
amazon_india,2046673159275369_0,Newv 2026 Global & Indias Nol ConvertibleBin] Al Smart Energy Savings Bespoke AI,80
amazon_india,2062869591281849_0,HAA,3
amazon_india,2103968956997327_0,"Great Freedom Sale Live Now amazon in OnePlus Nord CE6 740,999 {34,999' NNever Settle months No Cost EMI 10% Instant Discount"" Hor Wank an Crent Candondersyehitcansectnns",170
amazon_india,2120287698872109_0,,0
amazon_india,2161718301332303_0,,0
amazon_india,2170953116778388_0,"amazonin Super Valuc Days  amazon fresh Frdta Sumana Clean big, save bigger! Flat %300 cashback"" on cleaning essentials Ariel",125
amazon_india,2181627515950596_0,PRIDE SCOOTER PLUS I0-S0 Lntou Glide Boor 80t-90 120 ML,55
amazon_india,2198354860948101_0,,0
amazon_india,2232927990814919_0,,0
amazon_india,2418869865205665_0,,0
amazon_india,2445557472938883_0,,0
amazon_india,2477849186066884_0,D,1
amazon_india,2498548737331589_0,cardo ~FREECOM Mtercos uttd Tcardo Lu NteRco Cardo Toban,56
amazon_india,2546975375761278_0,,0
amazon_india,2561661324254129_0,"B482 30 (Pulsations 12 CITIZEN B 10 Eco-Drivo Fsp Exo F1zo { 2"" 7Tt3""",69
amazon_india,25723910800552136_0,"amazonun Lab grown diamonds Up to 25% off HOnA REFREOH SALE| Exbra 10%scashback *on prepaid orders HSBC Jo  Instent Dlecount"" Lsu",129
amazon_india,2575131852940672_0,Deal,4
amazon_india,2594177477745970_0,heman1sJustice FEREGADES  MAIFR MaA SHE WAnTS  {VENGEANCE,57
amazon_india,2631183560614849_0,"Dmatonin Bestsellers 40 - 70% off REFREOH SALE| Jastdch Casio Extra 10 5 cashback""on prepaidorders Jor Instent Dlecounte iann HSBC",130
amazon_india,26828845983460596_0,,0
amazon_india,27494570770208783_0,VEGa VEGA Alt Pursreul VEGA Style  I600w Yory VEGA,50
amazon_india,27671984095787303_0,WILDHORN OMame,14
amazon_india,27826555433664347_0,"Great Freedom Sale Live Now amazon in Starting 349* Home & Kitchen products Free dellvery on first order"" 10% Instant Discount"" Hor Wank an Crent Candondersyehitcansectnns",171
amazon_india,2809389449416189_0,PRC SHOE CREAM,14
amazon_india,28525237440394652_0,80 32 cM Al Sound Pro (9.1.2 Up-mix) Precision HDR Master Pro Lc SMARTTVA 7LG Shield webos LG Channels,102
amazon_india,28566891046247418_0,amazonin Minbo%0ff8 Monsoon Essentials for Home ShopHon Huenetnnautcnum-,72
amazon_india,2861547507521849_0,5 Spinbrush PRO+ GUM HEALTH 2XUORE  FlaQuereMovAL 3,51
amazon_india,2869113923433600_0,,0
amazon_india,2918869871796387_0,"Great  Freedom Sale Live Now amazon in The Indus Valley Kadhai 43,849 {2,099"" 10% Instant Discount"" Hor Wank an Crent Candondersyehitcansectnns",143
amazon_india,2944220329247543_0,,0
amazon_india,3190191091186845_0,PRC SHOE CREAM,14
amazon_india,3197875920404772_0,38885,5
amazon_india,3367315920086435_0,Dmatonin Bestselling footwear picks 50-80% off crocs pUMA' REFREOH SALE| Co JaraIngtantdiccount HSBC Ean4,105
amazon_india,3383199528525465_0,VEGa VEGA Alt Pursreul VEGA Style  I600w Yory VEGA,50
amazon_india,3638592642959565_0,,0
amazon_india,37170414175890486_0,BRAun Series 3 8 in Easy & Fast Styling: BaRlte,47
amazon_india,37709810145276403_0,Bezvoi PorLlbi Caluirijates Tro,31
amazon_india,3911444095829318_0,BACK CHALK BOARD FRONT WHITE BOARD,34
amazon_india,3944671842501719_0,,0
amazon_india,4460530814180014_0,,0
amazon_india,4562426090706577_0,Ducgl WARGAL INR 1000 CAlLouty Wellcis c :uccln) ANN  423124 STEAM Banished DEA- Ulu Download and play thousands of your favorite games MAC STEAMOS,147
amazon_india,4628320980716275_0,NO,2
amazon_india,4831606400399597_0,"DORLAND S WAX MEDIUM eeeaenndel eeiese and resin Io be mixed wilh oll paint, ~powdereuekoeud L D ""tonpalble line ar malerials. Excellent for encauslc paib Mnetan eat9 ctoleclive coaling lor painlings, Wood, plasll, meblc Knbue Tealin) Medlum . Resists cracking and dries more Ttthw",281
amazon_india,696790256833024_0,"amazon fresh Super Value DAYS | Every Fri-Sun Available at amazon.in Saveupto 45% off ""TBC Apply",96
amazon_india,712045441960275_0,"Dmatonin Bestsellers 40 - 70% off REFREOH SALE| Ua Casio Extra 10 o cashback""on prepaidorders Jo  Instent Dlecount"" iann HSBC",125
amazon_india,779093718485837_0,"Dmatonin Made to move REFRR9H SALE| Min: 50% off Bccbol I0rIngtantdiccount"" HSBC",80
amazon_india,804845415937387_0,"amazonin GETFITE Walking pad with incline DAS '33400 78,999* 1"" - 5""h January Sp4R032",85
amazon_india,815663921255359_0,Dmatonin Trendy shoes at best price REFREOH SALE| 50-80% off Crocs PUMA JaraIngtantdiccount HSBC,96
amazon_india,859557130211544_0,NGARO,5
amazon_india,869557799561531_0,five lements S |.F five lements Te shampoo grcen apple IOuX VECAN PARABEN FRE? conditioner ulcen apple aloe 1CO% VEGAN PARABEN FREE,131
amazon_india,880485241795425_0,,0
amazon_india,880618857941725_0,,0
amazon_india,888158257086031_0,Earthen Connect Uno WW Naiuteg Viusi Tivoniuh Tey ivna v LAKADONG TURMERIC,74
amazon_india,900452635702834_0,"amazonin Upto % Intense coffee, 250FF pure bliss Extraup to F200 cashback"" Hnacont 'MhW BRU BRU BRU GoLd GOLD",109
amazon_india,905834955882718_0,heman1sJustice FEREGADES  MAIFR MaA SHE WAnTS  {VENGEANCE,57
amazon_india,915816511546138_0,D,1
amazon_india,916151154842811_0,RODE RODE,9
amazon_india,923848480741628_0,Bezvoi PorLlbi Caluirijates Tro,31
amazon_india,947427211689230_0,"Rrnd 12, SUN [45 (RESTITHO",26
amazon_india,951031221325807_0,"DORLAND S WAX MEDIUM eeeaenndel eeiese and resin Io be mixed wilh oll paint, ~powdereuekoeud L D ""tonpalble line ar malerials. Excellent for encauslc paib Mnetan eat9 ctoleclive coaling lor painlings, Wood, plasll, meblc Knbue Tealin) Medlum . Resists cracking and dries more Ttthw",281
amazon_india,953597221038883_0,Deal,4
amazon_india,968207286264322_0,PRC SHOE CREAM,14
amazon_india,979576178382434_0,11 12 10 11 12 10,17
amazon_india,983151207879301_0,,0
amazon_india,987163980756056_0,,0
amazon_india,999032499394325_0,,0
amazon_india,999878735997642_0,NOVA,4
bewakoof,1005241105682883_0,BewakosF Slcb 3 # 1,19
bewakoof,1007679125502282_0,Bewakc ALL NEW Classic Fit T-Shirts Starting 499 K ^ 1R6 2$ MRkNG,65
bewakoof,1009821538542337_0,BewakooF,8
bewakoof,1012764488244102_0,Bewake cou Cluzie FitT Shirts BUY 3 FOR 71199 CREATE Good STORIES,65
bewakoof,1019175960925276_0,Bewake ecou Cic FttT Shits BUY 3 FOR <1199,42
bewakoof,1020462457479716_0,"Bewake com MAD IN india NOW LIVE Buy 3 For ?1,199 MOOD",54
bewakoof,1025187143655789_0,Bewakoof ED Ctessie FtT Shits BUY 3 FOR ?1199 MORE UPSETi,57
bewakoof,1025730763762778_0,Bewake Acon Everyday Essentials SOLID POLOS Crafted for Style,61
bewakoof,1028347386755710_0,Bewako BUY 2 at 1199 'TScibts @Lbdsizbd,39
bewakoof,1033904995930698_0,bewakoof EoD Classic Fib Tshirbs GOUDC? COWARDLY Doo thl BUY 3 FOR '1199,72
bewakoof,1035838682769993_0,Bewake imdte BUY 3 FOF 81199,28
bewakoof,1035914692531374_0,Bewake ecou Cic FttT Shits BUY 3 FOR <1199,42
bewakoof,1036141839276591_0,Bewakosf,8
bewakoof,1037906655641896_0,MAD_ IN ieia Bewakoof BUY 2 FOR 81199,37
bewakoof,1040289755487495_0,"Bewake Wala - W india PCKER FACE FLAT Extra 3200 OFF 50- 80%e On Orders Worth =1,999",84
bewakoof,1041796135388135_0,Bewakoof CLASSIC FIT TShirtS BUy 3 For {4799 whAever,52
bewakoof,1042712868715820_0,~Sigtalwre POLOS Crafted In Premium Fabric Bewakosf,51
bewakoof,1042962438482899_0,"Bewake Mad ilmada 5680r sas5Y Extra =200 OFF On Orders Worth ?1,999",67
bewakoof,1044447404630040_0,Bewak 10OO+ Fresh Prints J UNR Jala SiR DEiu Raha FHAIL The Ovehsized Edit Pick 2 T-Shirts For <1199,100
bewakoof,1046832194945568_0,Bewakocf eom DESIGNS OF THE WEEK BERRE; BLOD  CHAEC TARONES HODUSE TE DRAGDN Hdeee Ollic 4ez),93
bewakoof,1050961311249395_0,bewakodf com THE ELEVATED ESSENTIALS PoTOS UP TO 60% OFF,56
bewakoof,1051973150536713_0,Bewako OVERSIZED & GRAPHIC BUY ANY 2 T-SHIRTS AT<1199 Vi8es,59
bewakoof,1053424510393085_0,bewako con Wav DND j # Notdintunt BUY 3FOR 31199 CLASSIC FIT T-SHIRTS HUNCHARTED,80
bewakoof,1055040527013086_0,ewakosf Sh; PUFF PRINT WO4RE ghot,33
bewakoof,1056827590026234_0,bewakCCf GRESK AS Daisy PRICE DROP AlERT BuY ANY 3 AT 4499,58
bewakoof,1057250273560399_0,"Bewako com INDIA SALE SALE - MAD INI MAD IN INDIA = MAD` india NOW LIVE FLAT 508039 Save Even More Extra <200 OFF ON Orders Worth <1,999 IN INDIA MAD  JINDIA SALE __ MAD SALE",174
bewakoof,1059594643242626_0,Bewako OVERSIZED & GRAPHIC BUY ANY 2 T-SHIRTS AT<1199 Vi8es,59
bewakoof,1060360693087232_0,BewakeF,7
bewakoof,1060521459666588_0,Bewako OVERSIZED & GRAPHIC BUY ANY 2 T-SHIRTS AT<1199 Nmwid,59
bewakoof,1062262526198260_0,bewako con Wav DND j # Notdintunt BUY 3FOR 31199 CLASSIC FIT T-SHIRTS HUNCHARTED,80
bewakoof,1063774012687133_0,Bewake com MAD IN Tdia 50-80%e SAVE EVEN MORE EXTRA 2200 OFF on orders Of 21999,79
bewakoof,1064301113131048_0,Bewako OVERSIZED & GRAPHIC BUY ANY 2 T-SHIRTS AT<1199 Nmwid,59
bewakoof,1064906425984612_0,"Bewake MAD India 56801 Yes Wslo Cc Extra =200 OFF On Orders Worth 21,999",72
bewakoof,1067172356265897_0,Bewake com Roomy Pockets Baggy Fit Premium Fabric ANTI-BASIC JOGGERS,68
bewakoof,1067726069544501_0,Bewake EOn Roomy Pockets Baggy Fit Premium Fabric ANTI-BASIC JOGGERS,68
bewakoof,1068231639090866_0,"bewakoof con MAD tmta 50-803e 8ilitive WLD Extra 3200 OFF On Orders Worth 21,999",80
bewakoof,1068454072359839_0,Bewako The Oversized Edib 3 Pick 2 T-Shirts for <1199,53
bewakoof,1069052662167275_0,Bewake ttdiea BUY 3 FOR 81199,29
bewakoof,1073561798630352_0,Bewako OVERSIZED & GRAPHIC BUY ANY 2 T-SHIRTS AT<1199 Vi8es,59
bewakoof,1073675628575402_0,Bewaka Ocom N E W WINDCHEATERS DROP Heavy on Protection Quick Dry Rain Proof Light Weight,89
bewakoof,1093564873348384_0,Bewake ttdiea BUY 3 FOR 81199,29
bewakoof,1309480187697443_0,Bewakoof ED Ctessie FtT Shits BUY 3 FOR ?1199 MORE UPSETi,57
bewakoof,1311809327696336_0,Bewake com MAD IN teia 50-808e SAVE EVEN MURE eroraersz00.799 on orders of 21999,80
bewakoof,1319178980287833_0,Bewako THE ELEVATED ESSENTIALS POLOS UP TO 6O8 OFF,50
bewakoof,1337826441401328_0,BewakOOF,8
bewakoof,1339041077957478_0,Bewake ttdiea BUY 3 FOR 81199,29
bewakoof,1348228763957631_0,bewakodf ~Sigtalwre POLOS Crafted In Premium Fabric,51
bewakoof,1350395430596158_0,Bewak Lcom MAD IN idia 50-80%l Dt SAVE EVEN MORE EXTRA 2200 On orders of 9.995,78
bewakoof,1352693959775261_0,Bewakosf,8
bewakoof,1353087793616261_0,Bewak om) ~Sytalwre POLOS Crafted in Premium Fabric,51
bewakoof,1354333960178139_0,"Bewake Clztic FttFShirtz BUY 3 FOR *1199 {CREATIVE LAZY ""Mdde ON OFF Waiinida",77
bewakoof,1354501432998021_0,Bewako OVERSIZED & GRAPHIC BUY ANY 2 T-SHIRTS AT<1199 Nmwid,59
bewakoof,1358131945899078_0,Bewake Lcon Everyday Essentials SOLID POLOS Crafted for Style,61
bewakoof,1361265069450963_0,"Bewakd com idta peAce INNER nOW LIVE Buy 3 For <1,199",53
bewakoof,1373774128272671_0,Bewako Classic Fibg Tshirbs AvOiD BUY 3 FOR 1199,48
bewakoof,1374173980741186_0,Bewako The Oversized Edib 3 Pick 2 T-Shirts for <1199,53
bewakoof,1377169491173878_0,BewakOOf coM TimeLeSS PICKS CLASSIOT-SHIRTS Permanent Daytrearer STARTINGAT 499,79
bewakoof,1377224947687540_0,bewakodf com THE ELEVATED ESSENTIALS PoTOS UP TO 60% OFF,56
bewakoof,1380071360744946_0,Bewake EOn Roomy Pockets Baggy Fit Premium Fabric ANTI-BASIC JOGGERS,68
bewakoof,1390069693076601_0,"Bewakoof MAD AN Tela Now LIV E FLAT 508022 Dc Save Even More Extra<200 OFF ON ~Orders Worth ?1,999",98
bewakoof,1392352546205380_0,Bewake imdte BUY 3 FOF 81199,28
bewakoof,1409158444411955_0,bewak Eigtalwre POLOS Crafted In Premium Fabric,47
bewakoof,1425151879469943_0,Bewake LLLV w Oowrselk,22
bewakoof,1429203239047599_0,Bewakof Acom  DESIGNS OF THE WEEK 1 CAAEe MARONES HODUSE TPEE DRAGDN Hdmet Ollice 33 768),89
bewakoof,1430628832456230_0,Bewake I0OO+ Fresh Prints The Ovehsized Edit Pick 2 T-Shirts For ?1199 74c,74
bewakoof,1435460951824665_0,Bewakor OVERSIZED T-shirts BUY 2 FOR '199 DEAD poql MeroMni a Woun,66
bewakoof,1479952053967750_0,Bewako THE ELEVATED ESSENTIALS POLOS UP TO 6O8 OFF,50
bewakoof,1484237676841841_0,Bewak Acom CLASSIC FIT L TSHIRTS DO Not Disturb BUY 3 FOR 71199 DND,67
bewakoof,1485784633355013_0,Bewak 10OO+ Fresh Prints J UNR Jala SiR DEiu Raha FHAIL The Ovehsized Edit Pick 2 T-Shirts For <1199,100
bewakoof,1489169406588809_0,Bewake Acon Everyday Essentials SOLID POLOS Crafted for Style,61
bewakoof,1515838533141272_0,Bewak om) ~Sytalwre POLOS Crafted in Premium Fabric,51
bewakoof,1523364472405112_0,"Bewakd com idta peAce INNER nOW LIVE Buy 3 For <1,199",53
bewakoof,1528440812363099_0,Bewake EOn Roomy Pockets Baggy Fit Premium Fabric ANTI-BASIC JOGGERS,68
bewakoof,1529083745124118_0,MAD_ IN ieia Bewakoof BUY 2 FOR 81199,37
bewakoof,1535460564736023_0,Bewako Classic Fib Tshirbs 'CouraCE cowardly Doo Tht BOV 3 FOR 1199,67
bewakoof,1535696464182346_0,Bewakof,7
bewakoof,1536541704815157_0,Bewake LcoM CLASSIC FIT T-SHIRTS Love VIBE: GARIEN Buy 3 for *1199 (ady CnCR,76
bewakoof,1541366093648314_0,Bewaka acom AlI Season Gear Rain Proof Quick Dry 1 € 0 M | € Light Weight NE Wa WINDCHEATERS DROP,97
bewakoof,1556816449471495_0,Bewake Ecom Just Dropped STRAIGHT-FIT TRACK PANTS,49
bewakoof,1557708935902217_0,~Sinalwre_ POLOS Crafted In Premium Fabric Bewakoof,51
bewakoof,1568308201359943_0,"bewak Plus 5ize Plus Size Tees Starts AT 699 M 3XL, 4XL; 6XL? Thab Perfect Fib Exisbs",85
bewakoof,1568536024949709_0,Bewake WORKOUT JOGGERS TRACK PANTS,34
bewakoof,1571202637936809_0,Bewakocf ~Sutulwe POLOS Craftedin Premlum Fabr- Starts @t '799,62
bewakoof,1572174880974776_0,Bewako Oversized T Shirbs BUY 2 FOR 71199 BATMAN,48
bewakoof,1572897014348349_0,Bewak Leor JOGGERS Start at R1099 899,37
bewakoof,1574018517510231_0,"Bewake MAD India 56801 Yes Wslo Cc Extra =200 OFF On Orders Worth 21,999",72
bewakoof,1583676166628933_0,New Drop WINDCHEATERS Style That Blocks the Wind Quick Dry Light Weight DIC Rain Proof Bewake,93
bewakoof,1587148846355547_0,Bewake ttdiea BUY 3 FOR 81199,29
bewakoof,1588325989573684_0,Bewako coM 0 L PMT €R / IhE BLACK BUY 2 FOR; 831199 'FOREYER We ARe,67
bewakoof,1591206522626376_0,BewakosF,8
bewakoof,1592721342211162_0,Bewake to JOGGERS a 5899 71039 Sbart,36
bewakoof,1599067555082857_0,~Sigtalwre POLOS Crafted In Premium Fabric Bewakosf,51
bewakoof,1599619645103069_0,"Bewako com imdia Now LIVE FLAT 50803 OFF Save Even More Extra <200 OFF ON Orders Worth <1,999",93
bewakoof,1612430527121754_0,MAD IN idia BewakooF NEvER  BUY 2 FOR 81199,43
bewakoof,1620878116333857_0,Bewako The Oversized Edib 3 Pick 2 T-Shirts for <1199,53
bewakoof,1632477375118529_0,Bewako Mada Ipeta JOGGERS Starting At 2899,42
bewakoof,1635499214963092_0,BetNa 80g,9
bewakoof,1642570923961311_0,Bewakoof onl MAd  tlala JOGGERS Starting At ?899,48
bewakoof,1644161737133833_0,"Bewako Classic Fib b-shirbs Buy "" 3 for *1199 CUTE BUT Crazy AvOID neever KisronselLWES",87
bewakoof,1651196283191528_0,"MAD"" UN iDaie ShiRUS Starting A99",33
bewakoof,1663325042460493_0,Bewakoe NO FINISH LINE,22
bewakoof,1665799734515934_0,"Bewako com imdia Now LIVE FLAT 50803 OFF Save Even More Extra <200 OFF ON Orders Worth <1,999",93
bewakoof,1675921896800538_0,Bewako BUY 2 FOR '1199 Oversized T-shirts view,46
bewakoof,1676490510114505_0,Bewako coM 0 L PMT €R / IhE BLACK BUY 2 FOR; 831199 'FOREYER We ARe,67
bewakoof,1683965112699229_0,Bewako IOOO+ Fresh Prints BATMAN The Ovehsized Edit Pick 2 T-Shirts For <1199,77
bewakoof,1688620162233971_0,Bewake imdte BUY 3 FOF 81199,28
bewakoof,1693863678569193_0,bewako coM Start at Joggers |2999 ELASTI( Fle ible WAISTBAND EASY Movexent,74
bewakoof,1704590070656397_0,"Bewako Teob Mhd daia TokYO 98 FLAT 50-80%e Exlra <200 OFF On Orders Worth ?1,999",80
bewakoof,1710886253503190_0,Bewako Oversized T Shirbs BUY 2 FOR 71199 BATMAN,48
bewakoof,1715194016367134_0,Bewako MAD india START AT <899 JOGGERS,38
bewakoof,1726519825289589_0,Bewake Lcon Everyday Essentials SOLID POLOS Crafted for Style,61
bewakoof,1728899395301635_0,Bewak LcoM Sitalwre POLOS Crafted In Premium Fabric,51
bewakoof,1732837674620716_0,Bewakoof,8
bewakoof,1744944183371128_0,Bewako com OVERSIZED T-SHIRTS 5 Sbarbs Ab 7599 FUR RLAL COUL,60
bewakoof,1746181510133705_0,"bewak Plus 5ize Plus Size Tees Starts AT 699 M 3XL, 4XL; 6XL? Thab Perfect Fib Exisbs",85
bewakoof,1747621463232803_0,"Bewako Classic Fib b-shirbs Buy "" 3 for *1199 CUTE BUT Crazy AvOID neever KisronselLWES",87
bewakoof,1755403319210380_0,Bewako Classic Fibg Tshirbs AvOiD BUY 3 FOR 1199,48
bewakoof,1757208999036000_0,"Bewake com MAD IN india NOW LIVE Buy 3 For ?1,199 MOOD",54
bewakoof,1783103222818539_0,Bewake I0OO+ Fresh Prints The Ovehsized Edit Pick 2 T-Shirts For ?1199 74c,74
bewakoof,1783346009322043_0,"Bewako ALL NEW Tmtnot lazy ""elective ParTciPton CLASSIC FIT T-SHIRTS STARTING *499",82
bewakoof,1784663962710526_0,MAD  U iDdia SHIRTS Starting At 2799,36
bewakoof,1790070145763139_0,Bewako Classic Fib 6-shirbs Buy 3 for *1199,43
bewakoof,1796931991460741_0,Bewakoof CLASSIC FIT TShirtS BUy 3 For {4799 whAever,52
bewakoof,1869473204017169_0,Bewako Oversized T Shirbs BUY 2 FOR 71199 BATMAN,48
bewakoof,1886476036100413_0,bewakodf THE ELEVATED ESSENTIALS POLOS UP TO 60% OFF,52
bewakoof,1899562651003753_0,Bewako LcoM OVERSIZED T-ShiRTS BUY 2 AT '1199 MOST- WANTED DEAD- 4122 pMl,73
bewakoof,1900189690955612_0,bewakodf HOT RIght now DENIM VERSE Fit FoR EVERY YoU,52
bewakoof,1916715968989229_0,bewakodf HOT RIght now DENIM VERSE Fit FoR EVERY YoU,52
bewakoof,1955393698495070_0,"Bewako Teob Mhd daia TokYO 98 FLAT 50-80%e Exlra <200 OFF On Orders Worth ?1,999",80
bewakoof,1961546561363168_0,bewakodf Everyday Essentials Solid Polos Starts at '799,55
bewakoof,1978472109498653_0,"Bewake com MAD IN india NOW LIVE Buy 3 For ?1,199 MOOD",54
bewakoof,1984932939117387_0,Bewake com MAD _ IN ie1a 50 8032 OFF EXTRA 2200 OFF On Orders Of 21999 Tmt,74
bewakoof,2019042245467177_0,Bewak 10OO+ Fresh Prints J UNR Jala SiR DEiu Raha FHAIL The Ovehsized Edit Pick 2 T-Shirts For <1199,100
bewakoof,2019238928770788_0,"Bewake Clztic FttFShirtz BUY 3 FOR *1199 {CREATIVE LAZY ""Mdde ON OFF Waiinida",77
bewakoof,2019564028671113_0,BewakodF,8
bewakoof,2021063268773272_0,Bewako IOOO+ Fresh Prints BATMAN The Ovehsized Edit Pick 2 T-Shirts For <1199,77
bewakoof,2032019394087740_0,"Bewakd com idta peAce INNER nOW LIVE Buy 3 For <1,199",53
bewakoof,2037997650140981_0,Bewako coM RELA*ED FiT Start at Joggers |2999 soFT FABriC,57
bewakoof,2040697063227627_0,Bewak LcoM Sitalwre POLOS Crafted In Premium Fabric,51
bewakoof,2054369775170860_0,Bewako coM 0 L PMT €R / IhE BLACK BUY 2 FOR; 831199 'FOREYER We ARe,67
bewakoof,2066700387278638_0,BewakooF Position: Sbore Manager Locabion: Sikar Experience: 4 6O 10 years RebailSbore operabions) Communicabion Skills Basic English; Hindi Regional Language preferred WE SEND YOUR CV ARE rebailhr@bewakoofcom HIRUMG,216
bewakoof,2107251273204407_0,bewakodf THE ELEVATED ESSENTIALS POLOS UP TO 60% OFF,52
bewakoof,2110953703130205_0,"Bewakoof Clssio FtT Shuts BUY 3 FOR <1199 We""",45
bewakoof,2123429188237914_0,bewakocf Classic Fib b-shirbs Buy 3 for*1199 whAever,52
bewakoof,2123636791910580_0,Bewak OLASSIC FIT  .3a . 8 + {k BUY 3 FOR 1199 Exbra 10% Off on Prepaid Orders Use Code: EXTRAIO,96
bewakoof,2129706774557539_0,MAD IN idia BewakooF NEvER  BUY 2 FOR 81199,43
bewakoof,2136049187288007_0,Bewake cou Cluzie FitT Shirts BUY 3 FOR 71199 CREATE Good STORIES,65
bewakoof,2147001666156982_0,PLAY DAY,8
bewakoof,2157187538249486_0,Bewako OVERSIZED & GRAPHIC BUY ANY 2 T-SHIRTS AT<1199 Vi8es,59
bewakoof,2178213319408459_0,bewakoof EoD Classic Fib Tshirbs GOUDC? COWARDLY Doo thl BUY 3 FOR '1199,72
bewakoof,2218680978923214_0,Bewek ALL NEW Fleltne Piakhnat CLASSIC FIT T-SHIRTS STARTING '499 iazy,70
bewakoof,2219512305507262_0,"bewakoof con MAD tmta 50-803e 8ilitive WLD Extra 3200 OFF On Orders Worth 21,999",80
bewakoof,2223343691780101_0,BeweDOOF,8
bewakoof,2247643842629993_0,Bewako Lcom OVERSIZED T-SHIRTS Sbarbs Ab 7599 Beannus AMins,59
bewakoof,2257603768402847_0,Bewakc ALL NEW Classic Fit T-Shirts Starting 499 K ^ 1R6 2$ MRkNG,65
bewakoof,2283550475745514_0,bewak Eigtalwre POLOS Crafted In Premium Fabric,47
bewakoof,2423565261471776_0,Bewak 10OO+ Fresh Prints J UNR Jala SiR DEiu Raha FHAIL The Ovehsized Edit Pick 2 T-Shirts For <1199,100
bewakoof,2457158078111319_0,~Sinalwre_ POLOS Crafted In Premium Fabric Bewakoof,51
bewakoof,2501992086968291_0,"Bewakoof MAD AN Tela Now LIV E FLAT 508022 Dc Save Even More Extra<200 OFF ON ~Orders Worth ?1,999",98
bewakoof,2519551488568301_0,Bewak EcoM Just Droppld STRAIGHT-FIT TRACK PANTS,48
bewakoof,2523270934782763_0,"@ewako PLUS SIZE T-SHIRTS arts at ?699 JXL, 4XL, GXL? That Perlect Fut Exists Krintrini",87
bewakoof,2544125332719550_0,Bewako IOOO+ Fresh Prints BATMAN The Ovehsized Edit Pick 2 T-Shirts For <1199,77
bewakoof,2544810942637946_0,Iln,3
bewakoof,2558679414579498_0,Bewakoof,8
bewakoof,2582052618926334_0,Bewako Lcom Gaon Sbarbs Ab 7599 OVERSIZED T-SHIRTS SASSY,56
bewakoof,2595935300862016_0,"Bewake Mad ilmada 5680r sas5Y Extra =200 OFF On Orders Worth ?1,999",67
bewakoof,26865009143175139_0,Bewak Leor JOGGERS Start at R1099 899,37
bewakoof,26879757205032013_0,Bewak Leor JOGGERS Start at R1099 899,37
bewakoof,26899326716406776_0,bewako coM Start at Joggers |*999 EASY MVEMENT: PREATHARLE FARRIC,65
bewakoof,27590895330606136_0,Bewake I0OO+ Fresh Prints The Ovehsized Edit Pick 2 T-Shirts For ?1199 74c,74
bewakoof,27692157153740703_0,Bewakoof IRERocRuMSea,21
bewakoof,27791488197181014_0,Bewako coM 0 L PMT €R / IhE BLACK BUY 2 FOR; 831199 'FOREYER We ARe,67
bewakoof,27828668546818247_0,Bewake I0OO+ Fresh Prints The Ovehsized Edit Pick 2 T-Shirts For ?1199 74c,74
bewakoof,2787527468298544_0,Bewako OVERSIZED & GRAPHIC BUY ANY 2 T-SHIRTS AT<1199 Nmwid,59
bewakoof,27890043010625201_0,Bewako Classic Fib Tshirbs 'CouraCE cowardly Doo Tht BOV 3 FOR 1199,67
bewakoof,28215477224716893_0,Bewako BUY 2 FOR '1199 Oversized T-shirts_ THE blaCK PMut ER Mmeeeneen,70
bewakoof,2903445996654580_0,bewakocf Classic Fib b-shirbs Buy 3 for*1199 whAever,52
bewakoof,3006656369702731_0,BewakOOF,8
bewakoof,3388817584634773_0,Bewak ~com MAD IN india 50802 SAVE EVEN MORE exorder eiorders200.199,68
bewakoof,3568206666672166_0,Bewake Eom Classic Fit b-shirbs Buy 3 for *1199,47
bewakoof,3984797418483364_0,Bewako LcoM OVERSIZED T-ShiRTS BUY 2 AT '1199 MOST- WANTED DEAD- 4122 pMl,73
bewakoof,4104411489848823_0,Bewako Mada Ipeta JOGGERS Starting At 2899,42
bewakoof,4378236339137013_0,Bewako IOOO+ Fresh Prints BATMAN The Ovehsized Edit Pick 2 T-Shirts For <1199,77
bewakoof,4387540771391930_0,"Bewakc com TimeLeSS PICKS GASSIOT-SHRTS @ooiar DINNER CLUB 24/7 Z3"" STARTINGAT 499",82
bewakoof,4448918555384553_0,Bewake START AT <899 JOGGERS MMAd  iia,38
bewakoof,4458221641172211_0,BeweDOOF,8
bewakoof,4506132776373870_0,Bewakoof coM JusT Dropped STRAIGHT-FIT TRACK PANTS,50
bewakoof,4610132915911000_0,Bewako Oversized T Shirbs BUY 2 FOR 71199 BATMAN,48
bewakoof,4615515618684025_0,Bewal com MAD IN india 50-8080 Off SAVE EVEN MORE EXTRA 2200 OFF on orders of 21999,83
bewakoof,4628710414121304_0,Bewa Bali,9
bewakoof,824331180670345_0,Bewako com Everyday Essentials Solid Polos,42
bewakoof,828971733514769_0,Bewake Eom Classic Fit b-shirbs Buy 3 for *1199,47
bewakoof,848769488189649_0,Bewako The Oversized Edib 3 Pick 2 T-Shirts for <1199,53
bewakoof,860834156965045_0,"Bewako MAD aa Kothna FLAT Extra =200 OFF 50-80%2 On Orders Worth ?1,999",71
bewakoof,873625045606187_0,"Bewake Wala - W india PCKER FACE FLAT Extra 3200 OFF 50- 80%e On Orders Worth =1,999",84
bewakoof,881513461420856_0,Bewako com Everyday Essentials Solid Polos,42
bewakoof,931130586053438_0,beweke ALL NEW Classic Fit T-Shirts Starting 499 ~t  GN 326,59
bewakoof,938864915280691_0,"Bewakc com TimeLeSS PICKS GASSIOT-SHRTS @ooiar DINNER CLUB 24/7 Z3"" STARTINGAT 499",82
bewakoof,973450159102218_0,Bewake com 6y OVERSIZED T-SHIRTS Sbarbs Ab <599 ExTra BATcirL,61
bewakoof,980037121740412_0,BewakOOf coM TimeLeSS PICKS CLASSIOT-SHIRTS Permanent Daytrearer STARTINGAT 499,79
bewakoof,988223890930983_0,"Bewako MAD aa Kothna FLAT Extra =200 OFF 50-80%2 On Orders Worth ?1,999",71
bigbasket,1001303219242146_0,"bigbasket ATATA Enicrpn o WE' RE HIRING! Earn up to r50,000/ Join India's Largest Online Supermarket Be ab riderl 080-4521 9999",127
bigbasket,1009402501552069_0,"bigbasket TATA enicrpm{( WE'RE HIRING! Want job security, benefits & bonus? Get a career on wheels Be a b rider! 080-4521 9999",126
bigbasket,1016065737418488_0,"bigbasket TATA enicrpm{( WE'RE HIRING! Want job security, benefits & bonus? Get a career on wheels Be a b rider! 080-4521 9999",126
bigbasket,1028196286833126_0,bigbasket TATA enicrpm{( WE' RE HIRING! Want to work & study? Get a job with education benefits Be alblrider! 080-45219999,122
bigbasket,1062798872981953_0,bigbasket TATA enicrpm{( WE' RE HIRING! Want to work & study? Get a job with education benefits Be alblrider! 080-45219999,122
bigbasket,1161720862747920_0,"bigbasket TATA enicrpm{( WE'RE HIRING! Want job security, benefits & bonus? Get a career on wheels Be a b rider! 080-4521 9999",126
bigbasket,1203724061971525_0,"bigbasket TATA enicrpm{( WE'RE HIRING! Want job security, benefits & bonus? Get a career on wheels Be a b rider! 080-4521 9999",126
bigbasket,1257291792428062_0,bigbasket ATATA Enicrpn o WE'RE HIRING! Get a job with insurance benefits Secure your family's futurel Be a/b rider! 080-4521 9999,130
bigbasket,1281520167448309_0,bigbasket TATA enicrpm{( WE' RE HIRING! Want Pay + Bonus? Get a job with additional incentives Be alb rider! 080-45219999,121
bigbasket,1293413436035557_0,"bigbasket ATATA Enicrpn o WE' RE HIRING! Earn up to r50,000/ Join India's Largest Online Supermarket Be ab riderl 080-4521 9999",127
bigbasket,1315633887382017_0,bigbasket ATATA Enicrpn o WE'RE HIRING! Get a job with insurance benefits Secure your family's futurel Be a/b rider! 080-4521 9999,130
bigbasket,1325737395849113_0,"bigbasket TATA enicrpm{( WE'RE HIRING! Want job security, benefits & bonus? Get a career on wheels Be a b rider! 080-4521 9999",126
bigbasket,1333765875256211_0,bigbasket TATA enicrpm{( WE' RE HIRING! Want to work & study? Get a job with education benefits Be alblrider! 080-45219999,122
bigbasket,1335526908391469_0,"bigbasket TATA enicrpm{( WE'RE HIRING! Want job security, benefits & bonus? Get a career on wheels Be a b rider! 080-4521 9999",126
bigbasket,1342098991123716_0,bigbasket ATATA Enicrpn o WE'RE HIRING! Get a job with insurance benefits Secure your family's futurel Be a/b rider! 080-4521 9999,130
bigbasket,1347115014104351_0,"bigbasket ATATA Enicrpn o WE' RE HIRING! Earn up to r50,000/ Join India's Largest Online Supermarket Be ab riderl 080-4521 9999",127
bigbasket,1349843543571132_0,"bigbasket TATA enicrpm{( WE'RE HIRING! Want job security, benefits & bonus? Get a career on wheels Be a b rider! 080-4521 9999",126
bigbasket,1377665914217569_0,"bigbasket TATA enicrpm{( WE'RE HIRING! Want job security, benefits & bonus? Get a career on wheels Be a b rider! 080-4521 9999",126
bigbasket,1389350879780897_0,bigbasket ATATA Enicrpn o WE'RE HIRING! Get a job with insurance benefits Secure your family's futurel Be a/b rider! 080-4521 9999,130
bigbasket,1402649188420419_0,Tropicana BELIGGG Faine ALLd Eererage Getefma,45
bigbasket,1403081615009113_0,bigbasket ATATA Enicrpn o WE'RE HIRING! Get a job with insurance benefits Secure your family's futurel Be a/b rider! 080-4521 9999,130
bigbasket,1415235293155862_0,bigbasket TATA enicrpm{( WE' RE HIRING! Want to work & study? Get a job with education benefits Be alblrider! 080-45219999,122
bigbasket,1439411077990299_0,bigbasket ATATA Enicrpn o WE'RE HIRING! Get a job with insurance benefits Secure your family's futurel Be a/b rider! 080-4521 9999,130
bigbasket,1459257172362298_0,bigbasket ATATA Enicrpn o WE'RE HIRING! Get a job with insurance benefits Secure your family's futurel Be a/b rider! 080-4521 9999,130
bigbasket,1479050396527397_0,bigbasket TATA enicrpm{( WE' RE HIRING! Want Pay + Bonus? Get a job with additional incentives Be alb rider! 080-45219999,121
bigbasket,1483753633245068_0,bigbasket TATA enicrpm{( WE' RE HIRING! Want to work & study? Get a job with education benefits Be alblrider! 080-45219999,122
bigbasket,1483846746381198_0,MAXI @cee 2 ~ g 6 3 Pc,22
bigbasket,1486455136273749_0,bigbasket TATA enicrpm{( WE' RE HIRING! Want Pay + Bonus? Get a job with additional incentives Be alb rider! 080-45219999,121
bigbasket,1486602626346601_0,"bigbasket TATA enicrpm{( WE'RE HIRING! Want job security, benefits & bonus? Get a career on wheels Be a b rider! 080-4521 9999",126
bigbasket,1488466142784767_0,"bigbasket ATATA Enicrpn o WE' RE HIRING! Earn up to r50,000/ Join India's Largest Online Supermarket Be ab riderl 080-4521 9999",127
bigbasket,1490421632586031_0,"bigbasket TATA enicrpm{( WE'RE HIRING! Want job security, benefits & bonus? Get a career on wheels Be a b rider! 080-4521 9999",126
bigbasket,1493408078331913_0,"bigbasket TATA enicrpm{( WE'RE HIRING! Want job security, benefits & bonus? Get a career on wheels Be a b rider! 080-4521 9999",126
bigbasket,1494353752135183_0,"bigbasket ATATA Enicrpn o WE' RE HIRING! Earn up to r50,000/ Join India's Largest Online Supermarket Be ab riderl 080-4521 9999",127
bigbasket,1494785401506956_0,bigbasket TATA enicrpm{( WE' RE HIRING! Want Pay + Bonus? Get a job with additional incentives Be alb rider! 080-45219999,121
bigbasket,1498985828524107_0,bigbasket TATA enicrpm{( WE' RE HIRING! Want Pay + Bonus? Get a job with additional incentives Be alb rider! 080-45219999,121
bigbasket,1500773908268968_0,"bigbasket ATATA Enicrpn o WE' RE HIRING! Earn up to r50,000/ Join India's Largest Online Supermarket Be ab riderl 080-4521 9999",127
bigbasket,1503116257967853_0,bigbasket TATA enicrpm{( WE' RE HIRING! Want Pay + Bonus? Get a job with additional incentives Be alb rider! 080-45219999,121
bigbasket,1505019741338161_0,bigbasket ATATA Enicrpn o WE'RE HIRING! Get a job with insurance benefits Secure your family's futurel Be a/b rider! 080-4521 9999,130
bigbasket,1517637832841457_0,%2358 PACKOF4 BATHING E BARS Pears naturale aloe vera delrvtying bathing bar,76
bigbasket,1518121859760419_0,bigbasket ATATA Enicrpn o WE'RE HIRING! Get a job with insurance benefits Secure your family's futurel Be a/b rider! 080-4521 9999,130
bigbasket,1523174455400713_0,"bigbasket TATA enicrpm{( WE'RE HIRING! Want job security, benefits & bonus? Get a career on wheels Be a b rider! 080-4521 9999",126
bigbasket,1531134515293435_0,bigbasket TATA enicrpm{( WE' RE HIRING! Want Pay + Bonus? Get a job with additional incentives Be alb rider! 080-45219999,121
bigbasket,1536917121604915_0,bigbasket TATA enicrpm{( WE' RE HIRING! Want to work & study? Get a job with education benefits Be alblrider! 080-45219999,122
bigbasket,1556382525906314_0,"bigbasket ATATA Enicrpn o WE' RE HIRING! Earn up to r50,000/ Join India's Largest Online Supermarket Be ab riderl 080-4521 9999",127
bigbasket,1567628761632192_0,bigbasket TATA enicrpm{( WE' RE HIRING! Want to work & study? Get a job with education benefits Be alblrider! 080-45219999,122
bigbasket,1571419357697063_0,NEW Rin 1,9
bigbasket,1583664599955398_0,% 8,3
bigbasket,1587821176678661_0,bigbasket TATA enicrpm{( WE' RE HIRING! Want Pay + Bonus? Get a job with additional incentives Be alb rider! 080-45219999,121
bigbasket,1598985815200062_0,"Jbigbasket Emn enterprixl Get Fresh FAruits & Veggles under?5 delivered now* 4 stnnute lks 3 20 estimated limolinds, Soo I6Cs",125
bigbasket,1601978107562551_0,bigbasket TATA enicrpm{( WE' RE HIRING! Want Pay + Bonus? Get a job with additional incentives Be alb rider! 080-45219999,121
bigbasket,1607543643799093_0,"bigbasket ATATA Enicrpn o WE' RE HIRING! Earn up to r50,000/ Join India's Largest Online Supermarket Be ab riderl 080-4521 9999",127
bigbasket,1617120556810981_0,DJbigbasket nenora Everything youneed; deliverednow: AI0el0 Geb Fresh Milk Fruits and ab ?10 eachlt Veggies 7 Mmk 'Estimotcy ameclncs S0oTEC; JRESH PRODUcT,155
bigbasket,1619037809183222_0,bigbasket TATA enicrpm{( WE' RE HIRING! Want Pay + Bonus? Get a job with additional incentives Be alb rider! 080-45219999,121
bigbasket,1628806725067617_0,"bigbasket ATATA Enicrpn o WE' RE HIRING! Earn up to r50,000/ Join India's Largest Online Supermarket Be ab riderl 080-4521 9999",127
bigbasket,1635538405241575_0,bigbasket TATA enicrpm{( WE' RE HIRING! Want to work & study? Get a job with education benefits Be alblrider! 080-45219999,122
bigbasket,1652524002745595_0,bigbasket TATA enicrpm{( WE' RE HIRING! Want to work & study? Get a job with education benefits Be alblrider! 080-45219999,122
bigbasket,1655615449027819_0,bigbasket ATATA Enicrpn o WE'RE HIRING! Get a job with insurance benefits Secure your family's futurel Be a/b rider! 080-4521 9999,130
bigbasket,1663194028254302_0,bigbasket TATA enicrpm{( WE' RE HIRING! Want to work & study? Get a job with education benefits Be alblrider! 080-45219999,122
bigbasket,1665924654692152_0,bigbasket TATA enicrpm{( WE' RE HIRING! Want to work & study? Get a job with education benefits Be alblrider! 080-45219999,122
bigbasket,1672254607531244_0,bigbasket ATATA Enicrpn o WE'RE HIRING! Get a job with insurance benefits Secure your family's futurel Be a/b rider! 080-4521 9999,130
bigbasket,1695926918296966_0,"bigbasket ATATA Enicrpn o WE' RE HIRING! Earn up to r50,000/ Join India's Largest Online Supermarket Be ab riderl 080-4521 9999",127
bigbasket,1696295671501386_0,"bigbasket TATA enicrpm{( WE'RE HIRING! Want job security, benefits & bonus? Get a career on wheels Be a b rider! 080-4521 9999",126
bigbasket,1714651482877251_0,bigbasket ATATA Enicrpn o WE'RE HIRING! Get a job with insurance benefits Secure your family's futurel Be a/b rider! 080-4521 9999,130
bigbasket,1734326807720229_0,"bigbasket ATATA Enicrpn o WE' RE HIRING! Earn up to r50,000/ Join India's Largest Online Supermarket Be ab riderl 080-4521 9999",127
bigbasket,1735271451155115_0,bigbasket ATATA Enicrpn o WE'RE HIRING! Get a job with insurance benefits Secure your family's futurel Be a/b rider! 080-4521 9999,130
bigbasket,1744791660300344_0,"Jbigbasket TatA Enterrtc Everything you need, deliverednow: Get Fresh Fruits and Vegetables starting at ?9* ""Estimated timelines; See TSCs",138
bigbasket,1749529499346995_0,bigbasket ATATA Enicrpn o WE'RE HIRING! Get a job with insurance benefits Secure your family's futurel Be a/b rider! 080-4521 9999,130
bigbasket,1753092032483912_0,"lbigbasket TaTA Entcrpfitc Everything youneed, deliverednow: Buy 1 get 1 FREE on Fresh Fruits and Veggies? ""Estimated timelines; See TSCs",137
bigbasket,1764262244892297_0,"bigbasket ATATA Enicrpn o WE' RE HIRING! Earn up to r50,000/ Join India's Largest Online Supermarket Be ab riderl 080-4521 9999",127
bigbasket,1768070981194779_0,BJbigbasket Enicmarc Everything youneed; deliverednow: DAILY FRESHDEALS Buy 1kg Potato and get 1kg FREE #eetmeobet tmenn SdIECs,127
bigbasket,1770710440595185_0,DJbigbasket nenora Everything youneed; deliverednow: AI0el0 Geb Fresh Milk Fruits and ab ?10 eachlt Veggies 7 Mmk 'Estimotcy ameclncs S0oTEC; JRESH PRODUcT,155
bigbasket,1786549862790108_0,"bigbasket ATATA Enicrpn o WE' RE HIRING! Earn up to r50,000/ Join India's Largest Online Supermarket Be ab riderl 080-4521 9999",127
bigbasket,1887479652471186_0,"bigbasket TATA enicrpm{( WE'RE HIRING! Want job security, benefits & bonus? Get a career on wheels Be a b rider! 080-4521 9999",126
bigbasket,1918069882235914_0,"bigbasket TATA enicrpm{( WE'RE HIRING! Want job security, benefits & bonus? Get a career on wheels Be a b rider! 080-4521 9999",126
bigbasket,1919269098739564_0,bigbasket TATA enicrpm{( WE' RE HIRING! Want Pay + Bonus? Get a job with additional incentives Be alb rider! 080-45219999,121
bigbasket,1961416054459681_0,"bigbasket ATATA Enicrpn o WE' RE HIRING! Earn up to r50,000/ Join India's Largest Online Supermarket Be ab riderl 080-4521 9999",127
bigbasket,1978018489475079_0,bigbasket ATATA Enicrpn o WE'RE HIRING! Get a job with insurance benefits Secure your family's futurel Be a/b rider! 080-4521 9999,130
bigbasket,1984869755457349_0,bigbasket TATA enicrpm{( WE' RE HIRING! Want Pay + Bonus? Get a job with additional incentives Be alb rider! 080-45219999,121
bigbasket,1994343814510609_0,bigbasket ATATA Enicrpn o WE'RE HIRING! Get a job with insurance benefits Secure your family's futurel Be a/b rider! 080-4521 9999,130
bigbasket,2020444428866871_0,bigbasket TATA enicrpm{( WE' RE HIRING! Want to work & study? Get a job with education benefits Be alblrider! 080-45219999,122
bigbasket,2026318617963158_0,bigbasket TATA enicrpm{( WE' RE HIRING! Want Pay + Bonus? Get a job with additional incentives Be alb rider! 080-45219999,121
bigbasket,2028122287738155_0,"bigbasket TATA enicrpm{( WE'RE HIRING! Want job security, benefits & bonus? Get a career on wheels Be a b rider! 080-4521 9999",126
bigbasket,2037148370202496_0,bigbasket TATA enicrpm{( WE' RE HIRING! Want Pay + Bonus? Get a job with additional incentives Be alb rider! 080-45219999,121
bigbasket,2072849969982780_0,,0
bigbasket,2113779839352075_0,"bigbasket ATATA Enicrpn o WE' RE HIRING! Earn up to r50,000/ Join India's Largest Online Supermarket Be ab riderl 080-4521 9999",127
bigbasket,2178195709740598_0,"BJbigbasket Kaniemlra Everything youneed, deliverednow: Fresh [ Fruits and Get Vegetables at ?10* Eehcedieter S0OTEC5",117
bigbasket,2184149775677710_0,bigbasket TATA enicrpm{( WE' RE HIRING! Want Pay + Bonus? Get a job with additional incentives Be alb rider! 080-45219999,121
bigbasket,2207658363370599_0,"84 bigbasket A TATA Enterprise 7a4*r38 TTaTTR1 8 ffald& 4T&R & ark &f8 w Hfe-T ? 50,000/- T3 341G 77U #3864 ~r 3aRda 4144 T HRcha JIR 710 firuarh 29 Iv & -d, 714 Mr Tirai 314dh 3r 31rd uRrar #Fq3y fiatt JIF ckitt Gnt ris3r *7! 080-4521 9999 4r dat &",249
bigbasket,2222979981802134_0,bigbasket ATATA Enicrpn o WE'RE HIRING! Get a job with insurance benefits Secure your family's futurel Be a/b rider! 080-4521 9999,130
bigbasket,2377758436379926_0,bigbasket TATA enicrpm{( WE' RE HIRING! Want to work & study? Get a job with education benefits Be alblrider! 080-45219999,122
bigbasket,2380610259075281_0,bigbasket TATA enicrpm{( WE' RE HIRING! Want Pay + Bonus? Get a job with additional incentives Be alb rider! 080-45219999,121
bigbasket,2391278821383467_0,bigbasket TATA enicrpm{( WE' RE HIRING! Want to work & study? Get a job with education benefits Be alblrider! 080-45219999,122
bigbasket,2392011551307340_0,bigbasket ATATA Enicrpn o WE'RE HIRING! Get a job with insurance benefits Secure your family's futurel Be a/b rider! 080-4521 9999,130
bigbasket,2505396439928180_0,bigbasket TATA enicrpm{( WE' RE HIRING! Want Pay + Bonus? Get a job with additional incentives Be alb rider! 080-45219999,121
bigbasket,25692263937120209_0,bigbasket TATA enicrpm{( WE' RE HIRING! Want Pay + Bonus? Get a job with additional incentives Be alb rider! 080-45219999,121
bigbasket,26151464351201358_0,bigbasket ATATA Enicrpn o WE'RE HIRING! Get a job with insurance benefits Secure your family's futurel Be a/b rider! 080-4521 9999,130
bigbasket,26462910046729630_0,bigbasket ATATA Enicrpn o WE'RE HIRING! Get a job with insurance benefits Secure your family's futurel Be a/b rider! 080-4521 9999,130
bigbasket,26485384741091742_0,"bigbasket TATA enicrpm{( WE'RE HIRING! Want job security, benefits & bonus? Get a career on wheels Be a b rider! 080-4521 9999",126
bigbasket,26573395542360825_0,"bigbasket ATATA Enicrpn o WE' RE HIRING! Earn up to r50,000/ Join India's Largest Online Supermarket Be ab riderl 080-4521 9999",127
bigbasket,26668102166151308_0,bigbasket ATATA Enicrpn o WE'RE HIRING! Get a job with insurance benefits Secure your family's futurel Be a/b rider! 080-4521 9999,130
bigbasket,27303000955973645_0,"bigbasket TATA enicrpm{( WE'RE HIRING! Want job security, benefits & bonus? Get a career on wheels Be a b rider! 080-4521 9999",126
bigbasket,2868076980192812_0,"bigbasket ATATA Enicrpn o WE' RE HIRING! Earn up to r50,000/ Join India's Largest Online Supermarket Be ab riderl 080-4521 9999",127
bigbasket,2919162061622027_0,"bigbasket TATA enicrpm{( WE'RE HIRING! Want job security, benefits & bonus? Get a career on wheels Be a b rider! 080-4521 9999",126
bigbasket,3056084511250587_0,bigbasket TATA enicrpm{( WE' RE HIRING! Want to work & study? Get a job with education benefits Be alblrider! 080-45219999,122
bigbasket,3330954863749217_0,bigbasket TATA enicrpm{( WE' RE HIRING! Want to work & study? Get a job with education benefits Be alblrider! 080-45219999,122
bigbasket,3513659408783573_0,"bigbasket ATATA Enicrpn o WE' RE HIRING! Earn up to r50,000/ Join India's Largest Online Supermarket Be ab riderl 080-4521 9999",127
bigbasket,3559614857526570_0,bigbasket TATA enicrpm{( WE' RE HIRING! Want to work & study? Get a job with education benefits Be alblrider! 080-45219999,122
bigbasket,3932763590191269_0,bigbasket TATA enicrpm{( WE' RE HIRING! Want to work & study? Get a job with education benefits Be alblrider! 080-45219999,122
bigbasket,4096094097357644_0,bigbasket TATA enicrpm{( WE' RE HIRING! Want to work & study? Get a job with education benefits Be alblrider! 080-45219999,122
bigbasket,4454385038126581_0,"bigbasket TATA enicrpm{( WE'RE HIRING! Want job security, benefits & bonus? Get a career on wheels Be a b rider! 080-4521 9999",126
bigbasket,4471109539832495_0,"lbigbasket TaTA Entcrpfitc Everything youneed, deliverednow: Buy 1 get 1 FREE on Fresh Fruits and Veggies? ""Estimated timelines; See TSCs",137
bigbasket,4536309689915858_0,"bigbasket ATATA Enicrpn o WE' RE HIRING! Earn up to r50,000/ Join India's Largest Online Supermarket Be ab riderl 080-4521 9999",127
bigbasket,776713098743802_0,bigbasket TATA enicrpm{( WE' RE HIRING! Want to work & study? Get a job with education benefits Be alblrider! 080-45219999,122
bigbasket,783011888099630_0,bigbasket ATATA Enicrpn o WE'RE HIRING! Get a job with insurance benefits Secure your family's futurel Be a/b rider! 080-4521 9999,130
bigbasket,816335571269778_0,"bigbasket ATATA Enicrpn o WE' RE HIRING! Earn up to r50,000/ Join India's Largest Online Supermarket Be ab riderl 080-4521 9999",127
bigbasket,820788273622233_0,"bigbasket ATATA Enicrpn o WE' RE HIRING! Earn up to r50,000/ Join India's Largest Online Supermarket Be ab riderl 080-4521 9999",127
bigbasket,828590263248593_0,bigbasket TATA enicrpm{( WE' RE HIRING! Want to work & study? Get a job with education benefits Be alblrider! 080-45219999,122
bigbasket,842486798407149_0,bigbasket TATA enicrpm{( WE' RE HIRING! Want to work & study? Get a job with education benefits Be alblrider! 080-45219999,122
bigbasket,859802879815103_0,"bigbasket ATATA Enicrpn o WE' RE HIRING! Earn up to r50,000/ Join India's Largest Online Supermarket Be ab riderl 080-4521 9999",127
bigbasket,906444552165088_0,bigbasket ATATA Enicrpn o WE'RE HIRING! Get a job with insurance benefits Secure your family's futurel Be a/b rider! 080-4521 9999,130
bigbasket,933794185639517_0,MAXI @cee 2 ~ g 6 3 Pc,22
bigbasket,941822551999582_0,bigbasket TATA enicrpm{( WE' RE HIRING! Want Pay + Bonus? Get a job with additional incentives Be alb rider! 080-45219999,121
bigbasket,943113441898865_0,"bigbasket TATA enicrpm{( WE'RE HIRING! Want job security, benefits & bonus? Get a career on wheels Be a b rider! 080-4521 9999",126
bigbasket,947733411602374_0,"bigbasket ATATA Enicrpn o WE' RE HIRING! Earn up to r50,000/ Join India's Largest Online Supermarket Be ab riderl 080-4521 9999",127
bigbasket,949112164299233_0,bigbasket TATA enicrpm{( WE' RE HIRING! Want Pay + Bonus? Get a job with additional incentives Be alb rider! 080-45219999,121
bigbasket,954375570956259_0,"bigbasket ATATA Enicrpn o WE' RE HIRING! Earn up to r50,000/ Join India's Largest Online Supermarket Be ab riderl 080-4521 9999",127
bigbasket,955423957393349_0,"bigbasket TATA enicrpm{( WE'RE HIRING! Want job security, benefits & bonus? Get a career on wheels Be a b rider! 080-4521 9999",126
bigbasket,957568810227392_0,"bigbasket ATATA Enicrpn o WE' RE HIRING! Earn up to r50,000/ Join India's Largest Online Supermarket Be ab riderl 080-4521 9999",127
bigbasket,958026540567994_0,bigbasket ATATA Enicrpn o WE'RE HIRING! Get a job with insurance benefits Secure your family's futurel Be a/b rider! 080-4521 9999,130
bigbasket,960107829971130_0,"bigbasket ATATA Enicrpn o WE' RE HIRING! Earn up to r50,000/ Join India's Largest Online Supermarket Be ab riderl 080-4521 9999",127
bigbasket,961881609810512_0,bigbasket TATA enicrpm{( WE' RE HIRING! Want Pay + Bonus? Get a job with additional incentives Be alb rider! 080-45219999,121
bigbasket,962340543010155_0,bigbasket TATA enicrpm{( WE' RE HIRING! Want to work & study? Get a job with education benefits Be alblrider! 080-45219999,122
bigbasket,965947669528944_0,bigbasket TATA enicrpm{( WE' RE HIRING! Want to work & study? Get a job with education benefits Be alblrider! 080-45219999,122
bigbasket,969927379079928_0,bigbasket ATATA Enicrpn o WE'RE HIRING! Get a job with insurance benefits Secure your family's futurel Be a/b rider! 080-4521 9999,130
bigbasket,971905452114048_0,"bigbasket TATA enicrpm{( WE'RE HIRING! Want job security, benefits & bonus? Get a career on wheels Be a b rider! 080-4521 9999",126
bigbasket,973612665184177_0,,0
bigbasket,978619371696893_0,bigbasket TATA enicrpm{( WE' RE HIRING! Want Pay + Bonus? Get a job with additional incentives Be alb rider! 080-45219999,121
bigbasket,982064757912349_0,bigbasket TATA enicrpm{( WE' RE HIRING! Want to work & study? Get a job with education benefits Be alblrider! 080-45219999,122
bigbasket,982754254110375_0,"bigbasket TATA enicrpm{( WE'RE HIRING! Want job security, benefits & bonus? Get a career on wheels Be a b rider! 080-4521 9999",126
bigbasket,983013120784255_0,bigbasket TATA enicrpm{( WE' RE HIRING! Want Pay + Bonus? Get a job with additional incentives Be alb rider! 080-45219999,121
bigbasket,990209947209187_0,bigbasket TATA enicrpm{( WE' RE HIRING! Want Pay + Bonus? Get a job with additional incentives Be alb rider! 080-45219999,121
bigbasket,993048626559362_0,bigbasket TATA enicrpm{( WE' RE HIRING! Want Pay + Bonus? Get a job with additional incentives Be alb rider! 080-45219999,121
bigbasket,999980835980952_0,"bigbasket TATA enicrpm{( WE'RE HIRING! Want job security, benefits & bonus? Get a career on wheels Be a b rider! 080-4521 9999",126
blinkit,1001090398952500_0,popor boat Na 1a,16
blinkit,1001263449159329_0,"BELLA VITA LUXU R Y Jvtual ""a Muoia KLUB OUD CEO GOAt",53
blinkit,1001920428890543_0,FLAFOUR Havmor ICE CREAM RED VELVET HEARTBEAT CAKE-ICE CREAM EGGLESS CAKE Dd,76
blinkit,1024790760013114_0,LAKME THE ORIGINAL COLLECTION FOREVERMATTE FOUNDATION,53
blinkit,1025122450495008_0,Haldirams SALTED PEANUTS ORIGINAL Lual-luly Cn Enamnea,54
blinkit,1025931070421593_0,26 Dkodkodk blinkit MATCHING RAKHI FOR BHAIYA & BHABHI delivered at your doorstep DhAmtt PAat Gl FLAT <50 OFF on your first order z00+,134
blinkit,1031480539365247_0,INFINO CD CHOCO HAZELNUT MARVEL,31
blinkit,1035572526089998_0,CLEAN UP SAVE UP CLEAN UP SAVE UP AN UP SAVE UP UPto 30% OFF blinkit on detergents and more SAVEBIO TEEREND 180 2573 Surf excel @mfort MIC {339 ee Oulennennalnn neshe Get delivery at your doorstep,196
blinkit,1036590585646361_0,blinkit Rakhi Specials BEAUTY GIFT SETS for your sister DELIVERED YoUR DooRSTEP Hd#CD Wey Cmuica Away Irom your sister? Send her qilt with Blinkit,146
blinkit,1042392708556593_0,Bhaiya aur blinkit aat Minulu App Bhabhi Rakhi delivered at your doorstep FLAT <50 OFF on your first order z08;,111
blinkit,1046493961299113_0,Kitchens of inDia GOURMET DELIGHT & (oel CHICKEN DARBARI LruhinImurrCkuACML UudnkHri Gharana NOADDED PRE SERVATIVES Artont Poucht,129
blinkit,1048182001288548_0,999(6 096092(6092 ( 092((0996 092k 0 akk Authentic Swarovski CRYSTALS 8AKHI Rab MaKes @ TSTATEMENT delivered at your doorstep blinkit India ; Last Hinuto Apc,157
blinkit,1048977564715738_0,blinkit India Last Minute App Fun and learning start at 849 Get toys and kids' books at your doorstep 42i0*4€ ALPHABET [ NUMBERS colols Babys Firsa 1 1 d8 Contrast  Bks 8 L FREE DELIVERY on first 10 orders,205
blinkit,1051488604089303_0,"BR BASKIN - ROBBINS"" DUTCH CHOCOLATE Temotna] Caor IcE CrEam [ecnmeehe Dutingt Hint of Cocoa Erou 100 m",103
blinkit,1056878606921255_0,"blinkit dsenM APp FLAT {50 OFF ON YOUR FIRST ORDER FREE DELIVERY ON FIRST 10 ORDERS 30,000+ products delivered at your doorstep",127
blinkit,1057566610160039_0,blinkit QOCCO CEAM Getaamch Mango iecream Delivered at your doorstep Jatt anroo orico Grernt Tuanan nttu Ebn Hlro FLAT <50 OFF ON YOUR FIRST ORDER aamchi `,155
blinkit,1064076202748258_0,"blinkit Indla $ Last Minute App FOR YOUR 10/10 COOKING 125 1 7 TaTA Satb Get oil, masala more delivered at your door",116
blinkit,1066636842470707_0,Necklaces and blinkit Bracelets Rakhi Specials delivered at your doorstep WYRFATH PFNDANT ZRCOMFERNS @RACDm GIVA Away Irom your sister? Send her gifts with Blinkit z00+,168
blinkit,1068478495860662_0,SWEETS blinkit nde 5 Lasttnute App FOR RAKHI delivered at your doorstep Gits ShN Moichuutr Tae 30mt cite5 Away from home this Rakhi? Send sweets with Blinkit,157
blinkit,1075492545158097_0,Choose from 30+ designs of Lumba Rakhi Get delivery at your doorstep blinkit UInda > Hinule ApD,95
blinkit,1250423401481771_0,Kwality Wwalls 2 SANDWICH ~CHOCOLAEE uma,40
blinkit,1262944112686376_0,"blinkit India Last Minute App Your WeLcOME BONUS FLAT E50 OFF ON Your FirST OrDER FREE DELIVERY ON FIRST 10 ORDERS 30,00O+ products delivered at your doorstep",158
blinkit,1284372839810159_0,blinkit India' Last Minute APP AASHIRVAAD SELECT Indue 100% MP SHARBATI ATTA Szoy Sofa Te Lora,94
blinkit,1295786825700111_0,blinkit India' Last Minute APP 2-6 Years Nutrimix 7 615 25,58
blinkit,1313935907363311_0,Atphonsa Wlandu ICE CREAM tnamnuty`,35
blinkit,1324753046085412_0,Purr-FECT For Your Furry FRIEND blinkit Buy3 Goudidboesvent CET 1FREE on pet treats; toys accessories Creany & Test | Sheba e3~0 Colurts0 uenguro Sulcctic Sm-rt LED Men ClTD- orools Also get FREE Drools Chicken Mousse Wet Cat Food ardlcrng Cul uaduct > above,258
blinkit,1333095195645472_0,T0 p / red amaranthus seeds Ugaoo,33
blinkit,1335962955086732_0,No PALM A OIL WHEAT LACHHA PARATHA Auna Aoc Udaenat Laudti Camoo hust IoU Gonod FREENINHANTES Foeo5 Karoicnts ZERO MAIDA id efrigerated HEEF,140
blinkit,1337461655124500_0,Choose from 30+ designs of Lumba Rakhi Get delivery at your doorstep blinkit UInda > Hinule ApD,95
blinkit,1344629630691471_0,"blinkit n MiOaDd Rakhigiftsforyour sister DELIVERED At YouR DooRStEP AcHT DIYI AeooeAnar nnch PtruPS HAR BRUSH STAETHTTENER TSterea3 InsTANT CAMERA Hnlual rFi _ini EdiotcIOp rtna instax"" PHILIPS noise",200
blinkit,1352721796462586_0,"Unite the bhai squad? KIDS"" RAKHI STARTING AT <99 Get delivery at your doorstep blinkit India Hinuc App Away from bro? Send him _ Rakhi with Blinkit 300 Enten] [44h4 (et4d Lallelathnlebetenl",190
blinkit,1357629213196164_0,blinkit Leave him spell _ bound ORDER HARRY POTTER RAKHI Starting at <49 e Get delivery at your doorstep,104
blinkit,1363724365897137_0,blinkit India $ Last Minute App dhizI HIz 315 2127431i52 FATR50 OFF ON Vour FirST ORDER Amul ma 8078 Get dairy products delivered at your doorstepl FREE DELIVERY on all orders COD available,189
blinkit,1364063109241552_0,blinkit Leave him spell _ bound ORDER HARRY POTTER RAKHI Starting at <49 e Get delivery at your doorstep,104
blinkit,1366929754869301_0,Perfume giftsets for the best sister delivered at your doorstep blinkit Rakhi Specials Dlnien Away from your sister? Send her gifts with Blinkit z00+,149
blinkit,1368560211393920_0,Plantable Rakhi delivered at your doorstep blinkit PHO,54
blinkit,1371524720975766_0,SIGNATURE 8udio| PRALINES BROWNIE AUX NOIX creations AY @adbwry,63
blinkit,1388607223192206_0,Farmley QUINOA SEEDS,20
blinkit,1400747372154590_0,,0
blinkit,1403237885158818_0,[ gianis Sinconddo 5,20
blinkit,1411717680926069_0,Nachos & Salsa Dip CORNITOS SMALL PACK PUFFS +FREE CRUSTIES CORNITOS CORNITOS CoRoCrios Nacho Crisps Nacho Crisps Nacho CHEESE STHR PERIPERL,140
blinkit,1414432423922561_0,E22 etl 22 auS Rnri Icrotm,26
blinkit,1487144130110489_0,"blinkit India $ Last Hinute App {50 OFF See} &238 Yolr f$ S6 63860e5800j0? Get instant noodles delivered at your doorstep MMM WAIWai Readoaest ~iFAecl ""Pirta Ma9bi 233",167
blinkit,1487227089086845_0,CHILLAAA CHILLAAA KEEEE SABKO ICE CREAM KHILA DO SCREAM FOR ICE-CREAM IS BACK ON THE BLINKIT APP BLLLLIINNNNKITTT INDIA'S LAST MINUTE APP,137
blinkit,1487642799739035_0,Auspicious blinkit Minule AFP Rudraksha Rakhi delivered at your doorstep 300+ citie5 FLAT *50 OFF on your first order,117
blinkit,1493914556110846_0,The best of blinkit Traditional Rakhi Get delivery at Starting at <59 your doorstep,83
blinkit,1511822547364064_0,Plantable Rakhi delivered at your doorstep blinkit PHO,54
blinkit,1515993089725570_0,"HHY P Hen HYphen 8 : 4: 1 U { W W "" 1 3 atcor Vtamo@i LinodgaGi- Scudicneau 0s @I",81
blinkit,1523523705569114_0,"nic ""d85* tender coconut EUTpo",30
blinkit,1532869361841036_0,Atphonsa Wlandu ICE CREAM tnamnuty`,35
blinkit,1551074706662519_0,Scicks kseand foore' more STARTING AT 818 blinkit Wancc Aaa DUEIZ Delivered at your doorstep FROSTIN Gold],106
blinkit,1555342426039201_0,KEYA OREGANO SEASONING,22
blinkit,1563001415259288_0,"SAVE MORE SAVE MORE SIP MORE SAVE IORE blinkit BUv 1GET 1 SHVEBIC FREE TEEKENd Frooti Mango Drink (2x2 Itr) Valid till 5"" July 26I {31 PER BOTTLE 1 [ Dllcr valld tIllatock Pll Get delivery at your doorstep",205
blinkit,1572719187583744_0,Evil Eye Rakhi blinkit India's Last Minute App for = 'good luck delivered at your doorstep DFLIVFRING 300+ Away from bro? Send him a Rakhi with Blinkit cities,158
blinkit,1586246269562322_0,14 Nestle breaks Ktkad elights S Kaeon DARK MINIS,49
blinkit,1598954684916225_0,"Unite the bhai squad? KIDS"" RAKHI STARTING AT <99 Get delivery at your doorstep blinkit India Hinuc App Away from bro? Send him _ Rakhi with Blinkit 300 Enten] [44h4 (et4d Lallelathnlebetenl",190
blinkit,1608405114041109_0,Haldirams SALTED PEANUTS ORIGINAL Lual-luly Cn Enamnea,54
blinkit,1613336900149121_0,Gala SPONGE WIPE  12X Susorbent,31
blinkit,1613618590336050_0,The best of blinkit Traditional Rakhi Get delivery at Starting at <59 your doorstep,83
blinkit,1621884562691194_0,Choose from 30+ designs of Lumba Rakhi Get delivery at your doorstep blinkit UInda > Hinule ApD,95
blinkit,1627519349076568_0,HIDSRARH Choose from 90+ kids' Rakhi designs & get delivery at your doorstep blinkit LOst Minule App FLAT *50 OFF on your first order z00s,138
blinkit,1660187095078430_0,blinkit Leave him spell _ bound ORDER HARRY POTTER RAKHI Starting at <49 e Get delivery at your doorstep,104
blinkit,1682595062848044_0,Ready to surprise behen? blinkit ORDER GIVA Rakhi Specials JEWELLERY NOW Get delivery at your doorstep Away from your sister? Send her 300+ gifts with Blinkit cities GIVA,170
blinkit,1685804126173139_0,DON'T JOIN blinkit Hncla SLastcinuno THE 1% CLUB HuReeumuc HulMpcrT CHARGING ADAPTFR With CIbLF {179 5530FF FOKIKONKS CHARGING ADAPTER 3899 {249 1290FF MImULE GET CHARGERS DELIVERED AT YOUR DOORSTEP,198
blinkit,1695660574849473_0,Sweet ntieamn Colfee Lurnt Jaggery Coconut Burfi NO Mhida _ Palm 0il / Preservatives,84
blinkit,1703858237543136_0,blinkit Leave him spell _ bound ORDER HARRY POTTER RAKHI Starting at <49 e Get delivery at your doorstep,104
blinkit,1706809560657115_0,JRE SHOP MORE SAVE MORE SHOP MORE SAVEN Aashirvaad MP Sharbati Atta (5 kg) at 3414 {299 UnlidtillSth July blinkit SAVEBIO TEEREND ASHIRVAAD SELECT Save {115 Oulennennalnn neshe Get delivery at your doorstep,206
blinkit,1708025573580200_0,,0
blinkit,1712161476727026_0,The best of blinkit Traditional Rakhi Get delivery at Starting at <59 your doorstep,83
blinkit,1712592630004752_0,sunsilk SERUM SUpER SHINE Li CtJ Vitallln 0,43
blinkit,1712632269979212_0,"blinkit India Last Minute App 3234 34182! [IATR50 OFF ON YOUR FirST ORDER [undle ChPDs 309 @Xnnr 075t (BALAJI WateRS Kurkure S@LID MASTI MuuTwidiee? Tikha Mitha Mix Get chips & 30,000+ products delivered FREE DELIVERY on all orders COD available",245
blinkit,1722763985709828_0,@rothers blinkit @ssemblev Choose from 90+ kids' Rakhi designs & get delivery at your doorstep FLAT {50 OFF on your first order z0o+ HeneneteneereHdLNnpnelm,156
blinkit,1725553438477972_0,"GLAM UP WITH OPT 70% OFF ON YOUR FAVOURITE BEAUTY PRODUCTS Delivered at your doorstep blinkit BIG Yeaut Bad M"" J9""UlY Get a chance win a FREE dyson AIRWRAP Wonh 749,900 Crder beduty Crcducls Kch249o Moretode Eiqible Cial offe",225
blinkit,1738324050637530_0,10.01 MinkinIn 10 minutes Mumbditz: Dono slic doddrturo FORGOT Saarch Ior canphonosbooks andmore adani SOMETHING? Domestic Departure Intcinatlonal AlrportRum Dal Terminjl 2 cnhelewatli Shivai Maha{i Sci Vou Drocr dcllvctcd alicr thc {ccurity Check tO Now DELIVERING AT Boridina Guie Lourau Retlauranti VChana MUMBAI T2 DOMESTIC IAUc MLIMEE BOARDING GATES Deach duy Tendy Laat mlnuto noed; EAuFy Nun-nn Wpe ENO Baby ete ceecntiai Lducd Cncs blinkit India's Last Minute App,471
blinkit,1749052186424001_0,"Unite the bhai squad? KIDS"" RAKHI STARTING AT <99 Get delivery at your doorstep blinkit India Hinuc App Away from bro? Send him _ Rakhi with Blinkit 300 Enten] [44h4 (et4d Lallelathnlebetenl",190
blinkit,1749175976235756_0,Imalaya S |N C E 9 3 Liv.52 TA 8 L ETs_,39
blinkit,1751284399357679_0,pH 5.5 DERMATOUCHe KOJIC ACID 1% E NDE SDAP Cudance KY AGTIVES #Korc ALo #Cunnenta0 etnfont tDpnaricln CoNCERI Cpnmeanren Main yed 159/2640:  DERATATOLOGICALLY TESILD cuncally provenaciives CDL,193
blinkit,1764092754608049_0,Evil Eye Rakhi blinkit India's Last Minute App for = 'good luck delivered at your doorstep DFLIVFRING 300+ Away from bro? Send him a Rakhi with Blinkit cities,158
blinkit,1770713184346252_0,Plantable Rakhi delivered at your doorstep blinkit PHO,54
blinkit,1827916196009967_0,QUEFN YQU SLAYY SFarTTKE r99 blinkit Amenselsaono ApP GET LIPSTICKS DELIVERED AT YOUR DOORSTEP,94
blinkit,1858070875169348_0,E22 etl 22 auS Rnri Icrotm,26
blinkit,1861821951869306_0,Reequil ULIRAAMATTE Diioud SUNKSCREEN Lcn  0 | duunntt ETtiea eeeu Decuu,72
blinkit,1974140193300275_0,HEardO HAIR WAX XXTRA STRONG HOLD CRYSTAL WAX 50 g,50
blinkit,2028821177775121_0,chocochips nic,14
blinkit,2036854843910923_0,No PALM A OIL WHEAT LACHHA PARATHA Auna Aoc Udaenat Laudti Camoo hust IoU Gonod FREENINHANTES Foeo5 Karoicnts ZERO MAIDA id efrigerated HEEF,140
blinkit,2043659619582225_0,,0
blinkit,2044533759553063_0,"Beyond"" Snack KERALA BANANA ChiPS In Coconut Oil Rock Salt Frienog [No? @",73
blinkit,2046806909251789_0,SHOCKING DEAL ALERTI! SHOCKIN SHOCKING DEAL ALERT! Rechargable Lithium Batteries UNDER <199 Valid till Sth July blinkit SHTEBIO AAA Batteries (2 pcs) 2599 {199 - TEEKEND 9 1 AA Batterics (2 pcs) Lithius {699 {119 48808 ' 84@ 39 2 2 )) Fdcnaa Offer valid till stock lasts Get delivery at your doorstep,300
blinkit,2049115615991840_0,blinkit India $ Last Minute App wened Axren rordobad ga3re} Get frozen snacks delivered at your doorstep {50 OFF Jotrtn prasuma Avmug Amul 71;pix In;Ie WnJuMm; McCon IGG1B Roiooies,180
blinkit,2080970006170640_0,Havmor Accala LAyeRS) J@FFLAVOURS With ENJOy SLICE CASSATA EGGLESS CAKE JCE GRIEAM WIH MADE Milk,96
blinkit,2084495745496181_0,,0
blinkit,2099114047652574_0,[ gianis Sinconddo 5,20
blinkit,2102716410675763_0,NATURAL SALT INDIA'S Wmehtot Wcgrls Matureprbthi PURO Heathy  Satt Everyday Cooklng,83
blinkit,2117064529194092_0,KEYA OREGANO SEASONING,22
blinkit,2120232285224784_0,FAE FREE Andu,13
blinkit,2128646671023365_0,co DIS morde BoRPouND Net Weighit: 400g,39
blinkit,2144099979490580_0,Moisturising Cream Cetaphil Dry to Mormal; Sensitive Skin ANQOG Hydrates fof 5 houis helps restore Ihe skin moisture bamicr SENSIMIVE SHM Met Quantidy: 250] SComven?,165
blinkit,2149753649229955_0,The best of blinkit Traditional Rakhi Get delivery at Starting at <59 your doorstep,83
blinkit,2190804625102136_0,"Unite the bhai squad? KIDS"" RAKHI STARTING AT <99 Get delivery at your doorstep blinkit India Hinuc App Away from bro? Send him _ Rakhi with Blinkit 300 Enten] [44h4 (et4d Lallelathnlebetenl",190
blinkit,2205036716955048_0,999(6 096092(6092 ( 092((0996 092k 0 akk Authentic Swarovski CRYSTALS 8AKHI Rab MaKes @ TSTATEMENT delivered at your doorstep blinkit India ; Last Hinuto Apc,157
blinkit,2214850529356788_0,~Bakeva Dozen_ HIGH PROTEIN PEANUT BUTTER FCOOKIESI ZERO PRESERVATIVES ZERO PALM OIL LOVE > @Aditi Handa CHEF & CO . FOl NDeR,125
blinkit,2241604906614263_0,Choose from 30+ designs of Lumba Rakhi Get delivery at your doorstep blinkit UInda > Hinule ApD,95
blinkit,2246752859425740_0,KAJU KATLI blinkit India '$ Last Minule App FOR RAKHI delivered at your doorstep KAJU KATLI Ler Away from homc this Rakhi? Scnd swccts with Blinkit z00+,152
blinkit,2276162592788321_0,Atphonsa Wlandu ICE CREAM tnamnuty`,35
blinkit,2407919383053302_0,sENt IT To YOVR fatends VET? MPNSTER E R TIRo#LC= 'eolaWe 6i~9 / [ #VN5I DELIVERED AT THEIR DOORSTEP MQNSTEF blinkit India s Lost Minult apr E 0,144
blinkit,2482033865613440_0,Rakhigifts blinkit Minute ACD foryour sister delivered at your doorstep FAeREAUTY GIFT BOX E8 8 Away from your sister? Send her gifts with Blinkit z00+ Wrar),157
blinkit,2494193187670700_0,1 BIkano PREMIUM SOAN 1 PAPDL CISIEL MIMH  (posmtscnoie,55
blinkit,2607402973088813_0,Evil Eye Rakhi blinkit India's Last Minute App for = 'good luck delivered at your doorstep DFLIVFRING 300+ Away from bro? Send him a Rakhi with Blinkit cities,158
blinkit,26759190097107593_0,Atphonsa Wlandu ICE CREAM tnamnuty`,35
blinkit,2694461940948333_0,blinkit Rakhi Specials FERRERO ROCHER Chocolate Gift Pack DELIVERED Yo UR o0RSTEP NRHRR) Away Trom homethis Rakhi? Send sveets with Blinkit 300+,144
blinkit,26988379477477680_0,INFINO CD CHOCO HAZELNUT MARVEL,31
blinkit,2751730045181114_0,"""So OFF 40 blinkit India' Last Minute ApP FULL DON'T PAY Fuleex FLAT 850 OFF ON Your FirST ORDER FREE DELIVERY ON FIRST 10 ORDERS 350 o8k 30,000+ products delivered at your doorstep 750 OFF",189
blinkit,27656879040648292_0,,0
blinkit,27729068203452222_0,MOTHER DMRY Diet FREE SUGAR = Kesar  Almond,43
blinkit,27911411501822920_0,Necklaces and blinkit Bracelets Rakhi Specials delivered at your doorstep WYRFATH PFNDANT ZRCOMFERNS @RACDm GIVA Away Irom your sister? Send her gifts with Blinkit z00+,168
blinkit,2791866087897490_0,Choose from 30+ designs of Lumba Rakhi Get delivery at your doorstep blinkit UInda > Hinule ApD,95
blinkit,28026148647072497_0,Pens Sticky Notes SemeSter New energy stationery items Get at your doorstep delivered blinkit nut4DD Notebooks #tighlighters I,126
blinkit,28039846722373149_0,Evil Eye Rakhi blinkit India's Last Minute App for = 'good luck delivered at your doorstep DFLIVFRING 300+ Away from bro? Send him a Rakhi with Blinkit cities,158
blinkit,28140115942341468_0,blinkit Hncns Tinute APp TRENDNGKIDS}RAKHI Choose from 90+ kids' Rakhi designs & get delivery at your doorstep FLAT <50 OFF on your first order 300 LEealetal f MECIr4 At Lehlinteent,181
blinkit,2919766548382385_0,blinkit India' Last Minute APP 2-6 Years Nutrimix 7 615 25,58
blinkit,3246381922229913_0,"HHY P Hen HYphen 8 : 4: 1 U { W W "" 1 3 atcor Vtamo@i LinodgaGi- Scudicneau 0s @I",81
blinkit,3461091157393999_0,Atphonsa Wlandu ICE CREAM tnamnuty`,35
blinkit,3579575038857669_0,CADBURY blinkit Rakhi Specials CELEBRATIONS Chocolate Gift Packs delivered at your doorstep (Cebnton$ Lent 300 Eeacamnamii thls Rakhlz Send sweets with Blinklt  Ehn,164
blinkit,3615965245218646_0,999(6 096092(6092 ( 092((0996 092k 0 akk Authentic Swarovski CRYSTALS 8AKHI Rab MaKes @ TSTATEMENT delivered at your doorstep blinkit India ; Last Hinuto Apc,157
blinkit,37242773058701490_0,"ITC MASTL CHE' Good Fo Crunchy Chicken Nuggets Approx Noofpcs: 25 SOURCE OF PROIEIN EASY COOK ""QADDED PRESERVATIES PVuU NREET DEEHA Kee Meeenene",144
blinkit,4001792436793371_0,blinkit Her Rakhi gife? GET JEWELLERY DeLiVERED At Your Doorstep Az GIVA . Away from your sister? Send her 300+ gifts with Blinkit cities,137
blinkit,4025421651084913_0,Vadilal GourmeT IcE CREAM CRUNCHY ButteRScOTCH,46
blinkit,4080202645605794_0,plom NIAcINAmide simply bright Macc Wast auehenat talcnt knukt [ official skincare partner of INDIANS,101
blinkit,4156687794551920_0,Choose from 30+ designs of Lumba Rakhi Get delivery at your doorstep blinkit UInda > Hinule ApD,95
blinkit,4380528998877929_0,KAJU KATLI blinkit India '$ Last Minule App FOR RAKHI delivered at your doorstep KAJU KATLI Ler Away from homc this Rakhi? Scnd swccts with Blinkit z00+,152
blinkit,4390846391165202_0,ISIGHI Yoko E7onilolz Lip Cream hydro-allinG teChnOLOGY AnTLOXIDANT moisturising #Miacinatide Anocadd DIL ecpconut oil,118
blinkit,4491771931036913_0,,0
blinkit,4504775809843722_0,This Father's Day; give your Dad a flower His reaction is the real gift blinkit India's Last Minute App,103
blinkit,4511422782426721_0,Wol' OcoC,9
blinkit,4530141857264558_0,999(6 096092(6092 ( 092((0996 092k 0 akk Authentic Swarovski CRYSTALS 8AKHI Rab MaKes @ TSTATEMENT delivered at your doorstep blinkit India ; Last Hinuto Apc,157
blinkit,4554207908146377_0,Plantable Rakhi delivered at your doorstep blinkit PHO,54
blinkit,4563784847231364_0,"Ilbbr Chandar PURE COW DUNG CAKES 9 Pcsa Iecow "" gura",53
blinkit,840558102355771_0,Iays) Wafer Chips Red Chilli Flauot Polato Chips,48
blinkit,872890602311095_0,"HIARRY POTTER blinkit Inidia , Me RakiiI delivered at your doorstep FLAT *50 OFF on your first order z00; Aitnto ColdwindeCLo  b Edeeetnearolnat",144
blinkit,879670918247336_0,Nachos & Salsa Dip CORNITOS SMALL PACK PUFFS +FREE CRUSTIES CORNITOS CORNITOS CoRoCrios Nacho Crisps Nacho Crisps Nacho CHEESE STHR PERIPERL,140
blinkit,892282443938772_0,"NOW SERVING IN IO.01 Sector 116, Noida & nearby areas Ambulance 8 minutes HOME _ Sector 116, Noide blinkit Rcup cok EiccIle AMBULAH Cocak Request ambulance Teteentttt as[ JettttulLetitn blinkit AMBULANCE Ambulance",213
blinkit,892282443938772_1,"In the minutes that decide a life, we arrive. Follow @blinkitambulance for more upcoming locations!",99
blinkit,919024487908695_0,Chilli Vinegar Svnthetic Desi Chinese,37
blinkit,929272216224582_0,The best of blinkit Traditional Rakhi Get delivery at Starting at <59 your doorstep,83
blinkit,931455042592326_0,blinkit Leave him spell _ bound ORDER HARRY POTTER RAKHI Starting at <49 e Get delivery at your doorstep,104
blinkit,931726416323985_0,"FOR YOUR ALL-DAY CHOCOLATE CRAVINGS blinkit Indla""< ast hinute ApP Amul 1 CHOCOCHIPS 3 Get chocolate ice creams delivered now",125
blinkit,979377531388950_0,SENd IT TO voun faiends Mow! MWNSTER R G altal I0N5 DELIVERED AT TheIR DOORSTEP blinkit MWNSTEN India $ Last Minute APP MUDEC E,127
blinkit,987891090929553_0,blinkit Leave him spell _ bound ORDER HARRY POTTER RAKHI Starting at <49 e Get delivery at your doorstep,104
blinkit,991148177317972_0,blinkit Bracelet Rckhi Lndi anine APP delivered at your doorstep Beaded Bracelet Rakhi Studded Link Bracelet 300+ Cluct FLAT <50 OFF on your first order,152
blinkit,994601996374271_0,chocochips nic,14
blinkit,996324842900776_0,Havmor Accala LAyeRS) J@FFLAVOURS With ENJOy SLICE CASSATA EGGLESS CAKE JCE GRIEAM WIH MADE Milk,96
blinkit,998917179803598_0,5.39 7 blinkit AMBULANCE Now serving Chhatarpur & nearby areas imhunnc 8 minutes HOME Gnhaindur Annuane Any Pionet Goodb Roquost Ambulanco Tha to UUra Ietocntict blinkit EetFTETtt Loo Joumtion AMBULANCS Cene Dac[4esnnara4g tentaed €A= Ambulance Ht Cov,251
blinkit,998917179803598_1,Follow @blinkitambulance for more updates blinkit Reaches you AMBULANCE in minutes,82
boat_lifestyle,1001056596013509_0,boAt SLAZER S10O 300 Minutes Runtime SHOP NOw,45
boat_lifestyle,1001292402295427_0,bOAt SLAZER K10O PRO 15 in ONE Grooming Kit SHOP NOW,52
boat_lifestyle,1005728361994302_0,boAt SLAZER S10O 300 Minutes Runtime SHOP NOw,45
boat_lifestyle,1011621254976853_0,bOAt SLAZER Kioot 6 in ONE Grooming Kit SHOP NOW,48
boat_lifestyle,1014697901403010_0,NIRVANA INDIA'S #1 wbont AUDIO BRAND Hi Res hublo Loic] EUTOPIA 2 ANC BEST IN SEGMENT DUAL DRIVERS WITh HI-RES AUDIO SHOPNOw,124
boat_lifestyle,1020120760338874_0,ROCKERZ 650 PRO SOUND WORTH TURNING UP dOLby IWdio Itb 80 HOURS PLAYBACK SHOP NOW,81
boat_lifestyle,1020290577020097_0,boAt SLAZER S10O 300 Minutes Runtime SHOP NOw,45
boat_lifestyle,1021610107203757_0,boAt SLAZER K1OO PRO 15 in ONE Grooming Kit SHOP NOW,52
boat_lifestyle,1033196146034557_0,boAt SLAZER Ktoot 6 in ONE Grooming Kit SHOP NOwW,49
boat_lifestyle,1046594794748471_0,boAt Enjoy 3 Months of Ad-Free Music on Spotify Premium Standard with boAt Audio Fpotifum Standard KRSNA,104
boat_lifestyle,1051219480567235_0,boAt SLAZER S10O 300 Minutes Runtime SHOP NOw,45
boat_lifestyle,1051770313885225_0,IuDies LCADAuAAD boAt NIRVANA CRYSTL Audio in its finest form Active Noise Cancellation Hours Playback,102
boat_lifestyle,1059047616451795_0,boAt SLAZER K1OO PRO 15 in ONE Grooming Kit SHOP NOW,52
boat_lifestyle,1063606322914644_0,"INDIA'S #1 boAt AUDIO BRAND"" AAVANTE BAR PRIME B450 450W boAt SIGNATURE SOUND Shop NoW",86
boat_lifestyle,1065708245898732_0,boAt INDIA'S #1 Wdio Woinalgarrnde SAILOR NAV Real-time location trackingwlth Google Maps,89
boat_lifestyle,1144665100982602_0,25%l0 Free  Extended Warranty Special Loyalty Rewards Play It Smart Buy boAt From boAt Dto SAVE Exclusive Deals & Offers Custom Engraving @ ?69,143
boat_lifestyle,1167657551709713_0,MAKE IT ONE-OF-A-KIND ENGRAVE YOUR bo t EARPHONES BOATHEAD,58
boat_lifestyle,1202581525318846_0,+,1
boat_lifestyle,1211371377684185_0,bOAt SLAZER Kioot 6 in ONE Grooming Kit SHOP NOW,48
boat_lifestyle,1224050853239238_0,boAt,4
boat_lifestyle,1232558505581702_0,,0
boat_lifestyle,1253529476804746_0,8 8 48,6
boat_lifestyle,1264780152394834_0,boAt SLAZER S10O 300 Minutes Runtime SHOP Now,45
boat_lifestyle,1271627931516331_0,boAt,4
boat_lifestyle,1284399490292975_0,"bOAt INDIA'S #1 AUDIO BRAND"" AAVANTE BAR PRIME B450 DOUBLE THE BASS: DOUBLE THE IMPACT. ShOpNor",95
boat_lifestyle,1289275883169935_0,AIRDOPES 311 PRO 10 Mins ASApTu Charge OualMcswith 150 Kins Rloy tmet ENxru Technol gY SHOP NOW,95
boat_lifestyle,1291995099584768_0,bOAt SLAZER K10O PRO 15 in ONE Grooming Kit SHOP NOW,52
boat_lifestyle,1317944597088365_0,"boAt SAILOR NAV Talk to your child, anytime 2-Way Video 4G SIM Voica"" Calling Compatibility 4W",94
boat_lifestyle,1322615832634551_0,boAt SLAZER Ktoot 6 in ONE Grooming Kit SHOP NOwW,49
boat_lifestyle,1327352552198064_0,boAt SLAZER Ktoot 6 in ONE Grooming Kit SHOP NOwW,49
boat_lifestyle,1329082196040676_0,boAt SLAZER S10O 300 Minutes Runtime SHOP Now,45
boat_lifestyle,1333408435599658_0,bOAt SLAZER Kioot 6 in ONE Grooming Kit SHOP NOW,48
boat_lifestyle,1350043183510125_0,,0
boat_lifestyle,1363964502573352_0,"boAt INDIA'S #1 Audio BRAND"" AAVANTE BAR PRIME DA6OO DOUBLE THE BASS DOUBLE THE IMPACT SHOP NOW",95
boat_lifestyle,1366101161611709_0,ISOUND OF IFREEDOM TUNE INTO THE PARADE OF OFFERS GET UP TO EXTRA 80% OFF 5% OFF USE CODE: FREEDOM 8,100
boat_lifestyle,1370648941141580_0,boAt INDIA'S #1 Wdio Woinalgarrnde SAILOR NAV Real-time location trackingwlth Google Maps,89
boat_lifestyle,1375582264627447_0,,0
boat_lifestyle,1410386317677170_0,"INDIA'S #1 boAt AUDIO BRAND"" AAVANTE BAR PRIME B450 450W boAt SIGNATURE SOUND Shop NoW",86
boat_lifestyle,1457776469211672_0,,0
boat_lifestyle,1461912111965500_0,,0
boat_lifestyle,1489106586322952_0,INDIA'S #1 bOAt AUDIO BRAND SAILOR PLAY 85dB Volurne Limnit Snuq Safe Listening for comfort,91
boat_lifestyle,1498468127955708_0,boAt SLAZER K1OO PRO 15 in ONE Grooming Kit SHOP NOW,52
boat_lifestyle,1499275018610886_0,bOAt SLAZER K10O PRO 15 in ONE Grooming Kit SHOP NOW,52
boat_lifestyle,1504110491218932_0,boAt SLAZER K1OO PRO 15 in ONE Grooming Kit SHOP NOW,52
boat_lifestyle,1508430164118666_0,boAt SLAZER K1OO PRO 15 in ONE Grooming Kit SHOP NOW,52
boat_lifestyle,1519203152826166_0,bOAt INDIA'S #1 AUDIO BRAND SAILOR PLAY 85dB Volume Limit Bulltas per Salely Standard by Safe Listening Warid Health Organisation,129
boat_lifestyle,1535024228408535_0,bOAt SLAZER Kioot 6 in ONE Grooming Kit SHOP NOW,48
boat_lifestyle,1537725264700844_0,ISOUND OF IFREEDOM TUNE INTO THE PARADE OF OFFERS GET UP TO EXTRA 80% OFF 5% OFF USE CODE: FREEDOM,98
boat_lifestyle,1547272770383772_0,boAt,4
boat_lifestyle,1560898028878634_0,bOAt SLAZER K10O PRO 15 in ONE Grooming Kit SHOP NOW,52
boat_lifestyle,1561759978157527_0,boAt INDIA'S #1 auididWFRDARLFRDAHD SAILOR NAV Point Satellite System Geo (encing with 5 3,90
boat_lifestyle,1564037721334213_0,,0
boat_lifestyle,1581975226646615_0,boAt INDIA'S #1 avdio WVEARARLERRAND SAILOR NAV 2 Way Video 46 SiMa Volce Calling Compatlbily 17.28,99
boat_lifestyle,1594043749092108_0,boAt SAILOR NAV Talk to your child; anytime 2-Way Video. 4G SIM Voice Calling Compatibility,91
boat_lifestyle,1604485361105603_0,bOAt SLAZER K10O PRO 15 in ONE Grooming Kit SHOP NOW,52
boat_lifestyle,1605038623929863_0,boAt INDO SAwD' BUILT FOR NONSTOP LISTENING; Rockerz Trinity K DSP 1504 Plave Ame,81
boat_lifestyle,1606498934336987_0,boAt,4
boat_lifestyle,1606603397796384_0,boAt SAILOR NAV Talk to your child; anytime 2-Way Video. 4G SIM Voice Calling Compatibility,91
boat_lifestyle,1608174504317714_0,ISOUND OF IFREEDOM TUNE INTO THE PARADE OF OFFERS GET UP TO EXTRA 80% OFF 5% OFF USE CODE: FREEDOM 8 Loat,105
boat_lifestyle,1619249916531170_0,ISOUND OF IFREEDOM TUNE INTO THE PARADE OF OFFERS GET UP TO EXTRA 80% OFF 5% OFF USE CODE: FREEDOM,98
boat_lifestyle,1641025803804648_0,8,1
boat_lifestyle,1646292416151778_0,boAt,4
boat_lifestyle,1655381855767106_0,,0
boat_lifestyle,1662802611640422_0,boAt SLAZER K1OO PRO 15 in ONE Grooming Kit SHOP NOW,52
boat_lifestyle,1689949545651949_0,boat POWER WITH PERSONALITY ShoPNo PERSONALIZE HT AT JUST <69* Nvrva Hivoq,74
boat_lifestyle,1693288188481187_0,bOAt SLAZER Kioot 6 in ONE Grooming Kit SHOP NOW,48
boat_lifestyle,1696629348322065_0,bOAt SLAZER Kioot 6 in ONE Grooming Kit SHOP NOW,48
boat_lifestyle,1712692703359175_0,bOAt INDIA'S #1 AUDIO BRAND SAILOR PLAY 85dB Volume Limit Bulltas per Salely Standard by Safe Listening Warid Health Organisation,129
boat_lifestyle,1735498784068303_0,boAt INDIA'S #1 avdio WVEARARLERRAND SAILOR NAV 2 Way Video 46 SiMa Volce Calling Compatlbily 17.28,99
boat_lifestyle,1754545612403940_0,ISOUND OF IFREEDOM TUNE INTO THE PARADE OF OFFERS GET UP TO EXTRA 80% OFF 5% OFF USE CODE: FREEDOM 8 Loat,105
boat_lifestyle,1755362265899429_0,bOAt SLAZER Kioot 6 in ONE Grooming Kit SHOP NOW,48
boat_lifestyle,1785803575252117_0,DON'T LET YOUR PHONE GO SILENT GET UP TO 60% OFF BUY NOW boAt POWERBANKS,72
boat_lifestyle,1795818551583190_0,"boAt INDIA'S #1 AUDIO BRAND"" SAILOR PLAY Snug Fit for comfort Soft & Plush earcups ""IDC Juch 7026 Real",102
boat_lifestyle,1805691104143858_0,boAt INDIA'S #1 Wdio Woinalgarrnde SAILOR NAV Real-time location trackingwlth Google Maps,89
boat_lifestyle,1820910845959753_0,boAt SLAZER K1OO PRO 15 in ONE Grooming Kit SHOP NOW,52
boat_lifestyle,1878725572818631_0,boAt SLAZER S10O 300 Minutes Runtime SHOP NOw,45
boat_lifestyle,1878845356762277_0,boAt INDIA'S #1 auididWFRDARLFRDAHD SAILOR NAV Point Satellite System Geo (encing with 5 3,90
boat_lifestyle,1897447444209613_0,boAt,4
boat_lifestyle,2089821481948256_0,ndids*1 AudiomrIND boAt Wear what moves you Extended Health & Battery Life Wellness Tracking 08.35,98
boat_lifestyle,2106365580306892_0,bOAt SLAZER K10O PRO 15 in ONE Grooming Kit SHOP NOW,52
boat_lifestyle,2112686339458387_0,boAt SLAZER Ktoot 6 in ONE Grooming Kit SHOP NOwW,49
boat_lifestyle,2113430089529554_0,boAt SLAZER K1OO PRO 15 in ONE Grooming Kit SHOP NOW,52
boat_lifestyle,2130464777820280_0,boAt SLAZER S10O 300 Minutes Runtime SHOP Now,45
boat_lifestyle,2192072344973178_0,"boAt SAILOR NAV Talk to your child, anytime 2-Way Video 4G SIM Voica"" Calling Compatibility 4W",94
boat_lifestyle,2209789639554738_0,,0
boat_lifestyle,2260641791369627_0,8,1
boat_lifestyle,2270882277003407_0,ISOUND OF IFREEDOM TUNE INTO THE PARADE OF OFFERS GET UP TO EXTRA 80% OFF 5% OFF USE CODE: FREEDOM LA Anann,107
boat_lifestyle,2287857504952556_0,NIRVANA INDIA'S #1 bbont AUDIO BRAND EUTOPIA 2 ANC BEST IN CLASS 45dB HYBRID ADAPTIVE ANC SHOP NoW,98
boat_lifestyle,2329893797417480_0,boAt SLAZER K1OO PRO 15 in ONE Grooming Kit SHOP NOW,52
boat_lifestyle,2334357234036787_0,INDIA'S #1 bOAt AUDIO BRAND SAILOR PLAY 85dB Volume Limit Snug Safe Listening for comfort,89
boat_lifestyle,2337883566710046_0,,0
boat_lifestyle,2455796854920274_0,boAt SLAZER K1OO PRO 15 in ONE Grooming Kit SHOP NOW,52
boat_lifestyle,2463303430840209_0,boAt SLAZER S10O 300 Minutes Runtime SHOP Now,45
boat_lifestyle,2626008981090270_0,boAt,4
boat_lifestyle,27140627528920524_0,boAt SLAZER K1OO PRO 15 in ONE Grooming Kit SHOP NOW,52
boat_lifestyle,27904210362591658_0,boAt SAILOR NAV Talk to your child; anytime 2-Way Video. 4G SIM Voice Calling Compatibility,91
boat_lifestyle,27912609255009124_0,"INDIA'S #1 AUDIO BRAND boAt LUNAR DISCOVERY NEO Crafted Fcr Everydav Brilliance Health ana Wellness Monitoring 7 Days Battery Life ""ov Jue ~09/25 10:09 ~80% 6846 35 300",168
boat_lifestyle,2841248452908202_0,INDIA'S #1 bOAt AUDIO BRAND SAILOR PLAY 85dB Volume Limit Snug Safe Listening for comfort,89
boat_lifestyle,28479508628315710_0,bOAt SLAZER Kioot 6 in ONE Grooming Kit SHOP NOW,48
boat_lifestyle,2927222054277357_0,boAt SLAZER K1OO PRO 15 in ONE Grooming Kit SHOP NOW,52
boat_lifestyle,3000953683447003_0,boAt SLAZER K1OO PRO 15 in ONE Grooming Kit SHOP NOW,52
boat_lifestyle,3377153289112331_0,bOAt SLAZER K10O PRO 15 in ONE Grooming Kit SHOP NOW,52
boat_lifestyle,3495334000632707_0,boAt,4
boat_lifestyle,35306583178987215_0,AAVANTE 2.11200 SOUND THAT FILLS YOUR ROOM 120W boAt SIGNATURE SOUND 2.1CHANNEL SOUNDBAR SHOP NOW,97
boat_lifestyle,3763631653770550_0,bont,4
boat_lifestyle,4120172111609922_0,NIRVANA INDIA'S #1 boAt AUDIO BRAND EUTOPIA 2 ANC 45dB Hybrid Adaptive ANC That Smartly Adapts,94
boat_lifestyle,4236137553309222_0,"""Clear Sound"" DEEP BASS boxt Tnchmn aeeen GuMMa 6ds  80 Wnasonssendreknsnnomenv-Ucannat Osunctx Us Inct0ssioe Haet 31 boAt Airdopes Supreme",139
boat_lifestyle,4257258184591367_0,,0
boat_lifestyle,4296291497287252_0,boAt INDOGIAND' Your Party Starts Here STONE ARC PRO PLUS 45w BoAt Signature Sound RGB Lights 8 8,97
boat_lifestyle,4351295595104380_0,8,1
boat_lifestyle,4462795193943386_0,,0
boat_lifestyle,4464960383771147_0,bOAt INDOASAND udiot STONE 108 Bass that hits different: Wherever vou go the bass follows SHOP NOW,98
boat_lifestyle,4485069248371593_0,INDIA'S #1 bOAt AUDIO BRAND SAILOR PLAY 85dB Volurne Limnit Snuq Safe Listening for comfort,91
boat_lifestyle,451582707965087_0,"Never Skip a Beat with boAt Airdopes 161 DOAt Sinnjie Sounio ASAP "" Charg[ Us",77
boat_lifestyle,4562459417344673_0,8 8 48,6
boat_lifestyle,4857597034379566_0,bOAt SLAZER Kioot 6 in ONE Grooming Kit SHOP NOW,48
boat_lifestyle,763709030103468_0,bOAt SLAZER Kioot 6 in ONE Grooming Kit SHOP NOW,48
boat_lifestyle,788866634251531_0,,0
boat_lifestyle,792100430492056_0,"""Clear Sound"" DEEP BASS boxt Shlok Srivastava (Tech Burner); Devinder Maheshwari (Beebom); & Rajiv Makathmi 540/5,10 80 The sound separation is phenomenal can hear every instrument distinctly Plus the bass levels on these are solid, boAt Airdopes Supreme",254
boat_lifestyle,799179373251242_0,ISOUND OF IFREEDOM TUNE INTO THE PARADE OF OFFERS GET UP TO EXTRA 80% OFF 5% OFF USE CODE: FREEDOM 8,100
boat_lifestyle,8111390595644884_0,2 1 Playtime No.1 Bestseller Airdopes 141,41
boat_lifestyle,811436908656612_0,ISOUND OF IFREEDOM TUNE INTO THE PARADE OF OFFERS GET UP TO EXTRA 80% OFF 5% OFF USE CODE: FREEDOM LA Anann,107
boat_lifestyle,813777818425739_0,"boAt INDIA'S #1 AUDIO BRAND"" SAILOR PLAY Snug Fit for comfort Soft & Plush earcups ""IDC Juch 7026 Real",102
boat_lifestyle,813948974360834_0,AIRDOPES RRIME ] 7O1ANC HYbAID ANC 24-BiT SPATUL AudIO pont SHOP NOW,68
boat_lifestyle,841567375182919_0,"boAt ENGRAVED FOR YOUR VIBE PERSONALIZE IT AT JUST ?69* LadoPES44 ~HaRSH """,74
boat_lifestyle,850112547982122_0,boAt,4
boat_lifestyle,890783297440581_0,"NIRVANA INDIA'S #1 by bOAt AUDIO BRAND"" Hi Res AUDIO wireless LDAC ] EUTOPIA 2 ANC Best in Segment Dual Drivers with Hi-Res Audio )K",132
boat_lifestyle,891880720232381_0,,0
boat_lifestyle,918097910681905_0,boAt INDIA'S #1 avdio WVEARARLERRAND SAILOR NAV 2 Way Video 46 SiMa Volce Calling Compatlbily 17.28,99
boat_lifestyle,943955851394224_0,,0
boat_lifestyle,953858684151416_0,bOAt SLAZER K10O PRO 15 in ONE Grooming Kit SHOP NOW,52
boat_lifestyle,956751056896859_0,AIRDOPES 311 PRO 10 Mins ASAPTU  Charge DualMicswlth 150 Mins Playtime ENXI Technology SHOP NOW,95
boat_lifestyle,964815036609199_0,boAt SLAZER K1OO PRO 15 in ONE Grooming Kit SHOP NOW,52
boat_lifestyle,965801339810225_0,"boAt INDIA'S #1 AUDIO BRAND"" SAILOR PLAY Snug Fit for comfort Soft & Plush earcups ""IDC Juch 7026 Real",102
boat_lifestyle,980750414408657_0,boAt INDO SAwD' BUILT FOR NONSTOP LISTENING; Rockerz Trinity K DSP 1504 Plave Ame,81
boat_lifestyle,986913764092236_0,boAt SLAZER S10O 300 Minutes Runtime SHOP Now,45
country_delight,1013239964397662_0,"Couilgtc Start your mornings with Country Delight 36.00/450ml"" Order Now",72
country_delight,1013893620999401_0,This just feels right Country Delighf Geligtry Live] 'Bentet Cow Mlk 450 Order Now,82
country_delight,1083454594360531_0,"""Coeligty Pure Milk Gers f PROTEIN UPrADe  25 251 Order Now",59
country_delight,1278722657767208_0,Coeilgtry Ivd bdl For a Wholesome Start to Your Day 40% OFF Cow MML Bufco Order Now,83
country_delight,1307656571570129_0,Country Delight 40% OFF ivo For a Wholesome Start t0 Your Day - Cow Hi Duttalo Order Now C9rkc-0 otnon Ucott Civrkapo Iol Oooi elo Bice,135
country_delight,1311217934488228_0,ram chare Pzdl Feui JUNE Fann Hmticai Country Deligh REAL MILK FOR REAL STRENGTH Order Now,90
country_delight,1322898646138225_0,This just feels right Country Delighf Geligtry Live] 'Bentet Cow Mlk 450 Order Now,82
country_delight,1326678092682680_0,"NO GUESSWORK JUST GOOD COCONUTS Upto"" 40% OFF Country Delight'$ Coconut Checklist Young Wjterlul Pollachi Soucl AHdelten [ASSED] ""TBC APPLY",139
country_delight,1423379269735565_0,Country Delight 40% OFF ivo For a Wholesome Start t0 Your Day - Cow Hi Duttalo Order Now C9rkc-0 otnon Ucott Civrkapo Iol Oooi elo Bice,135
country_delight,1427524646094186_0,"Celigtry Live bette) 414 Get 4 days FREE! Order 4 days, Cow Mi Buttalo *28.00/450ml"" 237.00/450ml"" Claim Offer ""Prlces mayvary "" Oller Is Ilmlted t0 2 Iroe pkts /orda",166
country_delight,1494678129055970_0,Coeilgtry Ivd bdl For a Wholesome Start to Your Day 40% OFF Cow MML Bufco Order Now,83
country_delight,1505922957886753_0,Country DelighE My Family's Choice of Milk UrTO 4O%? OFF Order Now,66
country_delight,1513873634088715_0,"Countr Dellgh cowMik 736- Loo/450ml"" Vijay Sethupathi oda Pakka Choice Order Now",80
country_delight,1524775009396320_0,Country Delighty Live Battot Pure Cow Milk Nothing Else 25g Protein from Milk 25 No Added Powders Lowin Fat: Great in Taste,123
country_delight,1531869058409572_0,Hz_MAIN MSRS UNIERSE IN CINEMASSJUNE manamutan Countrs VcM 25 Cowm HRX THE POWER OF PROTEIN Order Now,101
country_delight,1570036041147435_0,"Protein Your Gut Actually Likes IOOcr Probiotics 251 PROTEIN GuT FRIENDLY PROTEINt 8 %e5 cor 40% OFF""",101
country_delight,1580021533629489_0,"Coumtr Dellalt HRX Clean Protein: Better Gains: 25 PROTEIN suneswroden"" COFFEE Get Up To 40% OFF",96
country_delight,1588816498871129_0,Country Delight 40% OFF ivo For a Wholesome Start t0 Your Day - Cow Hi Duttalo Order Now C9rkc-0 otnon Ucott Civrkapo Iol Oooi elo Bice,135
country_delight,1589686602500619_0,oelgie HpX Protein Your Gut Actually Likes 1OOcr Probiotics 251 PROTEIN ahetrvrodhiN+ Gode CHAEcaT Get Up To 40% OFF,116
country_delight,1656719532032646_0,Gelgtry Live bettet Milawat Nahi Ghee Sahi DESI DANEDAR GHEE 850 mi Order now UP T0 40% OFF,91
country_delight,1660559301715032_0,Country DelighE My Family's Choice of Milk UrTO 4O%? OFF Order Now,66
country_delight,1682677856370076_0,"Couilgtc Start your mornings with Country Delight 36.00/450ml"" Order Now",72
country_delight,1690875165494444_0,Couilgtry Start your mornings with Country Delight Order Now,60
country_delight,1895632594397734_0,"Country Delight Start your mornings with Country Delighf CowWu 236.00/450ml"" Order Now ""vpu dipkold nowuloit Check Aro d cpnicolaco",131
country_delight,1998304707721384_0,"Celigtry Live bette) 414 Get 4 days FREE! Order 4 days, Cow Mi Buttalo *28.00/450ml"" 237.00/450ml"" Claim Offer ""Prlces mayvary "" Oller Is Ilmlted t0 2 Iroe pkts /orda",166
country_delight,2000938777467540_0,Gelgtry Live bettet Milawat Nahi Ghee Sahi DESI DANEDAR GHEE 850 mi Order now UP T0 40% OFF,91
country_delight,2119509955657650_0,This just feels right Country Delighf Geligtry Live] 'Bentet Cow Mlk 450 Order Now,82
country_delight,2189658181819587_0,"Country Delight Start your mornings with Country Delighf CowWu 236.00/450ml"" Order Now ""vpu dipkold nowuloit Check Aro d cpnicolaco",131
country_delight,2249905925831682_0,Country iDeligh 'Belter How Manyof These Have You Tried? Inocicuhrooh Crmlnidushtoon shitake Mushroom Oyict Hushtoom Klna [ Trumpat Mushroom Ranton  uthraom Freshly Packed Order @ Up To 40% OFF TLCFpl,200
country_delight,2253080268554123_0,Gelgtry Live bettet Milawat Nahi Ghee Sahi DESI DANEDAR GHEE 850 mi Order now UP T0 40% OFF,91
country_delight,2278093782997994_0,"Couilgtc Start your mornings with Country Delight 36.00/450ml"" Order Now",72
country_delight,2347856919378681_0,"Country Delight ""4f 5H am '@iHriHilfi 40% Goullgtrz OFF cow Mill utla @dpat 5AZE",80
country_delight,2432723967220564_0,Country iDeligh 'Belter How Manyof These Have You Tried? Inocicuhrooh Crmlnidushtoon shitake Mushroom Oyict Hushtoom Klna [ Trumpat Mushroom Ranton  uthraom Freshly Packed Order @ Up To 40% OFF TLCFpl,200
country_delight,25173482522352106_0,Celigty Live] bettet Milawat Nahi Ghee Sahi UP To 40% OFF DESI DANEDAR GHEE 850 ml Order now apply,98
country_delight,27116672504685447_0,Country Delight 40% OFF ivo For a Wholesome Start t0 Your Day - Cow Hi Duttalo Order Now C9rkc-0 otnon Ucott Civrkapo Iol Oooi elo Bice,135
country_delight,3066998380358240_0,"""Coeligty Pure Milk Gers f PROTEIN UPrADe  25 251 Order Now",59
country_delight,4035570876737545_0,Country DelighE My Family's Choice of Milk UrTO 4O%? OFF Order Now,66
country_delight,4176690189141820_0,"Couttry Veld COW MILK WITH 256 PROTEIN {45.0o/450ml"" 25 PROTEIN Nalural Cow Milk  NO Added POWDER Tunp ttal g Iccornoa Utct chegacoloropracobi Diigt",148
country_delight,649427974801581_0,FREE ZAM Delivery Coeligiv Live bettet SOOOOOOOO MUCH WATERIL Up to 40% OFF Order Now #Tnc Apply,96
country_delight,848381758059416_0,country Deligl Ifirs ghee; Ghee it's Country Delight OAHEDAR 40% OFF Order now TSC Aery,87
country_delight,848950857895892_0,Country Delighty Live Battot Pure Cow Milk Nothing Else 25g Protein from Milk 25 No Added Powders Lowin Fat: Great in Taste,123
country_delight,863148296739193_0,"Country zoSafe IDelight pestic Decutani0 [ Cardic ((cIE Summer Special Safeda & Pairi) Mango Sweetness You'Il Love Order Now ""tecmop 40% OFF",140
country_delight,911613611531037_0,"Gelgiry Live better Pure Quality Ghee UP TO 4O3r: DESI DANEDAR GHEE Order Now ""Frices mdyvaly Check app for latest pricing:",123
country_delight,926433847081897_0,Country Delighty Live Battot Pure Cow Milk Nothing Else 25g Protein from Milk 25 No Added Powders Lowin Fat: Great in Taste,123
country_delight,975743538666858_0,Coeilgtry Ivd bdl For a Wholesome Start to Your Day 40% OFF Cow MML Bufco Order Now,83
country_delight,986236841033955_0,Coeilgtry Ivd bdl For a Wholesome Start to Your Day 40% OFF Cow MML Bufco Order Now,83
country_delight,995394476338953_0,Country Delight 40% OFF ivo For a Wholesome Start t0 Your Day - Cow Hi Duttalo Order Now C9rkc-0 otnon Ucott Civrkapo Iol Oooi elo Bice,135
cred,1013390988200192_0,"CRED completecover: zero compromise claim zero depreciation, engine protect & more View plans",93
cred,1032680822811117_0,CRED adedicated guardian for your car 24*1 claims assistance; from filing to resolution View plans,98
cred,1037217722365516_0,CRED makeevery payment rewarding; pay your bills on CRED & unlock rewards from your favorite brands: Claim now [ultrn-buic unksLed yanr htsmt',142
cred,1058626753209284_0,"CRED get r25cashback on your first bill pay your credit card bill on CRED Pay "" now Lont",88
cred,1085909950432399_0,"earn rewards from brands like = Swiggy; Spotify and more: pay your bills credit card bills on CRED: hoda ChaaJu CRED cuxgratulatkns , ur unkx kud }ur rewarl? Claim now",167
cred,1089118507107159_0,"earn rewards from brands like = Swiggy; Spotify and more: pay your bills credit card bills on CRED: hoda ChaaJu CRED cuxgratulatkns , ur unkx kud }ur rewarl? Claim now",167
cred,1301200525270180_0,CRED makeevery payment rewarding; pay your bills on CRED & unlock rewards from your favorite brands: Claim now [ultrn-buic unksLed yanr htsmt',142
cred,1348451047441730_0,"CRED pay your credit cardbill: pickyourprize: unioci free Starbucks coffee worth {300, Pay now",94
cred,1367546744931971_0,checkyour CIBIL score CRED understand what drives it: know every move that affects it: foure in the 8(0 club nOw Download CRED 803 CIBIL,136
cred,1456717529617533_0,"your billspay you back pay your bills on CRED & earn rewards from swiggy; spotify, bigbasket & more: CRED hodo ChaaJu cxgratulatkns , ur Unkk Ktr }ur rewarl? Claim now",167
cred,1582501370035431_0,"CRED IOLakh + members already rewarded eorn &ssured {25 cashbact credlt card Dills paid via CRED Claim now 40,0o,000",116
cred,1615706776648193_0,CRED claimroadside assistanceat ?1 choose from 9+ handpicked insurers View plans,80
cred,1627921988759619_0,instant personal loan up to 815 lakhs in 30 minutes no paperwork no branch visits: Apply now Cash by CRED,105
cred,1756507065391410_0,IOLakh+ members rewarded every month earn assured F100 cashback on your first ' 6 CRED UPI payments CRED Claim now Sfno F100,124
cred,2037133193840624_0,checkyour CIBIL score CRED understand what drives it: know every move that affects it: foure in the 8(0 club nOw Download CRED 803 CIBIL,136
cred,2201195877103642_0,"CRED protection that startsat ?1. get own domoge cover for accidents, theft and unexpected damages with plan starting {1 Check price",132
cred,2333086634163119_0,"your billspay you back pay your bills on CRED & earn rewards from swiggy; spotify, bigbasket & more: CRED hodo ChaaJu cxgratulatkns , ur Unkk Ktr }ur rewarl? Claim now",167
cred,2492909717878002_0,CRED get ?10O cashback on your first 5 UPI payments pay with your fingerprint on CRED Enable now,96
cred,2791054847939740_0,CRED stayinsured skipthefine Tenew your bike insuronce and avoid 72000 penalty Renew now,88
cred,836073436098266_0,CRED sign up. earn <50 cashback claim your first {50 coshback by joining CRED Claim now Goo YOURWELCONE REWARDS Attaematttd #otaundcrhhadon,139
cred,868242539456676_0,"CRED motor insurance, now on CRED 9+ trusted insurers_ members-only prices View plans",85
cred,925221333181862_0,CRED find thebest protection for your car unlock special prices reserved for CRED members View plans,100
duolingo,1021191287536143_0,Start building your language fluency Courses Spanish French German Italian Japanese Chinese Russian Korean duolingo Portuguese Arabic,133
duolingo,1364532395612949_0,Beginner Intermediate Advanced ready to finally Iearn chess? Start now with Duolingo.,85
duolingo,2223911945030578_0,learn chess the duolingo way,28
flipkart,1000463289680156_0,"SAN3ISK 60 mgg Yio 4 A Ultra"" 64G8",34
flipkart,1009767161642488_0,{ K 1 2 I J l 8 Z0 1 lies 88,28
flipkart,1012584954875788_0,,0
flipkart,1013316414393185_0,4834,4
flipkart,1014396774527650_0,4834,4
flipkart,1026304823640850_0,,0
flipkart,1031262242782635_0,M 1' 1' 0 6 1 Mh 0 M 0 0 Mu U W W 1 h 1 3,41
flipkart,1034549822324963_0,TIBCON= CAPACiToRS BURST PROOF 6 L 1 1 9 0 3 09uE8 8 V 1 1 1 3a AC CaPACITOR,76
flipkart,1037231855681808_0,100 EMPRESS CURVE NAILS For $ Dramalic Look Extreme Uppor Arch 67,65
flipkart,1042269561893465_0,Italy (II),10
flipkart,1063194435544532_0,"SANTA PANTA SRENDY 84""24H88 3n LOTE OF EXCItiNG GAMES FOR YOU TO' TBST YOUR BRAIN Eter do COLSLLSU 5fmpkatt Win a Family Trip to Singapore",138
flipkart,1065996872673725_0,Italy (II),10
flipkart,1069912095505520_0,"Fully Revised Enlarged Ediion Oglolibiv"" 91196161% SUCLESS SURE COUMSE= 67u4811 Gemisiv B0L_ulldqumd ~mdou 6UG6uBDG UUOIGTGT , Graflu Gsiieu PUSTAK MAHAL Fuency ! Qop; Ider _ 8",176
flipkart,1083464710786034_0,SAOESHINE Ndia INSTANT SHOE SHINER NEUTRAL SHoEsl4,50
flipkart,1163985016805754_0,M 1' 1' 0 6 1 Mh 0 M 0 0 Mu U W W 1 h 1 3,41
flipkart,1171255681873367_0,,0
flipkart,1188274963375634_0,g 8 B 8 with Google Gemini,26
flipkart,1198282195909180_0,,0
flipkart,1247294327451599_0,,0
flipkart,1249432806399306_0,"SANTA PANTA SRENDY 84""24H88 3n LOTE OF EXCItiNG GAMES FOR YOU TO' TBST YOUR BRAIN Eter do COLSLLSU 5fmpkatt Win a Family Trip to Singapore",138
flipkart,1254245843329612_0,M 1' 1' 0 6 1 Mh 0 M 0 0 Mu U W W 1 h 1 3,41
flipkart,1297784648820381_0,M 1' 1' 0 6 1 Mh 0 M 0 0 Mu U W W 1 h 1 3,41
flipkart,1315602163849920_0,,0
flipkart,1318502260007236_0,4834,4
flipkart,1329094756093622_0,1 1 Wacon 1 WAC Me FLUEK [3A4 1 1 1 1 Zibcrona Eta We 1 0 1 Ra Tbcon L Vc #e Macoh lene=e ML E;E7h Deu,102
flipkart,1331357435190902_0,,0
flipkart,1335324515350099_0,UchhEC McAdams CLEAR 700 EMPRESS CURVE 4 | L $ Fqrrebausrictoch TeEN TRENDZ DaIL Ae,83
flipkart,1337775471803264_0,,0
flipkart,1341976818043179_0,BLEACHING Powder,16
flipkart,1350356476504152_0,,0
flipkart,1351453393703007_0,OCm SCREENGUARD Screem protector etub Ecukn Ltero RCa tlupta 931 Pottec KctBurnq Steal,86
flipkart,1358719606387133_0,May you feel confortable by holding the phone with the case. Letv 2,67
flipkart,1359136459096367_0,"JOXER < ""mcl { 1 BRAND AUTHORISED sclllge",41
flipkart,1361657125540360_0,"Tips LOUPS oro Rosiot nail glce, Caninr oro RTALSSIOS4 pall glde tahi 8-100",75
flipkart,1368574708713737_0,WVILIDIIOIEN,12
flipkart,1375703457914696_0,"Flipkart Unique Nova 2 Ultra Starting From <14,999 Sale starts on 17th April on Flipkart SONV Ail Ai A+No2Uivra 56 Powered by nxto Ajt",134
flipkart,1376956514415946_0,,0
flipkart,1398791968935657_0,"moto g 5G Fastest 5G"" 12 5G Bands 12OHz FHD+ 6.72"" Display SOMP Quad Pixel 8MP Ultrawide Camera",95
flipkart,1401038771975980_0,,0
flipkart,1408849947970526_0,BRAND AUTHORISED SELLER 1 1,27
flipkart,1423435873153002_0,1 1 Wacon 1 WAC Me FLUEK [3A4 1 1 1 1 Zibcrona Eta We 1 0 1 Ra Tbcon L Vc #e Macoh lene=e ML E;E7h Deu,102
flipkart,1510492710236362_0,1 1 Wacon 1 WAC Me FLUEK [3A4 1 1 1 1 Zibcrona Eta We 1 0 1 Ra Tbcon L Vc #e Macoh lene=e ML E;E7h Deu,102
flipkart,1528901135695838_0,79' Mein Fresh PattA Gobhi SOLId. SNAPPY. Leafy And Greem. Flipkart MINUTES EveryTHING IN MINUTES 'TEC Apply TS0* OFF Free DELIVERY,131
flipkart,1530690368148073_0,,0
flipkart,1540755751131809_0,BLEACHING Powder,16
flipkart,1543360551160544_0,V 3 2 8 3 6 { d 8 1 g 13,24
flipkart,1547645263775653_0,No. CET Accclotenae TRAMAZAC Prano Aaa Ate Zerodol CiMS TCTLAL INDIA Tear Jana Apr 2040 Olmesar BP control: every hour; 24 hours BRoca hadon; Pantodac 40 Unc Comolcit PantodacDSR Pantodacd oncCt GERD €reert D Hactans Cold ZyrCold-DC,232
flipkart,1562373362083474_0,M 1' 1' 0 6 1 Mh 0 M 0 0 Mu U W W 1 h 1 3,41
flipkart,1567484981641727_0,4834,4
flipkart,1570220811437100_0,Toonv TUMBLER 12L PREM LM INSLLATED M4o Hahole,46
flipkart,1571333497976661_0,BRAND AUTHORISED SELLER,23
flipkart,1575032983970368_0,,0
flipkart,1579339283723666_0,Italy (II),10
flipkart,1587098029702528_0,WILDHORN,8
flipkart,1596481215146587_0,2200pF 25Volts Pcs 15 T4ooss) 8 Looss JS 0 36 2 30 J4ooss} 4 7S E 1 8 3 Auoosst ldoss,85
flipkart,1625634239104300_0,CBS NO IMAGE,12
flipkart,1632322624499518_0,,0
flipkart,1642400613705430_0,CBS NO IMAGE,12
flipkart,1642574976960625_0,79' Mein Fresh Beetroot StAys Firm; Until Sliced. Flipkart MINUTES EveryTHING IN MINUTES ~Tecaroy Tso* OFF Free DeLiveRY,120
flipkart,1652589909186161_0,M 1' 1' 0 6 1 Mh 0 M 0 0 Mu U W W 1 h 1 3,41
flipkart,1659403515156521_0,,0
flipkart,1665129694679426_0,Diaynosis dinic  mexurcnicht 'psychiatry Tnt T,46
flipkart,1668879064206397_0,WILDHORN,8
flipkart,1683983672693513_0,"THE <AFARRL OF CNSTANTIOPLD CoSa E poenhi Bu ICj 0 D TAe Hrstonia ConSTANTINOROLITAKA"" 0f GUNT#ER 0P PATRIS eenen I ALTRED A. ANpREA",132
flipkart,1704752740671093_0,"Tips LOUPS oro Rosiot nail glce, Caninr oro RTALSSIOS4 pall glde tahi 8-100",75
flipkart,1710490150136248_0,1 1 Wacon 1 WAC Me FLUEK [3A4 1 1 1 1 Zibcrona Eta We 1 0 1 Ra Tbcon L Vc #e Macoh lene=e ML E;E7h Deu,102
flipkart,1716818959328828_0,,0
flipkart,1721439628605598_0,Diaynosis dinic  mexurcnicht 'psychiatry Tnt T,46
flipkart,1723593195727028_0,1 1 Wacon 1 WAC Me FLUEK [3A4 1 1 1 1 Zibcrona Eta We 1 0 1 Ra Tbcon L Vc #e Macoh lene=e ML E;E7h Deu,102
flipkart,1725806052073781_0,,0
flipkart,1737742670556415_0,1 1 Wacon 1 WAC Me FLUEK [3A4 1 1 1 1 Zibcrona Eta We 1 0 1 Ra Tbcon L Vc #e Macoh lene=e ML E;E7h Deu,102
flipkart,1751191282981586_0,,0
flipkart,1756821455562118_0,,0
flipkart,1797265018295833_0,,0
flipkart,1819323222141385_0,Diaynosis dinic  mexurcnicht 'psychiatry Tnt T,46
flipkart,1832040491109758_0,,0
flipkart,1890283495272913_0,Ve 1 1 TiecoN T uacoh 4oer 1 Wecom Iuecon,41
flipkart,1900511220941473_0,,0
flipkart,1917565922162894_0,1 1 Wacon 1 WAC Me FLUEK [3A4 1 1 1 1 Zibcrona Eta We 1 0 1 Ra Tbcon L Vc #e Macoh lene=e ML E;E7h Deu,102
flipkart,1934289023946690_0,1 1 Wacon 1 WAC Me FLUEK [3A4 1 1 1 1 Zibcrona Eta We 1 0 1 Ra Tbcon L Vc #e Macoh lene=e ML E;E7h Deu,102
flipkart,1950663172301645_0,Ve 1 1 TiecoN T uacoh 4oer 1 Wecom Iuecon,41
flipkart,1953132225384687_0,"AARVEX"" 4x650",13
flipkart,2005815306713232_0,,0
flipkart,2107389570179302_0,CBS NO IMAGE,12
flipkart,2203463520195474_0,,0
flipkart,2207990583374332_0,No. CET Accclotenae TRAMAZAC Prano Aaa Ate Zerodol CiMS TCTLAL INDIA Tear Jana Apr 2040 Olmesar BP control: every hour; 24 hours BRoca hadon; Pantodac 40 Unc Comolcit PantodacDSR Pantodacd oncCt GERD €reert D Hactans Cold ZyrCold-DC,232
flipkart,2222418985260127_0,Flipkart SaRANTECO BEST PRICE GuarANTEC9 VALORANI Gold STEAM More EXCLUW VEDISCOUNTS PC & CONSOLE GAMING VOUCHERS UPTO 17% OFF 'TRC APPLY MINEcRAFT XBOX,152
flipkart,2222418985260127_1,"Flipkart GAME PASS Essential XBOX GAMING VOUCHER FLAT 8% OFF ""T8C APPLY",71
flipkart,2222418985260127_2,"Flipkart VALORANT Riot Cash VALORANT GAMING VOUCHER FLAT 8% OFF ""T8C APPLY",74
flipkart,2222418985260127_3,"Flipkart STEAM STEAM GAMING VOUCHER FLAT 6% OFF ""T8C APPLY",58
flipkart,2222418985260127_4,"Flipkart Minecraft SSTARLARS MINECRAFT GAMING VOUCHER FLAT 5% OFF"" ""T8C APPLY",77
flipkart,2222418985260127_5,"Flipkart GENSHINS I M P A € T GENSHIN IMPACT GAMING VOUCHER FLAT 15% OFF"" ""T8C APPLY",84
flipkart,2222418985260127_6,"Flipkart Nintendo NINTENDO GAMING VOUCHER FLAT 8% OFF ""T8C APPLY",64
flipkart,2222418985260127_7,"Flipkart R ^Z =R"" GOLD RAZERGOLD GAMING VOUCHER FLAT 3% OFF ""T8C APPLY",70
flipkart,2223759758191021_0,FINAL CLEARANCE No Returns,26
flipkart,2228443727921841_0,M 1' 1' 0 6 1 Mh 0 M 0 0 Mu U W W 1 h 1 3,41
flipkart,2237890410292661_0,,0
flipkart,2256234331811918_0,"Tips LOUPS oro Rosiot nail glce, Caninr oro RTALSSIOS4 pall glde tahi 8-100",75
flipkart,2257868475052241_0,4834,4
flipkart,2270717037067677_0,LOREM LOREM,11
flipkart,2329869931083531_0,No. CET Accclotenae TRAMAZAC Prano Aaa Ate Zerodol CiMS TCTLAL INDIA Tear Jana Apr 2040 Olmesar BP control: every hour; 24 hours BRoca hadon; Pantodac 40 Unc Comolcit PantodacDSR Pantodacd oncCt GERD €reert D Hactans Cold ZyrCold-DC,232
flipkart,2365552570849994_0,SWEET Memories,14
flipkart,2408316786357549_0,V 3 2 8 3 6 { d 8 1 g 13,24
flipkart,2425210074644012_0,,0
flipkart,2430602324105758_0,M 1' 1' 0 6 1 Mh 0 M 0 0 Mu U W W 1 h 1 3,41
flipkart,2460584517766768_0,TATA Drahuci VOLTAS VOLTAS,26
flipkart,2586911431723735_0,Flipkart GARANTECO BEST PRICE QUARANTES9 Unip Pin MOBILE GAMING VOUCHERS UPTO 17% OFF 'TRC APPLY MinEcraa Google Play More,122
flipkart,26042116478816434_0,,0
flipkart,26376532492029519_0,Easy peasy lemon squeezy Lemonsat Flipkart MINUTES EVERYTHING IN MINUTES {50 OFF Free delivery Ficteniatinentntn baaner Coenirheeitoptriolih prodecto len uprono relstneSdb E ESborn Miadm@ecn delrtett IEaee,205
flipkart,26477206331884922_0,,0
flipkart,27001748922858946_0,Ve 1 1 TiecoN T uacoh 4oer 1 Wecom Iuecon,41
flipkart,27312583768390132_0,VOLUME PHYTOCHEMICAL REFERENCE STANDARDS OF SELECTED INDIAN MEDICINAL PLANTS MEDICINALPLAMTS UMT INDLA Y CQUNcIL OF MEDICAL RESFARCH NEW DELIII 2010,148
flipkart,27789388607384279_0,URBAN HYDE } 1 7,16
flipkart,27807448605609688_0,V 3 2 8 3 6 { d 8 1 g 13,24
flipkart,27852473084365612_0,Ve 1 1 TiecoN T uacoh 4oer 1 Wecom Iuecon,41
flipkart,28337784975822509_0,"Tips LOUPS oro Rosiot nail glce, Caninr oro RTALSSIOS4 pall glde tahi 8-100",75
flipkart,28378122878460753_0,"NACHIV) ts wlint Im ollon Hn Mucla Hauatt Bullor Sealx Wat LR Hnok up Jng? Foilsu Askemblia Compact Sca3"" Jea Sea endcth IIC l sul MIL Innat nalu Eanm JCB ECOXPERT 2021 4RTNO 3J0iF 2238 IuE Weea nct MutIOX",205
flipkart,2886151325077156_0,,0
flipkart,3004465769884519_0,M 1' 1' 0 6 1 Mh 0 M 0 0 Mu U W W 1 h 1 3,41
flipkart,3777484435726939_0,,0
flipkart,4041300346174576_0,5 OLDNOON TRAVEL POETICS Epltae Anup CMATe RJFF Forlwoad; TabISH KhAK,69
flipkart,4065713363561347_0,V 3 2 8 3 6 { d 8 1 g 13,24
flipkart,4328458690705777_0,Ve 1 1 TiecoN T uacoh 4oer 1 Wecom Iuecon,41
flipkart,4360923734158358_0,URBAN HYDE } 1 7,16
flipkart,4374008142875485_0,5 ~ #8 !,8
flipkart,4399693590246634_0,2200pF 25Volts Pcs 15 T4ooss) 8 Looss JS 0 36 2 30 J4ooss} 4 7S E 1 8 3 Auoosst ldoss,85
flipkart,4485967741667372_0,V 3 2 8 3 6 { d 8 1 g 13,24
flipkart,450108764128727_0,"SANTA PANTA SRERDY 84""27H88 3n LOS Of EXCITING GAMES FOR YOU TO'TBST YOUR BRAIN Eter dho CLLLSL Fmpkwt Win a  Family Trip to Singapore",134
flipkart,4516620208621724_0,WILDHORN,8
flipkart,4540187256210869_0,,0
flipkart,4592784721044529_0,1 1 Wacon 1 WAC Me FLUEK [3A4 1 1 1 1 Zibcrona Eta We 1 0 1 Ra Tbcon L Vc #e Macoh lene=e ML E;E7h Deu,102
flipkart,4666759313602892_0,DHIlips Nes,11
flipkart,488104207714538_0,"SANTA PANTA SRENDY 84""24H88 3n LOTE OF EXCItiNG GAMES FOR YOU TO' TBST YOUR BRAIN Eter do COLSLLSU 5fmpkatt Win a Family Trip to Singapore",138
flipkart,806861419088055_0,,0
flipkart,828724483504804_0,"Tips LOUPS oro Rosiot nail glce, Caninr oro RTALSSIOS4 pall glde tahi 8-100",75
flipkart,864326359329023_0,Fresh VegGieS At {9 { 100* OFF FREE DELIVERY Flipkart OnLY Om MINUTES EVERYTHING IN MINUTES Order NOW,101
flipkart,894823216322293_0,{ K 1 2 I J l 8 Z0 1 lies 88,28
flipkart,902627832151265_0,Brush-Onls Fil Gilue,20
flipkart,911254868144827_0,,0
flipkart,921732084233790_0,"Ek number cucumber &t Flipkart MINUTES EverYThInG In Minutes 750"" OFF Free Delivery",83
flipkart,927079057149671_0,Fresh VegGieS At {9 { 100* OFF FREE DELIVERY Flipkart OnLY Om MINUTES EVERYTHING IN MINUTES Order NOW,101
flipkart,934943719321650_0,WILDHORN,8
flipkart,941112765667796_0,0 1,3
flipkart,967277482977143_0,V 3 2 8 3 6 { d 8 1 g 13,24
flipkart,972941328605966_0,"Infinix NOTE6OPro 56 STAND OUT TAKE NOTE Flipkart Unique ACTIVE MATRIX DISFLAY 360"" AEROSPACE GRADE ALUMINIUM Sale Live on 20th April Starting atjust <26,999* Pro V!00 4m@0 Uinluut Koteel Horedb Dencad F7nco oi creeaociemi"" Ono Qll CALLo DUTV MiobiLEO",251
flipkart,972941328605966_1,Infinix Flipkart Unique CUSTONISABLE ACTIVE MATRIX DISPLAY MATRIX STUDIO Cuxtom UInh; Enect Sorl Hina-Pantco 4 0,112
flipkart,972941328605966_2,"Infinix Flipkart Unique 30 ICE UC COOLING CHAMBER SNAPDRAGON 7SGEN4 1Mn+ Anlulu Performance Score Up to 782 Faster than NOTE 50 Series"" Snocdrozon 210X Fastcr GPU Performance 752 Improved CPU Pertormance",203
flipkart,972941328605966_3,Infinix Flipkart Unique LIVE PHOTO MODE UITH SOMP OIS MAIN CAMERA Ultra HD Crystal Clear Visuals 15K Digital Zoom HK Dual Video Capture Both Sides Video Recording Daylight HDR Clarity that cuts through the sun: Night time HDR Detail that shine through the backlight,265
flipkart,972941328605966_4,Infinix Flipkart Unique CORNING GORILLA GLASS Ni 360v ALUMINIUM FRAME SOLAR ORANGE DEEP OCEAN BLUE MOCHA BROWN,110
flipkart,972941328605966_5,Infinix Flipkart Unique EVERY BEAT MATTERS KNOW YOUR RHYTHM Track Your Heart Rate Varability Heart Rate Blood Oxygen,116
flipkart,972941328605966_6,"Infinix Flipkart Unique OBL DUAL STEREO SOUND AWORLD IN YOURHAND 18 ]mm EdgeLess Border 15K Ultra-Clear Resolution 4S00nits Brightness 144Hz High Refresh Rate SOUND BY Cinema-Like Visuals, Thcatre-Levol Sound; UBL Broughtto life with 3602 Dual Stereo Speakers; FTECFppli",270
flipkart,975811935458620_0,,0
flipkart,982212538162595_0,"Fully Revised Enlarged Ediion Oglolibiv"" 91196161% SUCLESS SURE COUMSE= 67u4811 Gemisiv B0L_ulldqumd ~mdou 6UG6uBDG UUOIGTGT , Graflu Gsiieu PUSTAK MAHAL Fuency ! Qop; Ider _ 8",176
flipkart,989600280366713_0,1 1 Wacon 1 WAC Me FLUEK [3A4 1 1 1 1 Zibcrona Eta We 1 0 1 Ra Tbcon L Vc #e Macoh lene=e ML E;E7h Deu,102
flipkart,995202743319546_0,Ve 1 1 TiecoN T uacoh 4oer 1 Wecom Iuecon,41
flipkart,996718862744940_0,,0
flipkart,997362643173655_0,1 1 Wacon 1 WAC Me FLUEK [3A4 1 1 1 1 Zibcrona Eta We 1 0 1 Ra Tbcon L Vc #e Macoh lene=e ML E;E7h Deu,102
flipkart,999081172774113_0,12/ Umni 6 0 ED,15
groww,1038712065058832_0,"Groww India's No.1 Stock Broker"" Stock Market updates faster than instant noodles. 42d8 Invest Now Available On",111
groww,1344614203497334_0,"Groww India's No.1 Stock Broker"" Know what green and red really mean Discover top gainers and losers in Stocks. 7134.85 Aobili AeLLd [ 05,29800 Eansoane 1n Invest Now Available On",179
groww,1370101921187958_0,Groww analKnuauttelucoat Your SIP could cost as low as your burger combo 5000+ funds 0 platform charges 24x7 customer support Start a SIP,137
groww,2314063609049178_0,Groww India's No.1 Stock Broker' Simple Ul meets powerful tools Trade on Groww F&0 Hifty*0 747015 SNSEX alars sh -967a I0 Inr WDEd hi Explore Pasitions Orders AM wvatchlist$ Top traded NIFTY G0 2176435 *570m0357. NIFTY Bank = WaTaInITAe,236
groww,2360566074385665_0,"Groww India's No.1 Stock Broker' Your first trade, done right. Get your free options trading account today: Trade on Groww",122
healthkart,1000106692742471_0,5mgredients One Unstoppable Skin Formula INGREDIENT BENEFIT Marine Colladcn Peptides Fums Skin. Roositalosticity Hyaluronic Acid Decp Aydeetion phmc? Fino Linte Wlutols  Brlahtens Supports Ccllagen Producticn CoLLagem Vitomin= Lockt Mciatufo_ Fights Oxidative Danano Vitomin€ Kkvitols _ colLagem Strorno: Hair Ahcn Biotin PACK OF 2 GET @ 7909,342
healthkart,1003794779096714_0,"E Ua VALID for New User ONLY YEAH BUDDY GRAD < 71619 PRE WORKOIUT ae"" renew nC YEAH 0p04? StRAMOKRRY BUDDY 200mg affeme ~somg strnd",131
healthkart,1004257468958024_0,Sip your way to daily glow Enriched with marine collagen peptides PACK OF 2 GRAB @ 8909 Helps in reducing signs of skin aging hk I0og (vitals- hkvitals LGhn Collagem COLLAGEM,174
healthkart,1005512252447139_0,Daily Care Built for Better Energy & Rest_. Enhoncing Heart Jaint Health GRABC Improving Energy Immunity *759 hevtals hkvitals: Fsh olt ullivilom,145
healthkart,1006852372085652_0,RC RONNIECOLEMAN KING WHEY PROTEIN GRAB @ 87499 USE coDE RcXS KL KING WHEY fanaSe stnehgm Lupporiscle,101
healthkart,1007743295219189_0,RG PRO-ANTIUM WHEY PROTEIN 6L-CARNITINE LIQUID COMBO {4898 GRAB 84699 30g pPpO provein ANTIUM donaie Dhn Dolete 8 3ooOMG LCCArNune JG5hL maia SeaGh,147
healthkart,1007879218615966_0,DONNIe COLemaN Nonatvnralem Dominate every set Explosive energy Massive pumps Better absorption RD _= Laser-sharp focus YEAH MRP 71799  BUDDY 72499 FLAvORS AVAILABLE 2007,170
healthkart,1007897065391587_0,Your Daily Routine Starts Herel GRAB @ *759 Free Sipper Wonth Fulol: hkvitols: Dlteennin Hishmil 8 2,100
healthkart,1010300751753479_0,"10 Lakh+ Indians Already Chose Filter-Free Skin_ PACK OF 2 GET @ '8909 hk vita RADIANCE COLLAGEN hkvitals Skix"" RADIAHCE COLLAGEN Join the Club",143
healthkart,1015089254766313_0,RG VaLID for New User ONLY L-CARNITINE XS 3000 41699 <1529 GRAB UsE code RCNEW Supports EtreaTdUSK Enhances ENDURANCE A65ML drangeshac 8 4,138
healthkart,1016422537456958_0,"HGE CREATINE MpP 71079 739y Use code RCNEW 0,66LB CREHTINE I0C Wilvoredeowine Boosts Cmmuant Enhances LdforwaC Usfrsonly",120
healthkart,1021813740531081_0,RC PRO-ANTIUM BUILT BY THE KING ARP 423y8 83199 30g FrdTFIN eaeatc PRO ANTIUM 650mg DeaNcaauUlou DoUBLE EHOcOLATE 39,116
healthkart,1025400796699854_0,Daily Care Built for Better Energy & Rest_ Enhoncing Hedrt & Joint Health Improving Energy lmmunity GRAB @ *759 Kvitals hkvitals: ahoh Wullitocin 1,147
healthkart,1025481380216426_0,"RG VaLID for New User ONLY L-CARNITINE Grab? 81529 Xs 3000 USE CODE RCNEW MEW Supports RathptoLSM 3 Enhances Enoubance N PAe,sIoNLde 0 1",136
healthkart,1026432739842730_0,Daily Care Built for Better Energy & Rest_ Enhoncing Hedrt & Joint Health Improving Energy lmmunity GRAB @ *759 Kvitals hkvitals: ahoh Wullitocin 1,147
healthkart,1026842629793003_0,AC RONNIE COLEMAN L-CARNITNE RANGE GRAB @ 71529 USE coDE LcX MEW KEW 1 WE 8 RL 8 DaNasf  Eemowade ~onlteor erusEe,113
healthkart,1029332982817124_0,RG KING WHEY PROTEIN 6 CREATINE X5 COMBO ARP 24449 41638 rc KING WHEY RF chokolte qht 0 66L0 tflatduped crutuD suppopts Fhhances,128
healthkart,1030283073277881_0,Daily Care Built for Better Energy Rest .. Enhoncing Hedrt & Joint Health Improving Enefgy Immunty GRAB @ *759 heuatas- Fpcer 1 Fish Oli nkvitoly,145
healthkart,1032954396133160_0,Your Everyday Essentials; Now For Less enncncingHaon Joint Heclth Improving Energy Jmmunit Ereo' Sip Der GRAB  *759 natak eital 1 Kulttorir,139
healthkart,1033049599255959_0,Build A Healthier Lifestyle with Nourishment From Within GRAB @ Ennancing Keott Joint Hculi *759 mpravino Energy Eemnannit hkvitals: hk vitals: Hckom Kultivitoml 0,163
healthkart,1037571875595846_0,Build A Healthier Lifestyle with Nourishment From Within GRAB @ Ennancing Keott Joint Hculi *759 mpravino Energy Eemnannit hkvitals: hk vitals: Hckom Kultivitoml 0,163
healthkart,1041846601718290_0,Build A Healthier Lifestyle with Nourishment From Within Enhancing Huact Joint Health  Improvino Energy Immunly GRAB @ ~ppor *759 Rvitals; anoi hkvital nieitnmn,160
healthkart,1042917258076821_0,Your Serum Works On The Surface Collagen Works Beneath It hkvitols: COLLAGEN PACK OF 2 GET @ r909 hkvitals ? CULLAGEM Build Your Rituol,135
healthkart,1049424167663282_0,Daily Care Built for Better Energy Rest .. Enhoncing Hedrt & Joint Health Improving Enefgy Immunty GRAB @ *759 heuatas- Fpcer 1 Fish Oli nkvitoly,145
healthkart,1057136886773804_0,RC L-CARNITINE XS 3000 MG LIQUID NEW sxs72r 21699 GRAB @ <1529 USE CODE LcX E 8 31 Ecnvings T 3g ORANGE J L~Gaultne SMASH 1 46518 Smg Vttaminis Mutetn ONLY FoR NeW User,168
healthkart,1059460927046649_0,Your Everyday Essentials; Now For Less enncncingHaon Joint Heclth Improving Energy Jmmunit Ereo' Sip Der GRAB  *759 natak eital 1 Kulttorir,139
healthkart,1073277368388889_0,AC ONLY FOR NEW USER YEAH BUDDY PRE WORKOUT POWDER GRB@ <1619 UsEcodE First zoomg CAFFEINE 30 servings Stenonaoe YEAH BUDDy,123
healthkart,1106400522326759_0,RG THE KING'S STACK 410246 GRAB @ ?7649 KING WHEY YEAH QUody bddsts ewnliiraher subbogns TanmuscnS ENHANCES Manutt,114
healthkart,1136983826173569_0,Build A Healthier Lifestyle with Nourishment From Within GRAB @ Ennancing Keott Joint Hculi *759 mpravino Energy Eemnannit hkvitals: hk vitals: Hckom Kultivitoml 0,163
healthkart,1214169215114513_0,RE KinG WHEY KPP 30590 23499 PROTEIN Promotes Hastlkalcoylkt RC _ KNG Maximises plrforMalgL WHEY Qeees 25 ZLB Oiocertr,118
healthkart,1250618298128497_0,The Combo Your Routine Deserves__ GRAB *759 sippar hkvitals: F 0il 1 Hakvitola: Aeaanenan,89
healthkart,1283089236976081_0,Daily Care Built for Better Energy Rest .. Enhoncing Hedrt & Joint Health Improving Enefgy Immunty GRAB @ *759 heuatas- Fpcer 1 Fish Oli nkvitoly,145
healthkart,1289012628945561_0,MUSCLEBLAZE - MB WHEY PROTEIN UltrZ preMium Whey plcmD Mrricilikk Tea e 2kg I4.LIbl,83
healthkart,1295419242666728_0,Your Daily Routine Starts Herel GRAB @ *759 Free Sipper Wonth Fulol: hkvitols: Dlteennin Hishmil 8 2,100
healthkart,1311438877766611_0,Build A Healthier Lifestyle with Nourishment From Within Enhancing Huact Joint Health  Improvino Energy Immunly GRAB @ ~ppor *759 Rvitals; anoi hkvital nieitnmn,160
healthkart,1321647133416818_0,"Power Your Day, The Smarter Wayl GRAB @ *759 Frcer hkurtols hk vitols tlteienmin Aa 1",85
healthkart,1329225282033550_0,"AC L-CARNITINE XS 3000 HEW GET @ LfaT 21529 UsE cooe LcX RE 8 EEURXCIGE 05ArsE SupoboLSAT 5 Lprocrobooy ""ewUsers ONLI",117
healthkart,1332203445161822_0,"RG PRO-ANTIUM WHEY PRCTEN MP 72139 2879 UsE codE RCNEW RL= PRO Promotes Terrecovery ANTIUM Maximises 30v"" Cemnd romMenseusOmm AtoZlo",132
healthkart,1332847811740119_0,RG L_CARNITINE XS 3000 21599 {1529 GRAB USECODE RCNEW Supports Fae Enhances enfdmRAEi Jsshi ~alidtorncw UscaSonly 8,115
healthkart,1333585788222646_0,Daily Care Built for Better Energy & Rest_ Enhoncing Hedrt & Joint Health Improving Energy lmmunity GRAB @ *759 Kvitals hkvitals: ahoh Wullitocin 1,147
healthkart,1388916956494794_0,"MuscLeaLaze MB WHEY GOLD FdEucEcnn 2kg [L,Llbl",46
healthkart,1390097229657374_0,"RG PRO-ANTIUM LCARNITINE Liquid coMBO Promotes Faster Recovery KFP {4699 ""553s 3 Performance pro RE 8 ANTIUM Nsshl leraatl Saleeeno",131
healthkart,1398639995430851_0,Daily Care Built for Better Energy & Rest_ Enhoncing Hedrt & Joint Health Improving Energy lmmunity GRAB @ *759 Kvitals hkvitals: ahoh Wullitocin 1,147
healthkart,1399470292280312_0,Your Daily Routine Starts Herel GRAB @ *759 Free Sipper Wonth Fulol: hkvitols: Dlteennin Hishmil 8 2,100
healthkart,1401914601616504_0,GRITZO 7-12yrs SUPERMILK Protein & Hutrtion Drink Nk 9g Protein Calcium  Vit D3 21 Vitamins Minerals No Refined Sugars Preservatives 10096 Natural od0r,151
healthkart,1403362468274878_0,Your Everyday Essentials; Now For Less enncncingHaon Joint Heclth Improving Energy Jmmunit Ereo' Sip Der GRAB  *759 natak eital 1 Kulttorir,139
healthkart,1405802801455231_0,"Power Your Day, The Smarter Wayl GRAB @ *759 Frcer hkurtols hk vitols tlteienmin Aa 1",85
healthkart,1423136556298651_0,RG VaLID For New User ONLY L-CARNITINE XS 3000 41699 GRAB <1529 Use code RCNEW Supports EtrbiadoUSK Enhances enoURaNce 1 63 L ORANGE SMASH A65ML 8,146
healthkart,1424770023014781_0,RC RONNIE COLEMANSIGNATURE series CREATINE XS GRAB@ ?1079 UsE code: First 3g Hcoouis creniifo Mordi RL 100 Anlid,112
healthkart,1443177780950834_0,The Combo Your Routine Deserves__ GRAB *759 sippar hkvitals: F 0il 1 Hakvitola: Aeaanenan,89
healthkart,1444943887395325_0,AC PRO-ANTIUM H E Y R 0 T E | N 0a09 72879 GRAB ? UsE codE WheY PRO MAXIMISES ANTIUM | 21 d4 307| 35 INCREASED z1b TTaneianenuntnt,130
healthkart,1506521594823448_0,Your Daily Routine Starts Herel GRAB @ *759 Free Sipper Wonth Fulol: hkvitols: Dlteennin Hishmil 8 2,100
healthkart,1519456116325467_0,Your Daily Routine Starts Herel GRAB @ *759 Free Sipper Wonth Fulol: hkvitols: Dlteennin Hishmil 8 2,100
healthkart,1532905258332167_0,RC YEAH BUDDY PRE-WORKOUT POWDER MRP 21799 71619 USE CODE FIRST A z00mg CAFFEINE 2007 8 30 SERVINGS StRAWBERRY LEMONADE 0.59L8 ONLY FOR NEW USER YEAH BUDdyi,156
healthkart,1533007185215844_0,Build A Healthier Lifestyle with Nourishment From Within GRAB @ Ennancing Keott Joint Hculi *759 mpravino Energy Eemnannit hkvitals: hk vitals: Hckom Kultivitoml 0,163
healthkart,1542972984151186_0,AE VaLID For New User ONLY L-CARNITINE Xs3000 21699 81529 GRAB @ USE code RCNEW Supports FitXETADOLSX Ennances ENOURANCE | 5 1 ORANgeSkash A65ML,144
healthkart,1544863957302113_0,RC DLEMAN @nd-ANTIUM Whey ProTeiN 733as GRABO ?2879 UsEcode Whey RC PRO ANTIUM uoxouly Eim hntnele Cance 305 ~ourYLUDL DouaLE chocOLATE,135
healthkart,1555321339529197_0,"Watch What Happens When You Show Up Every Day PACK OF 2 Wock -2 CcllagcnPcptid0 : GET @ r909 Abtordod, Skin Hydroticn 80 Diins Wdokd hkvitals son Skin Starts Faelirg Softur More Supple COLLAGEM Week 5-0 Fine Linteg Appear Visibly Raduced Glox Ingreoeel Weekz-8} 48% Raduction In Fine Littes_ 4x Srnoother Skin , Vibole [mnptovument hkvitals skint colLaGEM Start Your Clock",372
healthkart,1563942538528175_0,RC ONYY FoRQEW USER L-CARNITINE XS 3000 MG LIQUID NEW gra8?o <1529 USE CODE Le 8 31 PINk 3g LEMONADB Jbtu Smg,109
healthkart,1564549875347623_0,Start Every Day The Right Wayl GRAB {759 Free Slpper Uaorin {599 nevitals hkeitola NuttarItomie Ashalt 3 2,106
healthkart,1572396698006297_0,"Keep Up With Your Hustle, Every Dayl GRAB @ *759 havitols- Inkvitols- 1 Kerlvicum cadil Focus FUEl anish T",106
healthkart,1575306900812468_0,AC L-CARNITINE XS 3000 MG LIQUID HEW Gann a 71529 USE CODE LcX 8 31 senvinng PINK LEMONADE 0gsm 3g LCam Smg Lamin 0 ~onLY FoakerUsep,132
healthkart,1578544603627987_0,Start Every Day The Right Wayl GRAB {759 Free Slpper Uaorin {599 nevitals hkeitola NuttarItomie Ashalt 3 2,106
healthkart,1578961363798449_0,Week 0 Fin o Lines Dull Skin; Uenvun Toxturt Week 8 Vicibly Firmion . Smoothor_ Radiane Shigt CLINICALLY PROVEN 48% Fewer Fine Lines Wrinkles 87% Noticed Heolthier= Looking Skin hkvitals hkvitols u CulLaGEA (OLLAGEM PACK OF 2 GET @ *909 Try It Yourself,252
healthkart,1598862835188319_0,Your Daily Routine Starts Herel GRAB @ *759 Free Sipper Wonth Fulol: hkvitols: Dlteennin Hishmil 8 2,100
healthkart,1622217775471024_0,"MUSCLEBLAZE"" MB MB-VITE DAILY MULTIVITAMIN Wgets Oeh Eeleds NUTRACEUTICAL Totke",79
healthkart,1636726680762167_0,RC PRO-ANTIUM W H &Y P R 0 T E | N {3399 GRAB @ 72879 USE cODE Whey HL MAXIMISES PRO TNC ANTIUM 1 INCREASED Zib Htceautnddniwrturfadmis,135
healthkart,1657070692016109_0,nc CREATINE XS 4199 <1079 USE codE RCNEW 100 3g [GREE4i09 Miirad5vn Weiioured 0-66L0 Cnnn Boa uetMsERSOHN,105
healthkart,1675017093805701_0,RC YEAH BUDDY PRE-WORKOUT zoomg CafFEINE YEAH 30 SERVINGS @UDdy PINk LEMONADE 0roli J079d GRAB 71619 USE CODE First Fleurrr,123
healthkart,1683700029514561_0,Build A Healthier Lifestyle with Nourishment From Within GRAB @ Ennancing Keott Joint Hculi *759 mpravino Energy Eemnannit hkvitals: hk vitals: Hckom Kultivitoml 0,163
healthkart,1689339955622524_0,"{sisalty ad F GN L6 spoR NITRAFLEX hypeREMA & TESTOSTERONE ENHANCING POWDER Hgtly Corcentated ZX Suengt Drcz  Studied CFB Vasoaclive Compounds "" J035y Sysu5 fuhm lement Wet Wett ""6ar (ri",186
healthkart,1696989998241229_0,RE KING WHEY P R 0 T E | N '3595 GREA <3324 codf RcXS AOmLOsLeaA FUSCLE RC BxolOSIUE KING 1 ENERM SUPPORTSFASTER WHEY Nu LCCLE 1 ZLD Torol Trdoiprepa Worocr,156
healthkart,1700635751165567_0,AG PRO-ANTIUM WHEY PROTEIN 23199 ?2879 Use code RCNEW 30g PROTEIN pPRO ANTIUM 3g CREATINE 2LB douale chocolate Lliotoetlulnsoul,127
healthkart,1705887973956463_0,RC KING WHEY MRP VESEsi 83499 PROTEIN Promotes Fatlk RlcovlrT RC KNG WHEY Maximises PCRFORMANCL Gntt ZLB ChOCOLAT aro,117
healthkart,1710506930165028_0,RE ISO-tropic {13885 710799 MAX Promotes FaSTcR RECOVERY Lean Muscle SUPPORT 50-HROPic MAX SLB Gcayn Chdcditedkn,112
healthkart,1716577649538244_0,Build A Healthier Lifestyle with Nourishment From Within Enhancing Heart Joint Heolth Imbfoving Enatgy Immunity GRAB @ *759 Wtols hkvitols Fmnoi Htatcarinnan 1,159
healthkart,1731698624731107_0,RC VaLID for New User ONLY PRO-ANTIUM GraB? ?2879 WHEY PROTEIN USECODE RCNEW Maximises EpfopmANGE Promotes Rasicr recovcry RE pro ANTIUM CaTTEECJSWt 304-| 35 ZLB dorunli Ghocolate,179
healthkart,1733400381335296_0,RG VALID for New User ONLY YEAH BUDDY Grb3 71619 PRE-WORKOUT Use code RCNEW RE 0.59 LB YEAH Strownorry BUDdy 200  200mg Tcnnn 5Omg sirac,136
healthkart,1739097527463768_0,RE KING WHEY prICR 87699 PROTEIN Maximises KB ~ KING Promotes WHEY Gehn |257' Cocolati SLB Tnet,95
healthkart,1750357476085418_0,RE 2385 VaLID For New User ONLY L-CARNITINE XS 3000 71659 GRAB 21529 USE codE RCNEW Supports EtrbaodUSK Enhances ECDURANCE A65ML orangsagy 8,140
healthkart,1768580774135289_0,RC RONNIE COLEMAN KING WHEY PROTEI MRP 27999 {7699 AC KNG WHEY INcREASES SurENGA SUPPORTSLEAN MUSCLE supportsfaster MuscLe RecoverY chocolate brownie,149
healthkart,1772093330820948_0,Sip your way to daily glow Enriched with marine collagen peptides PACK OF 2 GRAB @ 8909 Helps in reducing signs of skin aging hk I0og (vitals- hkvitals LGhn Collagem COLLAGEM,174
healthkart,1791042121879123_0,"7oamtlso4rm2N YEAH BUDDY MRP ?1619 PRE-WORKOUT 71753 USE CODE RCNEW RL LEide YEAH O.59LB BUDDY StronrorRy 200-, LncoICIE bu z00mg CAFREINE s0mg FsraiN ""VALID FOR NEW USEF ONL",174
healthkart,1911972526152755_0,"RC RONNIE COLEMAN CREATINE XS 63a8??1079 USE cooE FirSt 4 1 GREATIMEL Jpo 0,66L8 TaWeenDa",89
healthkart,1918721289516074_0,Daily Care Built for Better Energy Rest .. Enhoncing Hedrt & Joint Health Improving Enefgy Immunty GRAB @ *759 heuatas- Fpcer 1 Fish Oli nkvitoly,145
healthkart,1920800182629375_0,Build A Healthier Lifestyle with Nourishment From Within Enhancing Huact Joint Health  Improvino Energy Immunly GRAB @ ~ppor *759 Rvitals; anoi hkvital nieitnmn,160
healthkart,1930657357551754_0,"hk vitals: Research Driven Innovations Iron + Folic Acid with Zinc; Vitamin € 6 Vitomin Bi? mmunity Enorov "" 60 Copwuei",119
healthkart,1942815853173001_0,Build A Healthier Lifestyle with Nourishment From Within GRAB @ Ennancing Keott Joint Hculi *759 mpravino Energy Eemnannit hkvitals: hk vitals: Hckom Kultivitoml 0,163
healthkart,1943510403208696_0,g MUSCLEBLAZE MB WHEY PERFORMANCE etm PeRFORMANCE BLEND Rt uteacrutc 4kg (8.81b],80
healthkart,1992866581594397_0,Build A Healthier Lifestyle with Nourishment From Within Enhancing Huact Joint Health  Improvino Energy Immunly GRAB @ ~ppor *759 Rvitals; anoi hkvital nieitnmn,160
healthkart,1999898540633736_0,Daily Care Built for Better Energy & Rest_. Enhoncing Heart Jaint Health GRABC Improving Energy Immunity *759 hevtals hkvitals: Fsh olt ullivilom,145
healthkart,2033055344252697_0,Build A Healthier Lifestyle with Nourishment From Within GRAB @ Ennancing Keott Joint Hculi *759 mpravino Energy Eemnannit hkvitals: hk vitals: Hckom Kultivitoml 0,163
healthkart,2051316282152710_0,RE THE KiNG'S STACK gra8o <7649 FC 8 KING WHEY YEAH Q% UoDy idostt Hettn supports IEc ENHANCES,94
healthkart,2067376037465993_0,"RC L-CARNITINE XS 3000 GRA8??1619 USE CODE: FirST 200mg CAFFEINE 30 SERVINGS ""Ngeurgp DNLT PINK LEMONADE Olalt YEAH @UDdy",121
healthkart,2083418475907088_0,Daily Care Built for Better Energy & Rest_. Enhoncing Heart Jaint Health GRABC Improving Energy Immunity *759 hevtals hkvitals: Fsh olt ullivilom,145
healthkart,2085156449064619_0,Early Signs Your Hands Could Be Showing About Your Heart Your hands can sometimes reveal clues about your heart health: Here's what to look for: HK,147
healthkart,2085156449064619_1,Weak Grip Strength A consistently weak grip has been linked to a higher risk of cardiovascular problems: Whye Lower muscle strength can reflect poor overall cardiovascular fitness and health,190
healthkart,2085156449064619_2,"2 Constantly Cold Hands Cold hands can happen due to poor blood circulation: If they're persistent and accompanied by symptoms like chest pain; fatigue, or breathlessness, it's worth getting evaluated:",201
healthkart,2085156449064619_3,3 Clubbed Fingernails Rounded fingertips with nails that curve downward may be @ sign of reduced oxygen levels in the blood: This can sometimes be linked to heart or lung conditions,181
healthkart,2085156449064619_4,"White or Pale Nails Very pale or white nails may indicate: Poor blood circulation Anemia In some cases, underlying heart conditions",131
healthkart,2085156449064619_5,5 Yellow Bumps on Hand Tendons Small yellowish bumps around the knuckles or tendons (called tendon xanthomas) can be caused by high cholesterol: High LDL cholesterol significantly increases the risk of heart disease,215
healthkart,2085156449064619_6,"6 Fine Hand Tremors Small,; persistent tremors arent usually a heart disease symptom by themselves However; they may be associated with: Certain medications Thyroid disorders Nervous system conditions that can also affect heart health",234
healthkart,2085156449064619_7,"Difficulty Lifting Your Ring Finger you can't lift your ring finger independently while your hand is flat; it may indicate reduced nerve or tendon function_ While it's not @ direct sign of heart disease, some experts associate poor hand function with overall vascular health:",275
healthkart,2095288711056530_0,"AC RONNIE COLEMAN SIGNATURE SERIES L-CARNITINE XS 3000 NEW SYsto# GET 81614 USE CODE RcXS RE 8 ""BANSF 1 1 1 Robocol Aaubi DIScOUNT {200|prepaidoroeRs ONLY 6 ENHANCES ENDURANCE SUPPORTS FAT META BOLISM PROMOTES LEANER BODY",221
healthkart,2096766730877217_0,RG PRO-ANTIUM WHEY PROTEIN MRP 23159 22879 USE CODE RCNEW RC PRO ANTIUM 21 | dazue | 305 | 32 Eece Amd Promotes FASTER RECOVERY Maximises PERFORMANCE ~VALID FOR NEW USERS ONLY CHOcOLATE 2L8 doubLE,196
healthkart,2106121436653606_0,RE KING WHEY KPP 33590 3499 PROTEIN Promotes Hastlkalcoylkt HL KING Maximises plrforMarcL WHEY 2LB 22 0ib chdcdma= pmg,118
healthkart,2112228319333250_0,Your Daily Routine Starts Herel GRAB @ *759 Free Sipper Wonth Fulol: hkvitols: Dlteennin Hishmil 8 2,100
healthkart,2115949145630248_0,Daily Care Built for Better Energy & Rest_ Enhoncing Hedrt & Joint Health Improving Energy lmmunity GRAB @ *759 Kvitals hkvitals: ahoh Wullitocin 1,147
healthkart,2120210241871629_0,The Combo Your Routine Deserves__ GRAB *759 sippar hkvitals: F 0il 1 Hakvitola: Aeaanenan,89
healthkart,2253069408850905_0,Sip your way to daily glow 050 Enriched with PACK OF2 mnarine collagen peptidos GRAB @ 8909 Helps inreducing signs of skin aging hk vitals acanne COLLAGEN Mood hkvitals: coLLagew Faddaace,187
healthkart,2265880237515372_0,Build A Healthier Lifestyle with Nourishment From Within Enhancing Huact Joint Health  Improvino Energy Immunly GRAB @ ~ppor *759 Rvitals; anoi hkvital nieitnmn,160
healthkart,2435585073540174_0,MUSCLEBLAZE - MB WHEY PROTEIN UltrZ preMium Whey plcmD Mrricilikk Tea e 2kg I4.LIbl,83
healthkart,2468379456968699_0,nc RONNIE COLMAN KING WHEY Orotei 23599 GRAB 83499 HL~ KING WHEY dp0 Waease Surenoth LearhuscLe suppori,103
healthkart,2492305447951786_0,RC   Ronnie coleTCNsigtature series CREATINE XS Rxeretty Enha tNtagycr Suppsraf Cotkosit 656<1079 USE cODE: FirST 1& ~NeWy Users ouLy [CREATA,141
healthkart,2532476737182921_0,RC CREATINE XS MICRONISED CREATINE FORMULA CRETNES/09 Jnd 100 TavInG' 3g Kooeonne UNFLAVOURED O.GGLO MRP z119g ?1079 UsE code FIRST ~OnL-FCame X User,149
healthkart,25356299834067747_0,RC PRO-ANTIUM WHEY PROTEIN 6 CREATINE XS COMBO {5248 4249 GRAB @ Pro ANTIUM 2 & ciroueLete WmfETonaEO 0 66L0,108
healthkart,2554767504944530_0,RC F L A V 0 R Fi T FOR KINGS AMaILABLE coffee Toffee FLavouR LAUNCH PRICE MRP 25399 ?3099 ELB 256Protoin PREhIVI Padtein Dlend SuppoRTS Tutglt Grotyim KNG WHEY,160
healthkart,2710541706007149_0,YEAH BUDDY PRE-WORKOUT POWDER 21799 <1619 Use code RCNEW z00mg D4AfENE 30 SBrings Strawesary sail Wnvoeun SeFS @tt YEAH BUDDy,125
healthkart,27304211202575316_0,Daily Care Built for Better Energy & Rest_ Enhoncing Hedrt & Joint Health Improving Energy lmmunity GRAB @ *759 Kvitals hkvitals: ahoh Wullitocin 1,147
healthkart,27367529499524197_0,"KE 254 THE KING'S 28157 <7649 MRP STACK HE4 aC REI KING WHEY 259"" YEAH nuooy booSTS ENDURANCE suppoRTS LeAN huscLes ENHANCES eneRGY",131
healthkart,2738869943116451_0,"PERSHQIEH E Uutxize IS2 ""33S GOMPLEZ Cslt Brzu",46
healthkart,27645823611771340_0,Build A Healthier Lifestyle with Nourishment From Within Enhancing Heart Joint Heolth Imbfoving Enatgy Immunity GRAB @ *759 Wtols hkvitols Fmnoi Htatcarinnan 1,159
healthkart,2771231699926381_0,"Step Mix ` Scoop Wator. Step Stir. Sip, Dono. Step Let 5g Of Marine Collagen Work From The Inside Out_ hkvitals *"" NO COMPLICATED ROUTINE_ JUST RESULTS ColLageM PACK OF 2 GET @ *909 hkvitals collageM Make It Your Morning",220
healthkart,27795476970083795_0,Your Everyday Essentials; Now For Less enncncingHaon Joint Heclth Improving Energy Jmmunit Ereo' Sip Der GRAB  *759 natak eital 1 Kulttorir,139
healthkart,3813957348913100_0,"MuscLeaLaze MB WHEY GOLD FdEucEcnn 2kg [L,Llbl",46
healthkart,4373091626290226_0,RC PRO-ANTIUM w HEY P R 0TN 23i59 ?2879 USE CODE WHEY RC PRO NTIUM 305 PERFORMSNCS INCREASES RECOVERY Double Choco zib Tnoi,123
healthkart,4450771201733484_0,Daily Care Built for Better Energy & Rest_. Enhoncing Heart Jaint Health GRABC Improving Energy Immunity *759 hevtals hkvitals: Fsh olt ullivilom,145
healthkart,4537679479878604_0,RC PRO-ANTIUM WHEY PROTEIN 6L-CARNITINEXS3000 COMBO GRAB {4699 prO RG 8 ANTIUM 24 d crRQuLte drangishas Hnu,107
healthkart,717668187329402_0,2 MUSCLEBLAZE MB Luagr? GANEE } L high calorie Gainer # Vlinet fue Wutraceuiical Skg (11lbl,91
healthkart,787993437636518_0,"Step Mix ` Scoop Wator. Step Stir. Sip, Dono. Step Let 5g Of Marine Collagen Work From The Inside Out_ hkvitals *"" NO COMPLICATED ROUTINE_ JUST RESULTS ColLageM PACK OF 2 GET @ *909 hkvitals collageM Make It Your Morning",220
healthkart,848882094646188_0,"RC KING WHEY GR4Te {7499 PROTEIN Use code AcXS KNG chocolats WHEY ESas SLB BuILDS Wnmec EXPLOSIVE eneng suppoRTS EotrMueeenotny ""MdecdunITZDD",141
healthkart,857583953994944_0,MUSCLEBLAZE MB WeiGHT GAINER nutritious WAY To GAIN Weight pRotey Doestich Nutraccutical,88
healthkart,861362716706341_0,AG KING WHEY P R 0 T EIN {3599 23324 GRAB @ USE code RcXs NG BUILDSLEAN KING MUSCLE WHEY | EXPROSIVE supportsfaster Wsreffcouer 2L0 AudrcoutttzodifpeolidceriR,158
healthkart,876747452170542_0,Daily Care Built for Better Energy Rest .. Enhoncing Hedrt & Joint Health Improving Enefgy Immunty GRAB @ *759 heuatas- Fpcer 1 Fish Oli nkvitoly,145
healthkart,884788830577841_0,5mgredients One Unstoppable Skin Formula INGREDIENT BENEFIT Marine Colladcn Peptides Fums Skin. Roositalosticity Hyaluronic Acid Decp Aydeetion phmc? Fino Linte Wlutols  Brlahtens Supports Ccllagen Producticn CoLLagem Vitomin= Lockt Mciatufo_ Fights Oxidative Danano Vitomin€ Kkvitols _ colLagem Strorno: Hair Ahcn Biotin PACK OF 2 GET @ 7909,342
healthkart,887592217455346_0,MMtaacutica ONE FUELE WHEY PERFORMANCE nutRition _ FOR QUALITY _ ASSUREd PREMiUm = PERFORMANCE iNGredients high _,113
healthkart,889514613744383_0,RC USER PRO-ANTIUM WhEY P R 0TEIN GRA8? <2879 UsE codE WHEY aC PRO a XIMISES ANTIUM PERFORMANCE 307|35 IncreaseS Recovery couniecrocolt 2LB Je drcount*d0,153
healthkart,893029029771745_0,"RG KING WHEY PROTEIN TSAJ GET @ 83324 USE CODE AcXS 25g ppDTEIN 1 KING supports EAnMUSELES WHEY INCREASES Srcngi CHOCOLATE BROWNIE 2LB ""Madecduntehdoippupaid Dro",161
healthkart,903515712217113_0,KES= PRO-ANTIUM WHEY PROTEIN 6L-CARNITINE Liquid coMBO '4338  R4699 GrAb @ KL AL 8 3i016 boooMG We PRO AeaRNmni- 45671 Ddqul ANTIUM URANGE cudcoATF,147
healthkart,906031465350342_0,"HUSCLEELALE MB Fpt PEANUT BUTTER ""Crunchy Kolcn 2 Cxugu Net Wcight: Ig)",71
healthkart,921250426901891_0,"RG VALID for New User ONLY YEAH BUDDY 6r783, 81619 PRE-WORKOUT Use code rcNEW RC YEAH 0.59LB strawdeany ITMOnaOn BUDDy 2005 2o0mg 50mg Snnann",141
healthkart,945734694630064_0,"3 MUSCLEBLAZE"" MB CREAPRO CReatine MOnohyDRATE Jg Crealine ' Monohydrate Contains Creapure"" R [Unflavoured 250g",111
healthkart,945960905115627_0,RC CREATINE XS UNFLAVOURED WiLn5 GRAB @ <1127 USE cODE: PREPAY 3g-88morate 100 Ftfm- CREATINE Cnlcnomnnenaidornen Dara,118
healthkart,947843761604138_0,Build A Healthier Lifestyle with Nourishment From Within Enhancing Huact Joint Health  Improvino Energy Immunly GRAB @ ~ppor *759 Rvitals; anoi hkvital nieitnmn,160
healthkart,957155160640118_0,Daily Care Built for Better Energy Rest .. Enhoncing Hedrt & Joint Health Improving Enefgy Immunty GRAB @ *759 heuatas- Fpcer 1 Fish Oli nkvitoly,145
healthkart,974324005439347_0,Daily Care Built for Better Energy & Rest_. Enhoncing Heart Jaint Health GRABC Improving Energy Immunity *759 hevtals hkvitals: Fsh olt ullivilom,145
healthkart,986329620682066_0,Daily Care Built for Better Energy & Rest_ Enhoncing Hedrt & Joint Health Improving Energy lmmunity GRAB @ *759 Kvitals hkvitals: ahoh Wullitocin 1,147
healthkart,986438940862308_0,"AONni colnman 31 THE WORLD'S MOST servings ICONIC L-CARNITINE pesigned by RONNIE COLEMAN Metabolism"" support NEW MRP 22459- <1699 Non Stim Thermogenic"" 8 4 4",157
healthkart,990360143766182_0,RC PRO-ANTIUM w HEY P R 0TN 23i59 ?2879 USE CODE WHEY RC PRO NTIUM 305 PERFORMSNCS INCREASES RECOVERY Double Choco zib Tnoi,123
healthkart,991327793765257_0,Daily Care Built for Better Energy & Rest_. Enhoncing Heart Jaint Health GRABC Improving Energy Immunity *759 hevtals hkvitals: Fsh olt ullivilom,145
healthkart,994457530136629_0,RC RONNIECOLEMAN L-CARNITNE RANGE Hew MEw GRA8% ?1529 code LcX RC 8 RC 8 0 0 I 1 3,82
healthkart,997154623207374_0,"Watch What Happens When You Show Up Every Day PACK OF 2 Wock -2 CcllagcnPcptid0 : GET @ r909 Abtordod, Skin Hydroticn 80 Diins Wdokd hkvitals son Skin Starts Faelirg Softur More Supple COLLAGEM Week 5-0 Fine Linteg Appear Visibly Raduced Glox Ingreoeel Weekz-8} 48% Raduction In Fine Littes_ 4x Srnoother Skin , Vibole [mnptovument hkvitals skint colLaGEM Start Your Clock",372
ixigo,1004683659090496_0,ixigo IndiGo Fares starting R1699,33
ixigo,1006725315748649_0,"ixigo Akasa Air Fares starting at 71,799' [",43
ixigo,1008954455295855_0,ixigo SAVE UP TO 30%' ON FLIGHTSI Family Adventures Just Got Cheaper: Book Now t,80
ixigo,1015014768196306_0,"spicejet Fares Starting at 71,799 ixigo ""Togae 'Soicefct",56
ixigo,1017677914374698_0,ixigo Book More Save More Unlock best deals across all airlines on ixigo,72
ixigo,1027959653483987_0,ixigo FARES That Stay Low Up to 25% off on flights with ixigo,61
ixigo,1033175689449284_0,ixigo Lowest FARE FOUND Enjoy lowest fares & exclusive offers year-round,72
ixigo,1034971962771170_0,"IndiGo IndiGo- Fares Starting at 71,699 ixigo ~T8C Apply 'IndiGo",64
ixigo,1038240885615623_0,"Akasci _ Air: Akasa Air Fares Starting r1799 ixigo ""T6C Apply",61
ixigo,1040091912247266_0,"Fares Starting at IndiGo_ Inoigc 71,899 ixigo ""T8C Apply",56
ixigo,1040649615229838_0,"Fares Starting at IndiGo_ Inoigc 71,899 ixigo ""T8C Apply",56
ixigo,1045946584703930_0,"ixigo IndiGo Fares starting at 71,699",37
ixigo,1053150643784058_0,ixigo IndiGo Fares starting R1699,33
ixigo,1057049093425045_0,"AIR INDIA Fares Starting at 71,999 ixigo ""Togae Air INDIA",57
ixigo,1059941163147510_0,"AIR INDIA Fares Starting at 71,999 ixigo ""Togae Air INDIA",57
ixigo,1061950992949941_0,ixigo TRICOLOUR TRAVEL SALE 12th-17th August Up to 15% Off on Flights & Hotels Valid on Credit Cards QICICI Bank RBLBANK TSC AFoly,130
ixigo,1068550792188940_0,ixigo Book More Save More Unlock best deals across all airlines on ixigo,72
ixigo,1070749008935615_0,"IndiGo Fares Starting at 71,699 'Indi6o  ixigo ""TBC Apply",57
ixigo,1082636410758630_0,"spicejet Fares Starting at 71,799 ixigo ""Togae 'Soicefct",56
ixigo,1144180794930449_0,"AIR INDIA Fares Starting at 71,999 ixigo ""Togae Air INDIA",57
ixigo,1163177272546715_0,"IndiGo Fares Starting at 81,699 IndiGo 'lndiGo ixigo #T8C Apply",63
ixigo,1170516561793641_0,"ixigo AIR INDIA Fares Starting at 21,799 Fden",45
ixigo,1240910569099969_0,"Fares Starting at IndiGo_ Inoigc 71,899 ixigo ""T8C Apply",56
ixigo,1247086817072122_0,"Indi6e IndiGo Fares Starting at 71,699 ixigo Cse",48
ixigo,1308112591126603_0,ixigo AIR INDIA Fares starting r1599,36
ixigo,1326921355900720_0,"AIR INDIA Fares Starting at 71,999 ixigo ""Togae Air INDIA",57
ixigo,1330283562509756_0,ixigo TRICOLOUR TRAVEL SALE 12th-17th August Up to 15% Off on Flights & Hotels Valid on Credit Cards QICICI Bank RBLBANK TSC AFoly,130
ixigo,1349543404009343_0,"IndiGo Fares Starting at 71,699 'Indi6o  ixigo ""TBC Apply",57
ixigo,1365788074983327_0,"IndiGo Fares Starting at 31,699 8 cn ^ ladGo ixigo T8C Apply",60
ixigo,1366607745604509_0,ixigo SAVE UP TO 30%' ON FLIGHTSI Family Adventures Just Got Cheaper: Book Now t,80
ixigo,1379146567525650_0,"AIR INDIA Fares Starting at 71,999 ixigo ""Togae Air INDIA",57
ixigo,1402012255153995_0,"K8 IndiGo Hao IndiGo  Fares Starting r1699 ixigo ""T6C Apply",59
ixigo,1442382781031420_0,ixigo SMART FLIGHT DEALS Unlock Best Rates For Your Trips: Book Now,67
ixigo,1450166973695440_0,"ixigo AIR INDIA express Fares starting at 71,599 'express",57
ixigo,1466657858340991_0,ixigo SAVE UP TO 30%' ON FLIGHTSI Family Adventures Just Got Cheaper: Book Now t,80
ixigo,1475634807659220_0,"Akasci _ Air: Akasa Air Fares Starting r1799 ixigo ""T6C Apply",61
ixigo,1484380903279931_0,"ixigo Akasa Air Fares Starting at 21,799 T8C APPLY",50
ixigo,1504892011670184_0,"ixigo AIR INDIA Fares Starting at 21,799 T8C APPLY",50
ixigo,1528714305672434_0,ixigo,5
ixigo,1530018492039235_0,"ixigo Spicelet Fares Starting at 21,499 'T8C APPLY",50
ixigo,1538020604656584_0,"ixigo Akasa Air Fares Starting at 21,799 T8C APPLY",50
ixigo,1538094820862541_0,"K8 IndiGo Hao IndiGo  Fares Starting r1699 ixigo ""T6C Apply",59
ixigo,1545169127091164_0,"IndiGo IndiGo- Fares Starting at 71,699 ixigo ~T8C Apply 'IndiGo",64
ixigo,1555917926174801_0,Did &ou pay { 5ooo fon #his fught 2? Jot thia flght fom { 3499 on ixigo,71
ixigo,1575573307405890_0,ixigo FARES That Stay Low Up to 25% off on flights with ixigo,61
ixigo,1593182005804573_0,"ixigo Akasa Air Fares Starting at 21,799 T8C APPLY",50
ixigo,1601776191513086_0,"IndiGo IndiGo- Fares Starting at 71,699 ixigo ~T8C Apply 'IndiGo",64
ixigo,1605662877947259_0,"ixigo AIR INDIA Fares Starting at 21,799 Fden",45
ixigo,1607849200685704_0,ixigo IndiGo Fares starting R1699,33
ixigo,1680194526607458_0,"K8 IndiGo Hao IndiGo  Fares Starting r1699 ixigo ""T6C Apply",59
ixigo,1683724642766620_0,ixigo IndiGo Fares starting R1699,33
ixigo,1686733572485997_0,"Akasci _ Air: Akasa Air Fares Starting r1799 ixigo ""T6C Apply",61
ixigo,1692936255272690_0,"ixigo IndiGo Fares starting at 71,699* ~T&C Apply IndiGo",56
ixigo,1739302227109028_0,Did &ou pay { 5ooo fon #his fught 2? Jot thia flght fom { 3499 on ixigo,71
ixigo,1751932155838391_0,"ixigo IndiGo Fares starting at 71,699* ~T&C Apply IndiGo",56
ixigo,1765054677848628_0,"IndiGo Fares Starting at 81,699 IndiGo 'lndiGo ixigo #T8C Apply",63
ixigo,1766464274786624_0,"ixigo Spicelet Fares Starting at 21,499 'T8C APPLY",50
ixigo,1767303244273291_0,Did &ou pay { 5ooo fon #his fught 2? Jot thia flght fom { 3499 on ixigo,71
ixigo,1768057810867637_0,"spicelet Fares Starting at 31,799 'Soicefet' pnyran ixigo ""T8C Apply",68
ixigo,1779133113470677_0,"Fares Starting at IndiGo_ Inoigc 71,899 ixigo ""T8C Apply",56
ixigo,1795373415037053_0,"ixigo AIR INDIA Fares Starting at 21,799 T8C APPLY",50
ixigo,1822103442085010_0,"ixigo AIR INDIA Fares Starting at 21,799 Fden",45
ixigo,1847496396223156_0,"Fares Starting at IndiGo_ Inoigc 71,899 ixigo ""T8C Apply",56
ixigo,1851711899125298_0,"ixigo Air INDIA Fares starting at R2,299'",41
ixigo,1964008280974727_0,"IndiGo IndiGo- Fares Starting at 71,699 ixigo ~T8C Apply 'IndiGo",64
ixigo,2020061752206064_0,"IndiGo Fares Starting at 71,899 IndiGo IndiGo ixigo ""T8C Apply",62
ixigo,2065761451482108_0,"ixigo IndiGo Fares starting at {1,699 Tcy IndiGo",48
ixigo,2098421747416971_0,"spicejet Fares Starting at 71,799 ixigo ""Togae 'Soicefct",56
ixigo,2107468263461149_0,"ixigo IndiGo Fares starting at 71,699* ~T&C Apply IndiGo",56
ixigo,2174936469786633_0,ixigo Lowest FARE FOUND Enjoy lowest fares & exclusive offers year-round,72
ixigo,2190090274866645_0,"IndiGo Fares Starting at 71,699 'Indi6o  ixigo ""TBC Apply",57
ixigo,2190925871738787_0,"ixigo AIR INDIA Fares Starting at 21,799 T8C APPLY",50
ixigo,2200009024123487_0,ixigo TRICOLOUR TRAVEL SALE 12th-17th August Up to 15% Off on Flights & Hotels Valid on Credit Cards QICICI Bank RBLBANK TSC AFoly,130
ixigo,2200923357037261_0,"K8 IndiGo Hao IndiGo  Fares Starting r1699 ixigo ""T6C Apply",59
ixigo,2225589731545136_0,ixigo Lowest FARE FOUND Enjoy lowest fares & exclusive offers year-round,72
ixigo,2305811483510880_0,AiR INDIA Fares starting at R1590 ixigo,39
ixigo,2423899494763444_0,"spicejet Fares Starting at 71,799 ixigo ""Togae 'Soicefct",56
ixigo,2487133348466781_0,"Indi6e IndiGo Fares Starting at 71,699 ixigo Cse",48
ixigo,2511717095992310_0,"spicejet Fares Starting at 71,799 ixigo ""Togae 'Soicefct",56
ixigo,2528864167629649_0,"AIR INDIA Fares Starting at 71,999 ixigo ""Togae Air INDIA",57
ixigo,2532295043899042_0,ixigo,5
ixigo,2556214901459439_0,ixigo TRICOLOUR TRAVEL SALE 12th-17th August Up to 15% Off on Flights & Hotels Valid on Credit Cards QICICI Bank RBLBANK TSC AFoly,130
ixigo,2642066819520268_0,"IndiGo IndiGo- Fares Starting at 71,699 ixigo ~T8C Apply 'IndiGo",64
ixigo,2643503669398764_0,ixigo SMART FLIGHT DEALS Unlock Best Rates For Your Trips: Book Now,67
ixigo,2648360662227741_0,Did &ou pay { 5ooo fon #his fught 2? Jot thia flght fom { 3499 on ixigo,71
ixigo,2746364825713722_0,"ixigo Akasa Air Fares Starting at 21,799 TG Em",46
ixigo,2765166657196480_0,"spicejet Fares Starting at 71,799 ixigo ""Togae 'Soicefct",56
ixigo,27652718494383348_0,ixigo IndiGo Fares starting R1699,33
ixigo,2855325691501108_0,"ixigo AIR INDIA Fares Starting at 21,799 T8C APPLY",50
ixigo,2897926987243118_0,ixigo TRICOLOUR TRAVEL SALE 12th-17th August Up to 15% Off on Flights & Hotels Valid on Credit Cards QICICI Bank RBLBANK TSC AFoly,130
ixigo,2959763467691366_0,"ixigo Akasa Air Fares Starting at 21,799 T8C APPLY",50
ixigo,3043938039138770_0,ixigo Book More Save More Unlock best deals across all airlines on ixigo,72
ixigo,3483297281835851_0,ixigo IndiGo Fares starting R1699,33
ixigo,3526284837512284_0,"Fares Starting at IndiGo_ Inoigc 71,899 ixigo ""T8C Apply",56
ixigo,3598766116963516_0,"Akasci _ Air: Akasa Air Fares Starting r1799 ixigo ""T6C Apply",61
ixigo,3928009960667567_0,Akasc: Air Akasa Air Fares Starting R1799 ixigo 'Trcac;,55
ixigo,4050798775216644_0,Did &ou pay { 5ooo fon #his fught 2? Jot thia flght fom { 3499 on ixigo,71
ixigo,4086204681672070_0,"Fares Starting at IndiGo_ Inoigc 71,899 ixigo ""T8C Apply",56
ixigo,4219471118307499_0,"IndiGo Fares Starting at 31,699 8 cn ^ ladGo ixigo T8C Apply",60
ixigo,4372901793031493_0,ixigo IndiGo Fares starting R1699,33
ixigo,4454187058132795_0,Did &ou pay { 5ooo fon #his fught 2? Jot thia flght fom { 3499 on ixigo,71
ixigo,4605774386414998_0,Did &ou pay { 5ooo fon #his fught 2? Jot thia flght fom { 3499 on ixigo,71
ixigo,730696353417000_0,GLOBAL GETAWAY SALE 7 Flat on International Flights & Hotels 12% OFF No Min: Booking Amount Valid on All Payment Modes Valid iI 30th cc Code : GLOBAL ixigo TRC Apply,165
ixigo,800511459221141_0,ixigo 2415 NDIA AiR INDIA Fares Starting R1799,46
ixigo,801016033068190_0,"Indi6e IndiGo Fares Starting at 71,699 ixigo Cse",48
ixigo,818868744638715_0,ixigo IndiGo Fares starting R1699,33
ixigo,826647263771153_0,"AIR INDIA Fares Starting at 71,999 ixigo ""Togae Air INDIA",57
ixigo,874708911654329_0,"Akasci _ Air: Akasa Air Fares Starting r1799 ixigo ""T6C Apply",61
ixigo,881943884675328_0,"IndiGo IndiGo- Fares Starting at 71,699 ixigo ~T8C Apply 'IndiGo",64
ixigo,885487007926274_0,"ixigo IndiGo Fares starting at {1,699 Tcy IndiGo",48
ixigo,886347364156745_0,"ixigo IndiGo Fares starting at 71,699* ~T&C Apply IndiGo",56
ixigo,909700245401632_0,"ixigo Spicelet Fares Starting at 21,499 'T8C APPLY",50
ixigo,931683733283430_0,"Akasci _ Air: Akasa Air Fares Starting r1799 ixigo ""T6C Apply",61
ixigo,955527213691150_0,ixigo FARES That Stay Low Up to 25% off on flights with ixigo,61
ixigo,989596027402160_0,"Fares Starting at IndiGo_ Inoigc 71,899 ixigo ""T8C Apply",56
ixigo,999791089686733_0,"AIR INDIA ) Fares Starting at 71,999 ixigo ""T8C Apply Air INDIA",63
licious,1012089821621795_0,NEW Jbb Rich & Tangy,20
licious,1012933618047921_0,OC  PROTEIN READY ' IN O200 HOZ Qu Liclous MINS Huwa Licious Dadiew FLAT 20% OFF FREE DELIVERY,94
licious,1015803937561487_0,"Licious Store Borewell Road, we re all set to serve freshness? Licious 035 CHICKEN 2806 d5 Muttom Queru FISH 033 _ Swipe to step inside",135
licious,1015803937561487_1,Licious Store Allyour favourites; in one place,46
licious,1015803937561487_2,Licious Store Zero fGouiarisea for Hygiene Fondd Tovc Meut,58
licious,1015803937561487_3,Licious Store Cuts Cusaovosedke the Way,39
licious,1015803937561487_4,Licious Store Stepin& savebig' WELCOME OFFER Chicken Curry Cut at ? 279/k9,74
licious,1015803937561487_5,Liciotus BOREWELL ROAD Visit Todayl,35
licious,1043059745108402_0,THE Licious GREATEST Standto win (CHICKEN exciting prizes! Quz EVER ? Tap to Play it's freel UEelt,98
licious,1139773061419039_0,"Licious Store 95+prakarche Fishani Seafood; Rozfreshpakadlelya,fakta tumchya sathi! Ataach checkkaral",101
licious,1139773061419039_1,Licious Store Orderkara tazaBombil Chhotyaboatsmadhun; Rozfreshpakadlelyal Fakta Liciousvar,91
licious,1139773061419039_2,"Licious Store JevhaRawascha prashnapadlaki, Tumhi deservekartafaktafreshl Anitemilnaronly Liciousvar!",101
licious,1139773061419039_3,"Licious Store Curry-readyMandeli Atamilnarfresh,fakta Licious storevar!",71
licious,1139773061419039_4,"Licious Store Tazapakadlelyg White Pomfret priyo? Noadded chemicals, Tumchya avadtipramane cutkelelya, Kadichfrozen nakelelel",125
licious,1139773061419039_5,"Licious Store Majedar Black Pomfret Milva ekdumfresh,kadich frozennakelelel",75
licious,1139773061419039_6,Licious Store OrderkarabutterySea White Prawns Tumchya Seafoodfeast sathi ekdumperfect!,87
licious,1139773061419039_7,Licious Store Khatamhonva Ekai; lavkar gheun- Fish ani Seafood chastock limited aahe: Orderkara ataachfakta Licious store madhun!,129
licious,1260716939166661_0,Licious Borewell Road; Store your one-stop shopfor moreisherel fresh meats &  NOW OPEN,86
licious,1300539265508889_0,Licious 'Store TC Palya s ultimate destination for fresh Meats & Seafoodl Swipe to step inside> Doj Om Qaj' J33 Licious CHICKEN 0 83836 MUTTON coe3as Deas FISH 035 .,165
licious,1300539265508889_1,Licious 'Store Unmatched varietyl,33
licious,1300539265508889_2,Licious 'Store Unmatched hygienel,33
licious,1300539265508889_3,Licious 'Store Unmatched personalisation!,41
licious,1300539265508889_4,Licious 'Store Unmatched amenities!,35
licious,1300539265508889_5,Licious 'Store Visit the TC Palya Licious store todayl Wor 0 a0 Licious @a3 CHICKEN 28836 MuttoN deso De3s FISH 035,115
licious,1328259168834575_0,Microwave Meal,14
licious,1343222114317426_0,We crave to; give you only the best! LiciousIsHere Neo Town; Ecity Store NOW OPEN,81
licious,1347473840862108_0,NDIA'$ Chickey,14
licious,1393533865575491_0,"Licious Knaezw FLAT  10% OFF on your favourite  Seawater fishes? Code:KHO ""Valid 'onyour * first visit Licious Store",116
licious,1418391213669339_0,Licious Getfresh Fish fast! FLASH delivery in 30mins,52
licious,1420910706532359_0,"Licious JUICV SPICV& VUMMY Ready  in2 mins HGu LAuNch 0 20% OFF"" FrEE DELIVERY",78
licious,1451256299424831_0,"We crave to, giveyou only the best! LiciousIsHere 4e Licious 02; chickehe (en yttoh O5 1 TC Palya Store NOW OPEN",112
licious,1473438394284441_0,We crave to; give you only the best! LiciousIsHere 48 Licious 03 con uto Euf 3 ITI Layout Mallathahalli  Store NOW OPEN,119
licious,1496228875205039_0,Licious Store 45 Lakhs+ people love our fresh Fish & Seafood Swipe to see why,77
licious,1496228875205039_1,Licious Store Sourced daily small  boats from,45
licious,1496228875205039_2,Licious Store Expertlycut fecleened asper your= preference,58
licious,1496228875205039_3,Licious Store Always fresh; never frozen,40
licious,1496228875205039_4,Licious Store See - the- 'freshness up closel Borewell  Road Store NOW OPEN,75
licious,1527764285496353_0,Licioue BALAGERE NOW OPEN_ SWIPE TO SEE ALL THAT YOU GET >>,59
licious,1527764285496353_1,Licious Store Anjal (Seer),26
licious,1527764285496353_2,Licious Store Bangda,20
licious,1527764285496353_3,Licious Store Boothai (Sardine),31
licious,1527764285496353_4,Licious Store Kane (Lady Fish),30
licious,1527764285496353_5,Licious Store Pomfret,21
licious,1527764285496353_6,"Licious Store Chicken Curry "" Cut",33
licious,1527764285496353_7,Licious Store Chicken Boneless Cut,34
licious,1527764285496353_8,Licious Store Goat Curry Cut,28
licious,1527764285496353_9,Licious BALAGERE SEE YOU SOONI,30
licious,1534253841770970_0,,0
licious,1592193459096797_0,OC  PROTEIN READY ' IN O200 HOZ Qu Liclous MINS Huwa Licious Dadiew FLAT 20% OFF FREE DELIVERY,94
licious,1613045343308615_0,"Licious Store 95+ varieties of Fish & Seafood;, allin in one placel",67
licious,1648254273032125_0,"Licious Store 95+ varieties of Fish & Seafood;, allin in one placel",67
licious,1700437724412440_0,We crave to; give you only the best! LiciousIsHere 48 Licious 03 con uto Euf 3 NOW OPEN Velahanka Store,103
licious,1746947383014312_0,Licious Freshfish & seafood STARTING AT 149 ORDER NOW LCApphi,61
licious,1930311797678621_0,Licioue BALAGERE NOW OPEN_ SWIPE TO SEE ALL THAT YOU GET >>,59
licious,1930311797678621_1,Licious Store Anjal (Seer),26
licious,1930311797678621_2,Licious Store Bangda,20
licious,1930311797678621_3,Licious Store Boothai (Sardine),31
licious,1930311797678621_4,Licious Store Kane (Lady Fish),30
licious,1930311797678621_5,Licious Store Pomfret,21
licious,1930311797678621_6,"Licious Store Chicken Curry "" Cut",33
licious,1930311797678621_7,Licious Store Chicken Biryani Cut,33
licious,1930311797678621_8,Licious Store Goat Curry Cut,28
licious,1930311797678621_9,Licious BALAGERE SEE YOU SOONI,30
licious,2078136880247869_0,Licious Freshfish & seafood STARTING AT 149 ORDER NOW LCApphi,61
licious,2204813600363931_0,Liciousso CLASSIC EGGs Trisha & Paruitshi,41
licious,2224758088372535_0,Licious Store BEGUR KOPPA NOW OPEN_ SWIPE TO SEE ALL THAT YOU GET >>,68
licious,2224758088372535_1,Licious Store Anjal (Seer),26
licious,2224758088372535_2,Licious Store Bangda,20
licious,2224758088372535_3,Licious Store Boothai (Sardine),31
licious,2224758088372535_4,Licious Store Kane (Lady Fish),30
licious,2224758088372535_5,Licious Store Pomfret,21
licious,2224758088372535_6,"Licious Store Chicken Curry "" Cut",33
licious,2224758088372535_7,Licious Store Chicken Boneless Cut,34
licious,2224758088372535_8,Licious Store Goat Curry Cut,28
licious,2224758088372535_9,Licious BEGUR KOPPA SEE YOU SOONI,33
licious,2249097672602088_0,NDIA'$ Chickey,14
licious,3067544596780432_0,CURRY OR FRY REcHCUT EVERRYTIME Licious OEE 5044 ON VANJARAM Installtheapp,74
licious,3068678223323263_0,"Licious 'Store Hebbal, Kempapuras_ ultimate destination for fresh Meats & Seafood! Swipe to step inside> Doj Om Qaj' Licious 9e5 CHICKEN 0 83836 coe3as MUTTON Deas FISH 035 .",174
licious,3068678223323263_1,Licious 'Store Unmatched personalisation!,41
licious,3068678223323263_2,Licious 'Store Unmatched amenities!,35
licious,3068678223323263_3,Licious 'Store Unmatched varietyl,33
licious,3068678223323263_4,Licious 'Store Unmatched hygienel,33
licious,3068678223323263_5,"Licious 'Store Visit the Hebbal, Kempapura Licious store todayl Wor 0 a0 Licious @a3 CHICKEN 28836 MuttoN deso De3s FISH 035",124
licious,34723496670627183_0,"Licious 'Store Neo Town, E-City's ultimate destination for fresh Meats & Seafoodl Swipe to step inside> Doj Om Qaj' J33 Licious CHICKEN 0 83836 MUTTON coe3as Deas FISH 035 .",173
licious,34723496670627183_1,Licious 'Store Unmatched personalisation!,41
licious,34723496670627183_2,Licious 'Store Unmatched amenities!,35
licious,34723496670627183_3,Licious 'Store Unmatched varietyl,33
licious,34723496670627183_4,Licious 'Store Unmatched hygienel,33
licious,34723496670627183_5,"Licious 'Store Visit the Neo Town, E-City Licious store todayl Wor 0 a0 Licious @a3 CHICKEN 28836 MuttoN deso De3s FISH 035",123
licious,4667410793480453_0,Licious OUR HOT NEW) DROPS HEAT. EAT: REPEAT: Ultimate Tandoori Chicken FLAT 20% OFF FREE DELIVERY Honey Chilli Chicken Wings g,127
licious,919595047291833_0,"Licious Knaezw FLAT  10% OFF on your favourite  Seawater fishes? Code:KHO ""Valid 'onyour * first visit Licious Store",116
licious,931787163128023_0,"Licious Knaezw FLAT  10% OFF on your favourite  Seawater fishes? Code:KHO ""Valid 'onyour * first visit Licious Store",116
licious,942370325434141_0,"Fresh Chicken, Mutton, Fish? LiciousIsHere AECS Kudlu Store NOW OPEN",68
licious,963328296674162_0,Licious Store Borewell Road; sayhello to 95+ yvarieties of fresh Fish Seafood,77
licious,976551381515802_0,"We crave to, giveyou only the best! LiciousIsHere 4"" Licious 3 chickehe (en yttoh O5 1 AECS Kudlu Store NOW OPEN",112
licious,983369480870934_0,"Licious Store 95+kkuhechchu Fish &Seafoodvarietygalu Pratidinafresh catch, nimagoskara Indetrymaadil",100
licious,983369480870934_1,"Licious Store Fresh Kandaqyi Pratidina, sanna donigalindahididaddu Licious-nalli maatral",88
licious,983369480870934_2,Licious Store Mathitinbekanisidre barifresh Mathi-anne tinbekul Fresh-andre; only Licious,89
licious,983369480870934_3,Licious Store Nimma ready-aada Guiliaanji Bilie Fresh-aagipadeyiri Licious Store-allimaatra,91
licious,983369480870934_4,"Licious Store Fresh-aagihididaKaane Noadded chemicals, Nimagebeekada,nimma ishtavaada cuts! Neverfrozen:",104
licious,983369480870934_5,"Licious Store Kolatharuiddare, aadinada oota,ruchikara Adakkagiyefresh aagipadeyiri; notfrozen!",95
licious,983369480870934_6,Licious Store Nimma perfect seafoodfeast-ge Fresh-fresh Belli Meenu,67
licious,983369480870934_7,Licious Store Ivellamugiyodra modalehidfdukollil Fresh Fish & Seafood-na 8e837256 Licious Store-nalli maatral,109
licious,987313973649986_0,We crave to; give you only the best! LiciousIsHere NOW OPEN Velahanka Store,75
licious,988221160351027_0,Liciousso CLASSIC EGGs Trisha & Paruitshi,41
licious,993729893317554_0,"We crave to; give you only the best! LiciousIsHere 48 Licious 03, con uto Euf 3 Bagalur Road Store NOW OPEN",107
makemytrip,1008623738710604_0,"Makg trip | Helidsy Peckstet KA Nichts THAILAND culture Contad Book Now @ Varanasi store {49,999"" (+91) 865-536-3790 Sulne Tol 5n Wsnnodreinednti Pearin Hotel Mureun hnnkiU Ruudt Hl0lo",184
makemytrip,1009902911974377_0,make W trip Travel Planning; Simplified. Plan In Poilegines One Disorcr Inc ecst Ucals On WIEApP Fiaca Lrt Hatnd,112
makemytrip,1014544061582677_0,Flying for Work? Your Next Check-in Comes with FREE BREAKFAST at Room-only Rates only with MBiz bymake India's No.1 Business Travel Expense Platform,148
makemytrip,1015903898090994_0,"make Halder Petkntt Vietnam Eok; Nowial Kalikapur Storel Starung 5108,06j { 298,083' Arnidrctcotot 19nb mnmenu (+91) 959-981-7292 0 FAenUt Cntuka",145
makemytrip,1017218187746614_0,"makc Haidor Peckurci 38 Niche SOU AFRICA Book Now @ Vapi Store {2,18,999 (+91) 730-339-4193 102, Centre Point_Near Mahavir Nagar; NH8 GIDC Char Rasta Vapi 396195",161
makemytrip,1018563007501316_0,BOOK YOUR TRAIN TICKETS ON make Wy trip FLAT USE CODE: <75 OFF: ON TRAIN TRAVELS MMTHELLO Feceo,95
makemytrip,1019366340953187_0,Make Hollo Pedel * ANhl KASHMIR Book Now Kota Store Je {27 299 (+91) 730-339-4139 SecondFloor Shop JJadna complcrZ11 Kothankuad  Upp Sri rank Ruobhanringhmnomig Aoinerntan Aac,175
makemytrip,1020235510924538_0,,0
makemytrip,1031503989626224_0,"make my trip Holidsy Peckeges Science City Store Discover Hollidays Like Never Beforel UPTO ? 10,000' DISCOUNT Hattlit Ean Hnlenhl Polidzges Hotels Flichts Shonto I0' S74 Entlint_Scisngo Cl Rauu Sl 1910882 859-0512 Khmtttln - IMn E",231
makemytrip,1031995806285286_0,"make W trip Noida Interational Airport Fly to Your Favourite Destinations via the Noida International Airport! Amritsar Lucknow | Jammu and more ""TSCs Apply",156
makemytrip,1033881109415880_0,"make W Np Tours & Attractions STEP INTO THE WILD SIDE VINPEARL SAFARI PHU QUOC STARTING FROM PER {3,007 ADULT",109
makemytrip,1034396375958007_0,"M Biz make W trip Is your business losing money on travel? 3.35 Jl6C Hoini Good AIternoo Get Instant updstes by: verify ""G vour Mab""@ uMbar ra Save upto 20% on business trips Flights Bus At a Glance Switch to myBiz Uato {1200 holcls und {600 D"" Ildtn Hotels Cabi",262
makemytrip,1039000875698369_0,"make W trip Tours & Attractions SEE LIFE UNDERWATER AT SEALIFE BANGKOK STARTING FROM 82,500 PER ADULT ""Tecacah",110
makemytrip,1039000875698369_1,"make WY trip Tours & Attractions MEET SAFARI GIANTS AT SAFARI WORLD STARTING FROM 71,900 PER ADULT",98
makemytrip,1039000875698369_2,"make W trip Tours & Attractions CRUISE BENEATH CITY LIGHTS ON THE CHAO PHRAYA PRINCESS CRUISE STARTING FROM 21,800 PER ADULT Tecacal",132
makemytrip,1039000875698369_3,"make W trip Tours & Attractions LIVE THE FANTASY ON THE PHUKET FANTASEA STARTING FROM 73,600"" PER ADULT Ti Araly",112
makemytrip,1039000875698369_4,"make W trip Tours & Attractions FLOAT, SIP; AND CELEBRATE ON YONA BEACH CLUB STARTING FROM 25,400 PER ADULT ""Tcc Acah",117
makemytrip,1039000875698369_5,"make W trip Tours & Attractions ADVENTURE AWAITS ON THE CORAL ISLAND DAY TOUR STARTING FROM 8690 PER ADULT ""TEC Araly",117
makemytrip,1039000875698369_6,make W trip Tours & Attractions DISCOVER OCEAN MYSTERIES AT UNDERWATER WORLD PATTAYA STARTING FROM 2730 PER ADULT Tecaca,120
makemytrip,1039000875698369_7,make Wtrip Tours & Attractions WANDER IN NATURE AT THE NONG NOOcH TROPICAL GARDEN STARTING FROM {750 PER ADULT,110
makemytrip,1039000875698369_8,make W trip Tours & Attractions CHASE ISLAND DREAMS ON PHI PHI SPEEDBOAT TRIP STARTING FROM 23700 PER ADULT Tce Acal,116
makemytrip,1039000875698369_9,EXPERIENCE THE BEST OF THAILAND with make W trip Tours & Attractions Instant Pay In INR Last Minute Availability Confirmation No Forex Markup BOOK NOW TACAck,157
makemytrip,1039119422040462_0,"make Wtrip Holidcy Pockoees HEQO ROCIINU VIsIt OUR STOREAND GRAB AMAZING OFFER ON YOUR NEXT DEAL O snka ( (+91) 730-339-4114 11 Drini0ns ""a KssMles Msnsr Sactor 1ect",165
makemytrip,1041119621745233_0,make W trip Vietnam on your mind? Book your flight in one chat: Dixcoreine bestdejlyon  mmlapp Mateamm Mneteeneeceea Cnnen Vmce utd balut Qdeu Jlu Hutneanoeaaaa,160
makemytrip,1043857494978381_0,make W trip Bali on your mind? Book your flight in one chat: Dixcoverihe bst dejls on YMllapp Mateamm ecncd btarttt Cnnen tetn etn Vmce umurd balut Dles ma Qdeu Jdn Fio Huetneanoeernn,183
makemytrip,1047602451003932_0,"UNLEASHED at make VILLAS & M trip HOMESTAYS Spacious Pet-Friendly Villas FLAT 20% OFF on your first , booking",109
makemytrip,1048055520904330_0,"Makt 45 Nehts KERALA Bool Now @ Aligarh Store 742,999 ((+91) 865-536-3787 Shop No. 19,Pawran Place; Samad Road; Opposite Rellance Jewels. Aican 202001 Fe eeclort",161
makemytrip,1049970797702590_0,"EXCLUSIVELY FOR CORPORATES FREE BREAKFAST at Room-only Rates Start your work day right, without paying EXTRA. W Biz by make India's No.1 Business Travel & Expense Platform",171
makemytrip,1057893140129600_0,make W trip Tours & Attractions TOP THINGS YOU CANNOT MISS IN SING APORF,72
makemytrip,1057893140129600_1,make W trip Tours & Attractions WHERE NATURE MEETS FUTURE GARDENS BY THE BAY STARTING FROM ?700 PER ADULT,105
makemytrip,1057893140129600_2,"make WY trip Tours & Attractions THE WILD AFTER DARK NIGHT SAFARI STARTING FROM 83,700"" PER ADULT",97
makemytrip,1057893140129600_3,"make W trip Tours & Attractions BREATHTAKING VIEWS FROM THE SINGAPORE FLYER STARTING FROM 82,750' PER ADULT enant",113
makemytrip,1057893140129600_4,"make W trip Tours & Attractions SKYLINE LIKE NEVER BEFORE SKYPARK OBSERVATION DECK STARTING FROM 22,300 PER ADULT",113
makemytrip,1057893140129600_5,make W trip Tours & Attractions ANEVENING TO REMEMBER WINGS OF TIME STARTING FROM ?950 PER ADULT FTecnt,103
makemytrip,1057893140129600_6,"make W trip Tours & Attractions STEP IN WITH THE STARS MADAME TUSSAUDS Mado: auds STARTING FROM 71,800 PER ADULT Fec",116
makemytrip,1057893140129600_7,make W trip TTours& Attractions WORLD'S TALLEST INDOOR WATERFALL JEWEL CHANGI AIRPORT STARTING FROM ?700 PER ADULT,114
makemytrip,1057893140129600_8,"make W trip Tours & Attractions WHERE EVERY MOMENT IS MAGICAL UNIVERSAL STUDIOS NIVER Vaivebsal _ Lobi 3633y5 STARTING FROM 25,200 PER ADULT Tca",144
makemytrip,1057893140129600_9,"DISCOVER. BOOK EXPERIENCE: with make W trip Tours & Attractions Instant Pay In INR Last Minute Availability Confirmation No Forex Markup BOOK NOW ""Tecadoy",154
makemytrip,1064067072845502_0,UNSCRIPTED with make W trip VILLAS & HOMESTAYS Private Romantic Stays FLAT 20% OFF onyour first booking,103
makemytrip,1070993308703164_0,UNPLUGGED with make W trip VILLAS & HOMESTAYS Fully-Serviced Farmhouses FLAT 20% OFF onyour first booking,105
makemytrip,1072772305322755_0,"STORE WALK-IN OFFER FOR YOUR PERFECT HOLIDAYS: SPt8 10,000"" OFFI Deoran nunt (+91) 931-155-2723",95
makemytrip,1074825694973407_0,"STORE WALE-IN OFFER FOR YOUR PERFECT HOLIDAYS: SPt8 10,000"" OFFI ( (+91) 730-339-4114 Adertos Ceennntnnteneto",109
makemytrip,1079980927690212_0,,0
makemytrip,1090598823301988_0,M Biz make w trip Big savings aren't just for big companies: Get SME Special Fares for your business trips: Switch to myBiz 1 HOTEL  SME SPECIAL FARES,150
makemytrip,1168343788753532_0,"make W trip Tours & Attractions DIVE INTO WONDER AQUARIA KLCC STARTING FROM PER {1,663 ADULT 1",94
makemytrip,1196354415950579_0,"make W trip Udn= Jatl lunei BRB, CHATTING OUR WAY TO MALAYSIA CHAT WITHUSON Meelaue allnetanlta | urn7e9oo",106
makemytrip,1200029448911374_0,Booked Your Flight for Work? Good Luck Ignoring this Hotel Offer: FREE BREAKFAST at Room-only Rates only with WBiz by make India's No.1 Business Travel & Expense Platform,170
makemytrip,1254158346797908_0,"make w trip Tours & Attractions WHERE NATURE COMES ALIVE DREAM FOREST LANGKAWI STARTING FROM PER {1,533 ADULT {",111
makemytrip,1307729530749152_0,"make WY trip Where TRAIN JOURNEYS Feel Easy FLAT USE CODE: 875 OFF"" ON TRAIN TRAVELS MMTHELLO",93
makemytrip,1312223580885344_0,"make W trip YOUR SMOOTH BUS RIDE STARTS HERE GET FLAT USE CODE: 5% OFF"" orausRookc MMTHELLO acok YOwi",101
makemytrip,1316714363721478_0,"BOOK YOUR TRAIN TICKETS ON make Wy trip UP TO USE CODE: <40 OFF"" ON TRAIN TRAVELS MMTHELLO Feceo",96
makemytrip,1316749021525866_0,"Wanlal Malue] Hthartt 35 Nights) BALI Book Now @ Agra Store Aoaot {85,899 (+91) 931-155-2720 UG 01,2/27, Commercial Complex Church Rd,Agra, Wat Pradcsh 282002",158
makemytrip,1321605843503883_0,"Makt 45 Nehts KERALA Book Now @@ Ravet Store 736,999 ((+91) 882-659-0538 Shoo No 109, Ist Floor, Survey No 106,Malavir Corner; SB Patll Collcge Roid Ravct Punt 4nsaoi Fe eeclort",177
makemytrip,1326040029346730_0,"Take trip Hou Memyirg o9 Bhulan Dreciu 3.5 hrs Flight | No Passport Needed Tnijd Kludaypachates 279,900",103
makemytrip,1330551562625626_0,M Biz make W trip Are you taking advantage of being an SME? Get SME Special fares SME for your business trips Switch to myBiz,125
makemytrip,1331924731701676_0,"Iokt trp | Holldby Poddgo8 05 Nichts ANDAMAN Book Now @ Mohali Sector 64 Store T5 747,399 ((+91) 931-155-2725 SCF 13, First Floor Scctor 64,Phasc 10.Mohali; Punjab 160055",170
makemytrip,1336096574833813_0,"ako trip | Helidsy Pedotee E& Nizhis VETNAM Book Now @ Aligarh Store {88,499 1(+91) 865-536-3787 Shop No. 19,Pawran Place; Samad Road Opposite Rellance Jewels. Aicane 202001",173
makemytrip,1339503968067539_0,,0
makemytrip,1339874170986301_0,"EXCLUSIVELY FOR CORPORATES FREE BREAKFAST at Room-only Rates Start your work day right, without paying EXTRA. W Biz by make India's No.1 Business Travel & Expense Platform",171
makemytrip,1341106511318964_0,"Makt 45 Nehts KERALA Bopl; Now @ Vizag Store Ekt 737,799 ((+91) 813-009-2729 Shop No 03 Ground Floor VMRDA Complex shoppine compler Ram Cagar Visakhapatnam 530002 Fe eeclort",173
makemytrip,1343332404590541_0,"Make trip | Holiday Porker"", VIETNAM INDIAS LARGEST MakeMy Trip Flagship Store in Mohali STARTING FROM Rs 98,000/- SN Hock Alqpout Transfers Vourmanaect Showroom Numbcr 244 & 245 Mohali Citi Centrc 2, block Acrocity SAS Nazar Mohali Punjab 140J00 +91 926-602-8221 Ailatitt",272
makemytrip,1346139311063905_0,make W trip MELBOURNE AIRPORT Discover Australia Your Way ' with Melbourne as Your Gatewayl,91
makemytrip,1353623709633171_0,"Mokt trlp | Holidoy Poekntee KERALA Book: Now @ Faridabad Store sunin L Llro {45.526 (+91) 882-659-0525 Ist Floor, SCO-D 17.Park Strect Block Sector 85. Faridabad. Haryana 121002",178
makemytrip,1354253560007566_0,Moki Hallt Rdbart Your Drcam Holidhy STARTS At NOIDA SECTOR 18 STORE Trnhenndifn on Holldauracltt$ Eitnt Singapore VicIm Katt Aiint-# HamexY Kna Tetdteneeeort tele unuccta Cll Notit949314155-7773 Mjotacn Hrueio,210
makemytrip,1364023715161226_0,UNMUTED with VILLAS & make WY trip HOMESTAYS Cosy Workation Cottages FLAT 20% OFF on your first booking,103
makemytrip,1370652187980386_0,make trip Tours & Attractions TOP THINGS YOU CANNOT MISS IN SING APORE,70
makemytrip,1370652187980386_1,make trip Tours Attractions WHERE NATURE MEETS FUTURE GARDENS BY THE BAY STARIINGFROM {700 Adlt,95
makemytrip,1370652187980386_2,"make trip Tours. Attractions THE WILD AFTER DARK NIGHT SAFARI STARMINGFROM 73,700  Adlt",87
makemytrip,1370652187980386_3,"make trip Tours & Attractions BREATHTAKING VIEWS FROM THE SINGAPORE FLYER STARTINGFROM {2,750 Adlt",98
makemytrip,1370652187980386_4,"make W trip Tours Attractlons SKYLINELIKE NEVER BEFORE SKYPARK OBSERVATION DECK STARTINGFROM 72,300 Adlt",104
makemytrip,1370652187980386_5,make W trip Tours Attractions ANEVENING TO REMEMBER WINGS OF TIME STARTINGFROM {950 Adlt,88
makemytrip,1370652187980386_6,"make W trip Tours & Attractions STEP IN WITH THE STARS MADAME TUSSAUDS Yado ald STARTINGFROMA 71,800 Adlt",105
makemytrip,1370652187980386_7,make trip Tours & Attractions WORLD'S TALLEST INDOOR WATERFALL JEWEL CHANGI AIRPORT STARTINGFROM {700 Adlt,106
makemytrip,1370652187980386_8,"make W trip Tours Attractions WHERE EVERY MOMENT ISMAGICAL UNIVERSAL STUDIOS WNIVER STARTINGFROM 75,200 Adlt",108
makemytrip,1370652187980386_9,DISCOVER. BOOK EXPERIENCE: with make W trip Tours Attractions Instant Confirmation Pay In INR Last Minute Availability No Forex Markup BOOK NOW,143
makemytrip,1371547345120720_0,"make w trip Tours & Attractions WILD ENCOUNTERS AWAIT ZOO NEGARA STARTING FROM PER {1,824 ADULT 1",97
makemytrip,1373426084663526_0,WI Biz bymake >y trip Reclaim your time; tax & efforts_ Introducing GSTR-ZB Ready Reports: Get auto-GST reconciliation for easy ITC claim on your business travel. Flight Flh SaImmary Davmnbu CSIZB,196
makemytrip,1373426084663526_1,M Biz by make M trip Every flight booking comes with a GST invoice. But mapping each booking ID to its airline invoice? That takes hours:,137
makemytrip,1373426084663526_2,"WI Biz bymake >y trip With myBiz, it doesn't: Auto-map every booking to its correct GST invoice. Auto-mapping More Visibility Al Accuracy Dowinloadyour GSTR-2B Report Powered by Al for accuracy and full visibility:",214
makemytrip,1373426084663526_3,"WI Biz bymake >y trip No more digging through emails, portals, or folders: Get everything in one click, in one report STREAMLINED CST RECONCILIATION COMPREHENSIVE INVOICE ACCESS INCREASED COMPLIANCE & TRANSPARENCY It's eaSy; automated & free",241
makemytrip,1373426084663526_4,WI Biz bymake >y trip Claiming Input Tax Credit is now simpler than ever- with one Al-powered report right inside your myBiz dashboard: Your report is ready within 15 minutes!,175
makemytrip,1379652204102686_0,"Wanlal Malue] Hthartt 35 Nights) BALI Book Now @ Aligarh Store Klatl {85,899 (+91) 865-536-3787 Shop No. 19,Pawran Place; Samad Road, Opposite Rellance Jewels. Aicane 202001",173
makemytrip,1399248758725884_0,make trip Holidoy Patkaeet Exclusive Offers curated just for youl Walk-in to our storel sooho 10 Lostn Slentc Cy Pojd %u HHMS +91 882-659-0512,142
makemytrip,1433816545230760_0,"make W trip Tours & Attractions SKYLINE LIKE NEVER BEFORE SKYPARK OBSERVATION DECK STARTING FROM 22,300 PER ADULT",113
makemytrip,1457255565695884_0,"Easy Bus Booking With make W trip GET FLAT USE CODE: <300 OFF"" ON FIRST BUS BOOKING MMTHELLO ""TSC Apply",103
makemytrip,1459215672613026_0,make WY trip Agra- 5 Mumbai Fares starting @ ? 5420* Limited period offer!,74
makemytrip,1461618651887135_0,"Easy Bus Booking With make W trip GET FLAT USE CODE: <300 OFF"" ON FIRST BUS BOOKING MMTHELLO ""TSC Apply",103
makemytrip,1478124630053627_0,EokaNnt Loes Dominos Lume,25
makemytrip,1480395774110451_0,UNSCRIPTED with make W trip VILLAS & HOMESTAYS Private Romantic Stays FLAT 20% OFF onyour first booking,103
makemytrip,1480566207150385_0,make WY trip Agra- 5 Mumbai Fares starting @ ? 5420* Limited period offer!,74
makemytrip,1482354223911582_0,"make W trip Tours & Attractions SEE LIFE UNDERWATER AT SEALIFE BANGKOK STARTING FROM 72,500 PER ADULT",101
makemytrip,1482354223911582_1,"make Wy trip Tours & Attractions MEET SAFARI GIANTS AT SAFARI WORLD STARTING FROM 71,900 PER ADULT",98
makemytrip,1482354223911582_2,"make W trip Tours & Attractions CRUISE BENEATH CITY LIGHTS ON THE CHAO PHRAYA PRINCESS CRUISE STARTINGFROM 71,800 AduLT",119
makemytrip,1482354223911582_3,"make W trip Tours & Attractions LIVE THE FANTASY ON THE PHUKET FANTASEA STARTING FROM 73,600 PER ADULT",102
makemytrip,1482354223911582_4,make W trip Tours & Attractions ADVENTURE AWAITS ON THE CORAL ISLAND DAY TOUR STARTINGFROM {690 PER ADULT,105
makemytrip,1482354223911582_5,"make M trip Tours & Attractions FLOAT; SIP AND CELEBRATE ON YONA BEACH CLUB STARTING FROM <5,400 ADULT",102
makemytrip,1482354223911582_6,make Wy trip Tours & Attractions DISCOVER OCEAN MYSTERIES AT UNDERWATER WORLD PATTAYA STARTING FROM {730 ADULT,110
makemytrip,1482354223911582_7,mmelke Wtrip Tours & Attractions WANDDER IN NATURE AT THE NONG NOocH TROPICAL GARDEN STARTINGFROM 8750 PER ADULT,112
makemytrip,1482354223911582_8,"make W trip Tours & Attractions CHASE ISLAND DREAMS ON PHI PHI SPEEDBOAT TRIP STARTING FROM 73,700 PER ADULT",108
makemytrip,1482354223911582_9,EXPERIENCE THE BEST OF THAILAND make W trip Tours & Attractions Instant Confirmation Pay In INR No Forex Markup Last Minute Availability BOOK NOW,145
makemytrip,1483322286586790_0,"make W trip YOUR SMOOTH BUS RIDE STARTS HERE GET FLAT USE CODE: 5% OFF"" orausRookc MMTHELLO acok YOwi",101
makemytrip,1488489053035175_0,"akt trip | Helidey Peckeret 35 Nichta THAILAND cumue cottaad Book Now @ Agra Store 767,499 7(+91) 931-155-2720 UG 01,2127,Commercial Complex church Rd_ae Wtat Pradcsh 282002",173
makemytrip,1519614792779372_0,UNSCRIPTED with make W trip VILLAS & HOMESTAYS Private Romantic Stays FLAT 20% OFF onyour first booking,103
makemytrip,1521029376442976_0,"UNLEASHED at make VILLAS & M trip HOMESTAYS Spacious Pet-Friendly Villas FLAT 20% OFF on your first , booking",109
makemytrip,1522217099534777_0,make W trip YOUR SMOOTH BUS RIDE STARTS HERE GET FLAT USE CODE: <300 OFF ON FIRST BUS BOOKING MMTHELLO DOWNLOAD NOW,115
makemytrip,1528667388662008_0,M Biz make W trip Are you taking advantage of being an SME? Get SME Special fares SME for your business trips Switch to myBiz,125
makemytrip,1535930091652737_0,"make W trip FLAT 15% OFF"" USE CODE: UpTo71500 FLYAPP FRST FLIGHT '8OCouR",72
makemytrip,1540900720927257_0,"make W trip Start your TRAIN JOURNEY the Right Way UP TO USE CODE: 840 OFF ON TRAIN TRAVELS MMTHELLO ""Tecng",107
makemytrip,1542521224020356_0,"M Biz make W trip Looking for a hotel near your business meeting? myBiz assured hotels at Special Rates Flexi- Cancellations Choose from 78,000+ hotels in prime business locations Verified user reviews ratings Switch to myBiz",225
makemytrip,1543062177165442_0,Watching your money disappear after a flight cancellation? NOT IN 2026. Get ZERO Flight] Cancellation Fee For Work Trips: W Biz by make trip India's No.1 Business Travel Platform,178
makemytrip,1543541983859406_0,,0
makemytrip,1548918846871175_0,"make W Tp Tours & Attractions STEP INTO THE WILD SIDE VINPEARL SAFARI PHU QUOC STARTING FROM PER {3,007 ADULT",109
makemytrip,1556188216029969_0,"make W trip Tours & Attractions PANORAMIC SEA VIEWS ON EVERY RIDE SUN WORLD HON THOM PARK STARTING FROM PER {3,605 ADULT",120
makemytrip,1558773048999766_0,"Easy Bus Booking With make W trip GET FLAT USE CODE: <300 OFF"" ON FIRST BUS BOOKING MMTHELLO ""TSC Apply",103
makemytrip,1560149005763657_0,"make W trip Holiday Packages % 5 Nights NORTH EAST The Untouched Paradise: Book Now Mathura Store Starting @ 443,078 238,878* Flights Hotcls Transtcrs Sightseeing | 8 { (+91) 730-339-4143 Shri square Mall Shri Radha puram choraha Mathura Uttar Pradesh 281004, India",265
makemytrip,1579765490510800_0,"Aider Pl4net PHU QUOC SCAN DIRECT FLIGHT PACKAGES owat Rohiniston an: NOVEHODR 2026 PACKAGE 1 Migiczil Alu ( Wutue FNISD LalehHIt PACKAGE 2 MFu ( Juut""AII Iuc |usit(- ANIED 'Ee Ve enn Sunekg {59,999L 789,999 174 mne audtt Nr Kaltuleanarstctor 1 Roln Kaoini Dnmg (+91) 730-339-4114",280
makemytrip,1581200727127850_0,,0
makemytrip,1583796416422306_0,,0
makemytrip,1586981683061847_0,"Makt trip | Hetidey Peckeret 35Nth THAILAND culue cottaad Book Now @ Bareilly Store 253,199 ((+91) 931-155-2729 Ground Floor, Tulip Tower Commercial Opp Stadium Baretlly_ Uttar Pradesn 243005",191
makemytrip,1592557282241808_0,"make W trip Holiday Packages Goa Where Nature Smiles Starting at Book Now @ Jodhpur store Flights Hotels {30,445/- {35,4457-"" ANISD Save ? 5,000/- Transfers Sightseeing (+91) 730-309-3255 915-A, Zth D R D, Behind Motor Merchant Hall; Sardarpura, Jodhpur; Rajasthan - 342003",273
makemytrip,1593972835506297_0,UNSTOPPABLE with make W trip VILLAS & HOMESTAYS Fully Equipped Apartments FLAT 20% OFF on your first booking,108
makemytrip,1595386215484780_0,,0
makemytrip,1603213597423500_0,"make WY trip Where TRAIN JOURNEYS Feel Easy FLAT USE CODE: 875 OFF"" ON TRAIN TRAVELS MMTHELLO",93
makemytrip,1604355991344470_0,Booked Your Flight for Work? Good Luck Ignoring this Hotel Offer: FREE BREAKFAST at Room-only Rates only with MBiz by make) India's No.1 Business Travel Expense Platform,169
makemytrip,1605593341026215_0,"make wl trip Holidsy Peckeges Rohini Store Discover Hollidays Like Never Beforel UPTO ? 10,000' DISCOUNT Hattlit Ean Hnlenhl Polidzges Hotels IaRut 191730 339*#110 FtDyh - Mccc Flichts Man Ec7 Rla",196
makemytrip,1608643690682703_0,Wnnlal Moluet Parkartt 04 Nluhty) BALI Book Now @ Gorakhpur Store aid {82.173 (+91) 865-567-9250 Pantins Lanaois HoorSiYD No AD Mil Vilay Chow (soakhau Ten,155
makemytrip,1613066333781471_0,"Mokt Hellidoy Pockonei KERALA Book Now @ Ujjain Store 739,148"" (+91) 730-338-9682 1B,Dolce Plaza; Opbosic Allen Career institutions Ved Nagar Ujjain, Madhya Pradesh 456010 Alcie",177
makemytrip,1620934425798577_0,Book Your Bus Tickets On make W trip GET FLAT USE CODE: 5% OFF ON BUS BOOKING MMTHELLO ~TSC Hpply,97
makemytrip,1636571387429635_0,"EXCLUSIVELY FOR CORPORATES FREE BREAKFAST at Room-only Rates Start your work day right, without paying EXTRA. W Biz by make India's No.1 Business Travel & Expense Platform",171
makemytrip,1638531590765195_0,make W trip Your Comfortable Bus Journey Awaits GSTFLAT USE CoDe: <300 OFF MMTHELLO ONFiost CuS JOcKinG DOMNCAD RDY',116
makemytrip,1641424160458218_0,"Easy Bus Booking With make W trip GET FLAT USE CODE: 5% OFF"" ON BUS BOOKING MMTHELLO FeCapoh",92
makemytrip,1647972723518488_0,"make M trip Holiday Packeges 6 Nicn; Singapore & Malaysia Book Nowat Howrah Store Starting @ 44,87,052 299,052' Fliches Hoc Stop 20,Avani Rivcrsile Mall 32,Jazat Dancricc Ghat Rd Choun Dustce lopur H otom uetecniai Teee2 (+91) 882-659-0535",239
makemytrip,1650081782870351_0,,0
makemytrip,1650872586241804_0,BOOK YOUR NEXT BUS TICKETS ON make W trip GET FLAT CODE: 5% OFF ON BUS BOOKING MMTHELLO 0,89
makemytrip,1655771595535635_0,make W trip Your Comfortable Bus Journey Awaits GSTFLAT USE CoDe: <300 OFF MMTHELLO ONFiost CuS JOcKinG DOMNCAD RDY',116
makemytrip,1662889724785485_0,"Makt Hdider Petkarti 45 Nchts _ KASHMIR Book Now @ Vapi Store 742.299 7(+91) 730-339-4193 102, Centre Point_Near Mahavir Nagar; NH8 GIDC Char Rasta Vapi 396195",159
makemytrip,1666242081120089_0,"STORE WALK-IN OFFER FOR YOUR PERFECT HOLIDAYS: SPt8 10,000"" OFFI Valecn 0681mu (+91) 882-659-0512",97
makemytrip,1683646782854690_0,make W trip Vietnam on your mind? Book your flight in one chat: Dixcoreine bestdejlyon  mmlapp Mateamm Mneteeneeceea Cnnen Vmce utd balut Qdeu Jlu Hutneanoeaaaa,160
makemytrip,1693766485374161_0,BOOK YOUR NEXT BUS TICKETS ON make W trip GET FLAT CODE: <300 OFF ON FIRST BUS BOOKING MMTHELLO 0,97
makemytrip,1699651361326707_0,MM Biz make WY trip 9:41 Don't let these savings slip out of your pocket: 1 1 4 Get SME Special Fares on your business trips: Switch to myBiz,141
makemytrip,1699820467804249_0,"EXCLUSIVELY FOR CORPORATES FREE BREAKFAST at Room-only Rates Start your work day right, without paying EXTRA: I Biz by make India's No.1 Business Travel & Expense Platform",171
makemytrip,1702431294327346_0,"make Wyerp , Holidoy Packagen Heqo sCENcE @uuv VIsIt OUR STOREAND GRAB AMAZING OFFER ON YOUR NEXT DEAL O snka ntn encgl Aaaoan ((+91) 882-659-0512 Sont",151
makemytrip,1703813024397798_0,"make W trip Start your TRAIN JOURNEY the Right Way FLAT USE CODE: 875 OFF* ON TRAIN TRAVELS MMTHELLO ""Tecng",107
makemytrip,1711454380211251_0,,0
makemytrip,1716052942877881_0,"make W trip Holiday Packages Nights VETNAM Where Nature Tells Stories Book Now Mathura Store 788,506* Flights Hotels Transters Sightseeing { (+91) 730-339-4143 { Shri square Mall , Shri Radha puram choraha Mathura Uttar Pradesh 281004, India",241
makemytrip,1719306375959973_0,M Biz make w trip Big savings aren't just for big companies: Get SME Special Fares for your business trips: Switch to myBiz 1 HOTEL  SME SPECIAL FARES,150
makemytrip,1719459802416757_0,"make W trip SKY IS JUST THE BEGINNING. FLAT 15% OFF"" USE CODE: UP TO {1500 ON FLYAPP FIRSTFLIGH 8oOnR",101
makemytrip,1726295778685912_0,"make W trip Your Comfortable Bus Journey Awaits GEFLAT USE CoDe: 5% OFF"" MMTHELLO 0*DuS TrAVELS Book Norr",105
makemytrip,1742595723425201_0,"M Biz make W trip Is your business losing money on travel? 3.35 Jl6C Hoini Good AIternoo Get Instant updstes by: verify ""G vour Mab""@ uMbar ra Save upto 20% on business trips Flights Bus At a Glance Switch to myBiz Uato {1200 holcls und {600 D"" Ildtn Hotels Cabi",262
makemytrip,1751305939222237_0,"make WY trip Tours & Attractions MEET SAFARI GIANTS AT SAFARI WORLD STARTING FROM 71,900 PER ADULT",98
makemytrip,1757826652312088_0,"Mokt trlp | Holidoy Poekntee alachs KERALA Dook Now @ Ranchi Store tt {44.583 (+91) 882-659-0534 74,Kanke Road  Opposite Speaker Houst, Rarchi 834008",149
makemytrip,1761780918403584_0,Book Your Bus Tickets On make W trip GET FLAT USE CODE: 7300 OFF ON FIRST BUS BOOKING MMTHELLO ~TSC Hpply,105
makemytrip,1770368610620455_0,"Iobt trlp | Helidor Peekeert 47 Niahts JAPAN Book Now @@ Mathura Store J1967e {2,86,352"" (+91) 730-339-4143 Shrl square Mall , Slri Radla puram chcraha , Mathara, Wtar Pradesh 281004, Indin",189
makemytrip,1776597193506111_0,Flying for Work? Your Next Check-in Comes with FREE BREAKFAST at Room-only Rates only with W Biz VMak India's No.1 Business Travel & Expense Platform,149
makemytrip,1871199770206209_0,,0
makemytrip,1884768692165748_0,"make W trip Where TRAIN JOURNEYS Feel Easy UP To USE CODE: 840 OFF"" ON TRAIN TRAVELS MMTHELLO TecaI",99
makemytrip,1888276258531000_0,"I Biz make w trip Searching a hotel near your business meetings? Hotel near me Choose from 78,000+ hotels in business hubs] across India: Switch to myBiz",153
makemytrip,1904892646850289_0,BOOK YOUR TRAIN TICKETS ON make Wy trip FLAT USE CODE: <75 OFF: ON TRAIN TRAVELS MMTHELLO Feceo,95
makemytrip,1912498832764888_0,make WY trip Flight Booking Made Easy 12% OFF- APP uplo <1200 10n Domestic Flights EXCLUSIVE Use CODE: APPDFAZ DO NLOAD N0r CsCada,130
makemytrip,1917223202327531_0,ml,2
makemytrip,1960183481142696_0,"make W trip Flights sorted: What about the stay? UP T0 50% OFF APP EXCLUSIVE on International Hotels USE CODE: FLYERHOTEL ""TEC Apply",132
makemytrip,1964216647633667_0,Worid Hian make W trip LIVE NOW: Smart Stays' for the Modern Traveller By Hyatt Business Hotels:,96
makemytrip,1969515827264982_0,"BOOK YOUR NEXT TRAIN TICKET ONLY ON make W trip USE CODE: {75 OFF"" MMTHELLO OH TR4IN RAVELS DOWNLOAD Nov Hcn",108
makemytrip,1979695712730383_0,"Moki Haltr Ridtardt Your Drcam Holiday STARTS At ROHINI STORE TrnhEnnndlet Holldarracltt E Kshir Dedin tetl Jndlin Aannin Thailand HEATat[6a Ocuttu {ri ea4k4 tele RucMamekttnattSirletd , Cll Notit940770-33844144 ET",214
makemytrip,1979774965996616_0,"Wanlal Malue] Hthartt 55 Nizhts BALI Book Now @ Mohali Sector 64 Store  Aaen 799,599 (+91) 931-155-2725 SCF 13, First Floor Scctor 64 Phase 10.Mohali; Punjab 160055",164
makemytrip,1984665105504512_0,"I Biz make w trip Searching a hotel near your business meetings? Hotel near me Choose from 78,000+ hotels in business hubs] across India: Switch to myBiz",153
makemytrip,2002450943705520_0,,0
makemytrip,2012146916338013_0,WI Biz by make - trip India's No.1 Business Travel Platform PAY FLICHT CANCELLATION CHARCES for work trips in 2026.,115
makemytrip,2022383648370280_0,"Make Hardby nedted 34 Nihts Almaly Book Now at Howrah Stor Starting oojul 756,961"" #oozo ANanatuln DErCon Tai [+91) 882- 659  0535 9 Farnnu",139
makemytrip,2033724467513300_0,"EXCLUSIVELY FOR CORPORATES FREE BREAKFAST at Room-only Rates Start your work day right, without paying EXTRA: I Biz by make India's No.1 Business Travel & Expense Platform",171
makemytrip,2045325806353687_0,Booked Your Flight for Work? Good Luck Ignoring this Hotel Offer: FREE BREAKFAST at Room-only Rates only with WBiz by make India's No.1 Business Travel & Expense Platform,170
makemytrip,2046456059573413_0,"make W trip MAKE THE JOURNEY COUNT 10% OFF"" r5000 € Intcruntlanaiflichi USE CODE APPIFSKY APP EXCLUSIVE] TRCAh",110
makemytrip,2067469890499154_0,"M Biz make W trip Looking for a hotel near your business meeting? myBiz assured hotels at Special Rates Flexi- Cancellations Choose from 78,000+ hotels in prime business locations Verified user reviews ratings Switch to myBiz",225
makemytrip,2071508967122649_0,make W trip Vietnam on your mind? Book your flight in one chat: Dixcoreine bestdejlyon  mmlapp Mateamm Mneteeneeceea Cnnen Vmce utd balut Qdeu Jlu Hutneanoeaaaa,160
makemytrip,2076110159667480_0,"Makt np Heot Parkanet 35 Nlghts ) BALI Book Now @ Pune PCMC Store Teaeong {97,899 (+91) 742-858-9003 Rainbow Plaza, 15t Floor, Pirnale Saudagu Pure 411017",154
makemytrip,2138760893336812_0,,0
makemytrip,2141484656641053_0,"BOOK YOUR NEXT TRAIN TICKET ONLY ON make W trip USE CODE: {75 OFF"" MMTHELLO OH TR4IN RAVELS DOWNLOAD Nov Hcn",108
makemytrip,2150356309243814_0,"make W trip Tours & Attractions SEE LIFE UNDERWATER AT SEALIFE BANGKOK STARTING FROM 82,500 PER ADULT ""Tecacah",110
makemytrip,2150356309243814_1,"make WY trip Tours & Attractions MEET SAFARI GIANTS AT SAFARI WORLD STARTING FROM 71,900 PER ADULT",98
makemytrip,2150356309243814_2,"make W trip Tours & Attractions CRUISE BENEATH CITY LIGHTS ON THE CHAO PHRAYA PRINCESS CRUISE STARTING FROM 21,800 PER ADULT Tecacal",132
makemytrip,2150356309243814_3,"make W trip Tours & Attractions LIVE THE FANTASY ON THE PHUKET FANTASEA STARTING FROM 73,600"" PER ADULT Ti Araly",112
makemytrip,2150356309243814_4,"make W trip Tours & Attractions FLOAT, SIP; AND CELEBRATE ON YONA BEACH CLUB STARTING FROM 25,400 PER ADULT ""Tcc Acah",117
makemytrip,2150356309243814_5,"make W trip Tours & Attractions ADVENTURE AWAITS ON THE CORAL ISLAND DAY TOUR STARTING FROM 8690 PER ADULT ""TEC Araly",117
makemytrip,2150356309243814_6,make W trip Tours & Attractions DISCOVER OCEAN MYSTERIES AT UNDERWATER WORLD PATTAYA STARTING FROM 2730 PER ADULT Tecaca,120
makemytrip,2150356309243814_7,make Wtrip Tours & Attractions WANDER IN NATURE AT THE NONG NOOcH TROPICAL GARDEN STARTING FROM {750 PER ADULT,110
makemytrip,2150356309243814_8,make W trip Tours & Attractions CHASE ISLAND DREAMS ON PHI PHI SPEEDBOAT TRIP STARTING FROM 23700 PER ADULT Tce Acal,116
makemytrip,2150356309243814_9,EXPERIENCE THE BEST OF THAILAND with make W trip Tours & Attractions Instant Pay In INR Last Minute Availability Confirmation No Forex Markup BOOK NOW TACAck,157
makemytrip,2199401440912177_0,,0
makemytrip,2214930265942645_0,"make W trip FLAT 15% OFF"" USE CODE: UpTo71500 FLYAPP FRST FLIGHT '8OCouR",72
makemytrip,2219164078870284_0,,0
makemytrip,2220168255435180_0,"make W trip Noida Interational Airport Fly to Your Favourite Destinations via the Noida International Airport! Srinagar | Dehradun Jaipur and more ""TSCs Apply mestk E gadalatar Departures",187
makemytrip,2222790471906802_0,"mhle Helidvz Pechart GJNihts} COA Book Nowi@ Puduchery Store Aasnn {16.999 (+91) 865-536-3789 No.100, First Floor; Shop F3z JN Street Puduchcrry 605001",151
makemytrip,2227735674660500_0,Lau l,5
makemytrip,2244401389744692_0,"malae Haraly FerHec "" 4Hichit_ Kashmir Book Nowat Jamshedpur 'Store  Kashmir Stamnp 506,981 {56,961"" EB Kamani ccritte Znd Flcor Distupl  Uuncncuput Wekettt Bradi (+91) 959-981-7279",181
makemytrip,2248174165989857_0,Book Your Bus Tickets On make W trip GET FLAT USE CODE: 5% OFF ON BUS BOOKING MMTHELLO ~TSC Hpply,97
makemytrip,2255888385183872_0,"ako trlp | Holldhy eodate 45 Nichts ANDAMAN Book Now @ Bareilly Store Ten {46,699 ((+91) 931-155-2729 Ground Floor; Tullp Tower Commerclal Opp. Stadlum; Bareilly, Uttar Pradesh 243005",183
makemytrip,2345849449236694_0,"Easy Bus Booking With make W trip GET FLAT USE CODE: 5% OFF"" ON BUS BOOKING MMTHELLO FeCapoh",92
makemytrip,2372853153248138_0,,0
makemytrip,2391039448047117_0,Book Your Bus Tickets On make W trip GET FLAT USE CODE: 7300 OFF ON FIRST BUS BOOKING MMTHELLO ~TSC Hpply,105
makemytrip,2394114757744936_0,,0
makemytrip,2407554139730716_0,"BOOK YOUR NEXT TRAIN TICKET ONLY ON make W trip USE Come: <75 OFF"" MMTHELLO ONTRFIN TRAVD& DOWNLOAD Now",103
makemytrip,2461645524277055_0,Book Your Bus Tickets On make W trip GET FLAT USE CODE: 7300 OFF ON FIRST BUS BOOKING MMTHELLO ~TSC Hpply,105
makemytrip,2482316952189965_0,make W trip Go from bored to Welcome Aboard UPTO {20003 ON YOUR FIRST FLIGHT Use Code: WELCOMEMMT,97
makemytrip,2511927029274226_0,"EXCLUSIVELY FOR CORPORATES FREE BREAKFAST at Room-only Rates Start your work day right, without paying EXTRA. W Biz by make India's No.1 Business Travel & Expense Platform",171
makemytrip,2526939491111076_0,,0
makemytrip,2576948619419891_0,"ako trip | Helidsy Pedotee 76 Nichts VETNAM Book Now @ Vapi Store {84,699 ((+91) 730-339-4193 102, Centre Point_Near Mahavir Nagar; NH8 GIDC Char Rasta Vapi - 396195",165
makemytrip,2632570113940633_0,"Jnale Maluet Puthartt MALAYSIA LhdaEici Book Now @ Imphal store 32740084 817,000"" (+91) 959-981-7298 Aloor Airport Mall; Changangci Uchekon Airport Road  Landmart -KIA Showvtoom Impha West Manipur- 795001",204
makemytrip,26325859877087046_0,"make W trip Start your TRAIN JOURNEY the Right Way FLAT USE CODE: 875 OFF* ON TRAIN TRAVELS MMTHELLO ""Tecng",107
makemytrip,26599587943076694_0,,0
makemytrip,27137926265862724_0,M Biz make w trip Big savings aren't just for big companies: Get SME Special Fares for your business trips: Switch to myBiz 1 HOTEL  SME SPECIAL FARES,150
makemytrip,27228401636832334_0,"EXCLUSIVELY FOR CORPORATES FREE BREAKFAST at Room-only Rates Start your work day right, without paying EXTRA: I Biz by make India's No.1 Business Travel & Expense Platform",171
makemytrip,27500279286246328_0,make W trip Your Comfortable Bus Journey Awaits GSTFLAT USE CoDe: <300 OFF MMTHELLO ONFiost CuS JOcKinG DOMNCAD RDY',116
makemytrip,27943619681928668_0,"Take trip | Helidsy Pedotee VETNAM Book Now @ Ujjain Store {59,033"" 1(+91) 730-338-9682 18, Dolce Plaza, opposite Allen Career institutions Ved Nagar Ujjain; Madhya Pradesh 456010",179
makemytrip,28267394672858262_0,"make Halder Petkntt Vietnam Eook Nowat Jamshedpur Store Starung 5108,06j { 298,083' 48 Kunta Eenint AnccnEnfunut  eiatccrt (+91) 959-981-7279 8 #eknd pJicol",156
makemytrip,2947231772335843_0,"Tcaln Holdez Perherr 43 Ngthts) GOA Book Now @ Judhana store Tot {21,474 (+91) 882-659-0526 soxnutfkc KoNakLm HtoHe Bey SablsnuievMan untWilgnrit Jacor",151
makemytrip,3132415286952722_0,BOOK YOUR NEXT TRAIN TICKET ONLY ON make W trip USE CODE: 840 OFF OH TR4N TRAVELS MMTHELLO BOOK NOW Hcn,103
makemytrip,3279643865552574_0,"ake Holldb Pedottt 13Nithts KERALA Book Now @ Dhanori Store Surlin U Lenojo {39,656 ((+91) 959-981-7282 enatn n Jueeentt FetElaattn Dt Fat Haadia",145
makemytrip,3370941846412824_0,"Tcaln Holdez Perherr ~TSD GOA Book Now @ Gurugram sec-70 Store LEE o {20,907 (+91) 730-339-4127 Shop No 8-14, Ground Floor; Tapasya 70 Grandwalk Beside Idfc Bank Sector 70 Gurugram 122101",187
makemytrip,3608399736008955_0,makc Holiday Packanee YOUR NEXT HOLIDAY STARTS HERE HOLIDAY Packages AT BHOPAL STORE EXCLUSIVE GIFT with Every HOLIDAY BOOKING Doncadc E Intemon Eunctaette Floor Shopping Complex E5-4 Arera Colony Bilan Mankclbhobai 462016 (+91) 730-339-4104,241
makemytrip,3985039498298987_0,@E@ RODLE Ole FL Do,19
makemytrip,3985267575113792_0,"M Biz"" by make trip India's No.1 Business Travel Platform 2026isthe year STOP 'you on OVERSPENDING business travel SAVE ' UP TO 20% 26",134
makemytrip,4090764381216372_0,"Taln Helidvz Pechart MNie COA Book Now @ Ranchi Store Chsdy {38.579 (+91) 882-659-0534 74,Kanke Road Opposite Sptaker Houst Panchi 834008",137
makemytrip,4371269423132333_0,"make W trip Flight Booking Made Easy 15% OFF APP EXCLUSIVE up to {1500 on Domestic Flights USE CODE: APPSKY ""TSC Apply",118
makemytrip,4391542034427015_0,MM Biz make WY trip 9:41 Don't let these savings slip out of your pocket: 1 1 4 Get SME Special Fares on your business trips: Switch to myBiz,141
makemytrip,4519961921570956_0,Flying for Work? Your Next Check-in Comes with FREE BREAKFAST at Room-only Rates only with W Biz VMak India's No.1 Business Travel & Expense Platform,149
makemytrip,4579806632252867_0,"make W trip MirolTa Inecd cheap Ilights Inailane Irom 12"" 20"" Junc_ Check out the best Ilight deals to Thailand for your daies' Acateca Start with a text: End with a boarding pass. CHAT WITHUSON",194
makemytrip,4847648362133920_0,UNMUTED with VILLAS & make WY trip HOMESTAYS Cosy Workation Cottages FLAT 20% OFF on your first booking,103
makemytrip,837771655858906_0,Other SMEs are cutting travel costs. Are you? Get SME special fares for your business trips: M Biz by make W trip India's No.1 Business Travel Platform BUSINES ` TRAVEL COSTS,174
makemytrip,862125476746346_0,"mhle Helidvz Pechart MNie COA Boak Now @ Vijayawada Store 4133S {22.133 (+91) 882-659-0511 BSRK Complex Shop No 10 OPP Jammi Chettu Centre, Vijavawada, Andhra Pradesh 520010",173
makemytrip,865614613008799_0,make M trip Holiday Packages From Dream Destinations to Profitable Foundations What we need APassion for Exceptional Customer Experiences Retail Expertise In Multi-Store Operations Ambition to Grow In the Travel Business Investment Capacity {25 LAKHS CRORE Premium Opportunities T1 CRORE+ rjake W trip 257 Holiday PACKACES CRUEI YIS Ecumaten Take The Next Step Towards Success! Start Your Franchise Journey Today: For More Details: retail@makemytrip.com +91 7428 589 001,470
makemytrip,865614613008799_1,make W trip Holidby Peckeres BIGGrRves OPPORTUNITIES Were Expanding Across INDIA & To Leadilhe Way Seeking Visionary Master Franchisees WHY JOINUS? Market Leader Partershlp HighROI Commnission Brand Support BZB Opportunites make m trip experiterce HOLIDAY PACKAGES CRUISE | VISA INSURANCE For More Details retailemakemytripcom +917428589001,340
makemytrip,892995719804985_0,"Wanlal Helidey Peckorth KiS Nizhts) CHAR DHAM IutttamcarodMnty Book Noi @ Kota Store {26,699 (+91) 730-339-4139 Ctanetnnenni Veann entAecannn ar DcnAiiani Dallabhbari gumar "" Kol RabxhJn Jidcj}",193
makemytrip,908209932239398_0,"TRAY LI IUHURA SALE make W trip FROM: AGR AGRA TO: BOM MUMBAI STARTING FROM 35,558* 1",85
makemytrip,917038201374168_0,BOOK YOUR NEXT BUS TICKETS ON make W trip GET FLAT CODE: 5% OFF ON BUS BOOKING MMTHELLO 0,89
makemytrip,927062350353845_0,BOOK YOUR NEXT BUS TICKETS ON make W trip GET FLAT CODE: 5% OFF ON BUS BOOKING MMTHELLO 0,89
makemytrip,954454620553625_0,make W trip YOUR SMOOTH BUS RIDE STARTS HERE GET FLAT USE CODE: <300 OFF ON Fia5T RU5 Rockc MMTHELLO DOWNLOAD NOW,113
makemytrip,956754527129566_0,,0
makemytrip,957368130682307_0,BOOK YOUR NEXT TRAIN TICKET ONLY ON make W trip FLAT USE CODE: <120 OFF BACKZRAIL ON TRAIN TRAVELS BOOK NOW 'Teca,113
makemytrip,967838152666385_0,"BOOK YOUR NEXT TRAIN TICKET ONLY ON make W trip MRTO USE Come: <40 OFF"" MMTHELLO ONTRRIN TRAVD& CoOK Now",104
makemytrip,967948129170974_0,"make W trip Flights sorted: What about the stay? UP T0 50% OFF APP EXCLUSIVE on International Hotels USE CODE: FLYERHOTEL ""TEC Apply",132
makemytrip,971454455717523_0,"make W trip MAKE THE JOURNEY COUNT 10% OFF"" r5000 € Intcruntlanaiflichi USE CODE APPIFSKY APP EXCLUSIVE] TRCAh",110
makemytrip,975088692153015_0,,0
makemytrip,975406248724008_0,make W trip Aizawl-Chennai Fares starting @ ? 6784* Limited period offer!,73
makemytrip,986018014050360_0,make W trip ure eldrect Ilane i0 Srojpcte? Hnenusmaauheecn ran-Kopoday LELE cut [oo4 YOUR NEXT INTERNATIONAL GETAWAY STARTS WITHATEXT CHAT WITHUSON,147
makemytrip,993964243527801_0,make W trip Aizawl-Chennai Fares starting @ ? 6784* Limited period offer!,73
makemytrip,997245433108908_0,Check-in without checking the business travel budget twice: GET FLAT 15% OFF Use Code MYBIZNEW 8250 CASHBACK on first hotel booking for work  trips. I Biz by make India's No.1 Business Travel & Expense Platform,210
makemytrip,997602839485709_0,,0
makemytrip,998080572664056_0,,0
makemytrip,999004049349754_0,BOOK YOUR TRAIN TICKETS ON make Wy trip FLAT USE CODE: <75 OFF: ON TRAIN TRAVELS MMTHELLO Feceo,95
mamaearth,1005580612276659_0,mamaearth LONG LASTING COLOR for long hours at work 10am 1 12hrs Longstay 3pm 8pm,81
mamaearth,1010093318730137_0,1 w MAPE,8
mamaearth,1014902198216109_0,"Ubtan Cleanse & Sun-Shield Combo for bright & glowing skin mamaearth"" Ubtan Natural Glow FACE WASH mamaearth"" Ubtan Detan Sunscreen icith Tumeric Sscinn Gor Tan Toya MoauTo Qk Lanhen coruanssundrougctION",203
mamaearth,1017122140775910_0,S' Moisture Matte Longstay Lipstick Carnation Nude swipe high pigmentatiom 12hrs Longstay Smrodqe proot Before Alter L MAH,122
mamaearth,1020518337443577_0,"SALE IS LIVE BUY 1 GETA GRE Use Code:OMG mamaearth"" mamaeartt Dory BrianE mamaearth"" Menmni unlitfn Cleanse & Protect For Glowing Skin",134
mamaearth,1034679392685337_0,India's= No 1 Baby Sunscreen In Vivo Tested 30 Protect & Moisturize mamaearth' mllky soft mincral based sunscreenfar babies elendu: Baby's Skin Certineu Toxin Fret Deamnatologicolly Tostcd Ciotern AECorIA SPF 30 & PAttt+ TormeSrn,229
mamaearth,1036858105865049_0,mamaearth SALE IS LIVE Iama Moisture Matte Longstay Lipstick BUY 1GET] FREE Sunit UUse Code; OMG every minute 1 mamai 1 'amaearth earth,135
mamaearth,1037601758986606_0,4198 599 Iam earth SALE IS LIVE BUY 1GET 1 1 reb  1 Use Code OMG Plum Punch Carnation Nude,90
mamaearth,1040273898929479_0,"Shn Naulnnnleee DermaSoft Body Lotion manae earth"" Co-created with Dermatologists DermoSolt boovolon",100
mamaearth,1050951474324131_0,"SALE IS LIVE BUY 1 GETA GRE Use Code:OMG mamaearth"" mamaeartt Dory BrianE mamaearth"" Menmni unlitfn Cleanse & Protect For Glowing Skin",134
mamaearth,1052436717534766_0,"mamaearth"" Ubtan MOISIUIzIkG Editaitn Bottle # Modewith 75% Rocycled plastic  Turrrric& Lo""luttinu Sunarreul comforting Sandalwood Fragrance FoaCNOLMONIL TedCo4cX Li",165
mamaearth,1053972904197815_0,LE SALE SALESALE SALE SALE SALE SALE SALE SALE SA 5 6 Oh 1 My SALE E GooDNEsS 1 SALE ENDS SOON 6 1 BUY 1GET 1 E 1 FREE E 1 Use Code: OMG E 3 SHOP NOW 6 3 {399 % 3798 3 2 E Jewew 1 mamaearth 6 LONG STAY LipsticK 4 % VS 37V5 evs sbs 57v5 EVs UTvS 37V5 37,252
mamaearth,1057786473392852_0,mamaearth SALE IS LIVE Iama Moisture Matte Longstay Lipstick BUY 1GET] FREE Sunit UUse Code; OMG every minute 1 mamai 1 'amaearth earth,135
mamaearth,1062308692956436_0,"Spotless Skin Combo mamaearth Ubtan Natural Glow FACE WASH Titk Iuring Ocn"" Tor TanRGMOVAL mamaearth Ie Byc Blcmitta Lht AULLL LA1[O Cyny",137
mamaearth,1072353188636031_0,"Shn Naulnnnleee DermaSoft Body Lotion manae earth"" Co-created with Dermatologists DermoSolt boovolon",100
mamaearth,1074776768544732_0,mamaearth BUY 1 GE1 LrEB Use Code @MG SALE IS LIVE Deep Plum 4tt,64
mamaearth,1080763091094025_0,"SALE IS LIVE BUY 1 GETA GRE Use Code:OMG mamaearth"" mamaeartt Dory BrianE mamaearth"" Menmni unlitfn Cleanse & Protect For Glowing Skin",134
mamaearth,1089351053423383_0,"Moisture Matte Longstay Lipstick mamaearth"" Sanit every minute mamaearth L",74
mamaearth,1282094620536764_0,1 w MAPE,8
mamaearth,1311814807735953_0,"mamaearth"" Bacho ko dhoop se murjhane mat do Sun Protection witl SpF 50 BUY 1 GET4 mamzeat greb Use Code: OMG SALE IS LIVE",122
mamaearth,1313310485194873_0,mamaearth BUY 1 GE1 LrEB Use Code @MG SALE IS LIVE Deep Plum 4tt,64
mamaearth,1315880314024940_0,"mamaearth SALEISLIVE Use Code: OMG BUY 1 GET 1 CRE mamaearth ""mzearth hrad[o [0X milky Lolt",91
mamaearth,1354627003448215_0,"Shn Naulnnnleee DermaSoft Body Lotion manae earth"" Co-created with Dermatologists DermoSolt boovolon",100
mamaearth,1358070572712831_0,"SALE IS LIVE BUY 1 GETA GRE Use Code:OMG mamaearth"" mamaeartt Dory BrianE mamaearth"" Menmni unlitfn Cleanse & Protect For Glowing Skin",134
mamaearth,1359753009045259_0,"Spotless Skin Combo mamaearth Ubtan Natural Glow FACE WASH Titk Iuring Ocn"" Tor TanRGMOVAL mamaearth Ie Byc Blcmitta Lht AULLL LA1[O Cyny",137
mamaearth,1363412782435477_0,mamaearth ocadness insidc SALE ENDS TONIGHT Oh Mx SALE GooDNESS mama earth BUY Onion mamaearth Shampoo Onion Aou Hair Oil GET Tor air E FaLL contr Foamlideall conTID EiioCLLT FREE Comtht Loae NEW @ Ixprontd] 'Non#imraond Use Code: OMG,234
mamaearth,1363885385935970_0,mamaearth BUY 1 GE1 LrEB Use Code @MG SALE IS LIVE Deep Plum 4tt,64
mamaearth,1371587221731334_0,mamaearth BUY 1 GE1 LrEB Use Code @MG SALE IS LIVE Deep Plum 4tt,64
mamaearth,1374526078137267_0,"Expensive hair spas? No, Flaxseed ka jaadul mamaearth SALEIS LIVE BUY 1 GET 1 mamaeailh Ald IREB Use Code; @MG Mmjcltr fuetted",126
mamaearth,1376931291078545_0,"Expensive hair spas? No, Flaxseed ka jaadul mamaearth SALEIS LIVE BUY 1 GET 1 mamaeailh Ald IREB Use Code; @MG Mmjcltr fuetted",126
mamaearth,1380042867520845_0,"Mamaearth"" Your popcorn won't last This lipstick will 1 12hrs Longstay Carnation Nude MAPE",90
mamaearth,1380579016737375_0,mamaearth BUY 1 GE1 LrEB Use Code @MG SALE IS LIVE Deep Plum 4tt,64
mamaearth,1383838240354692_0,"SALE IS LIVE BUY 1 GETA GRE Use Code:OMG mamaearth"" mamaeartt Dory BrianE mamaearth"" Menmni unlitfn Cleanse & Protect For Glowing Skin",134
mamaearth,1416686350338255_0,"APP@NLY Imaearth"" BUY 1GET 1 creb Use Code: OMG mamacarth Je Stubborn tan? Let Ubtan take care ofit,",100
mamaearth,1445464417643630_0,4198 599 Iam earth SALE IS LIVE BUY 1GET 1 1 reb  1 Use Code OMG Plum Punch Carnation Nude,90
mamaearth,1446770330617600_0,"Spotless Skin Combo mamaearth Ubtan Natural Glow FACE WASH Titk Iuring Ocn"" Tor TanRGMOVAL mamaearth Ie Byc Blcmitta Lht AULLL LA1[O Cyny",137
mamaearth,1474339184733976_0,mamaearth BUY 1 GE1 LrEB Use Code @MG SALE IS LIVE Deep Plum 4tt,64
mamaearth,1513677750559362_0,mamaearth SALE IS LIVE Iama Moisture Matte Longstay Lipstick BUY 1GET] FREE Sunit UUse Code; OMG every minute 1 mamai 1 'amaearth earth,135
mamaearth,1535567944939566_0,"mamaearth SALEISLIVE Use Code: OMG BUY 1 GET 1 CRE mamaearth ""mzearth hrad[o [0X milky Lolt",91
mamaearth,1537623431711232_0,mamaearth SALE IS LIVE Iama Moisture Matte Longstay Lipstick BUY 1GET] FREE Sunit UUse Code; OMG every minute 1 mamai 1 'amaearth earth,135
mamaearth,1540269304292753_0,"magagarth Muky  Sofl Head t0 Toc Wash No BuY IGETA Teurs 5E Use Code OMG Only Giggles EALEIS LivE Dermat Vested oxin 4 mamagarth"" haedtot",137
mamaearth,1542993743485342_0,"Ubtan Cleanse & Sun-Shield Combo for bright & glowing skin mamaearth"" Ubtan Natural Glow FACE WASH mamaearth"" Ubtan Detan Sunscreen icith Tumeric Sscinn Gor Tan Toya MoauTo Qk Lanhen coruanssundrougctION",203
mamaearth,1549097606352462_0,1 w MAPE,8
mamaearth,1552698602965935_0,"Spotless Skin Combo mamaearth Ubtan Natural Glow FACE WASH Titk Iuring Ocn"" Tor TanRGMOVAL mamaearth Ie Byc Blcmitta Lht AULLL LA1[O Cyny",137
mamaearth,1554736032674298_0,"mamaearth 10,0OO+ Lipsticks Sold injust 2 months MorstureCMattetlomnAsde Lipstick H 12hrs Lonetuny r9 SRE",105
mamaearth,1557250509194859_0,"mamaearth HEY GOA? Your favourite sale is LIVE? BUY 1GET 1 grEB Use Code; OMG Momararthi Ublin 4474 mamae earth Poseman Anti-Hair Fall mamu earth"" Ynamn € Arect SHOPNOW I",170
mamaearth,1565387228327803_0,1 w MAPE,8
mamaearth,1592212042572789_0,4198 599 Iam earth SALE IS LIVE BUY 1GET 1 1 reb  1 Use Code OMG Plum Punch Carnation Nude,90
mamaearth,1593988222370870_0,mamaearth petn E bloit toolhpjstc Fotkids 3aueaa Jo0l- Nucurol Einchl Met Waleha $01/ 11602,91
mamaearth,1605016511347205_0,"SALE IS LIVE BUY 1 GETA GRE Use Code:OMG mamaearth"" mamaeartt Dory BrianE mamaearth"" Menmni unlitfn Cleanse & Protect For Glowing Skin",134
mamaearth,1622639132616843_0,"Ubtan Cleanse & Sun-Shield Combo for bright & glowing skin mamaearth"" Ubtan Natural Glow FACE WASH mamaearth"" Ubtan Detan Sunscreen icith Tumeric Sscinn Gor Tan Toya MoauTo Qk Lanhen coruanssundrougctION",203
mamaearth,1633967708395740_0,"APP ONLY mamaearth"" BUY 1 GET 1 GrEB Use Code: OMG} mamaearth Rice Devcr Bright Wask mamaearth mamaearth Vitamin Rosemary Daily ' Glox Sunscroen Anti-Hair Fall SHANDOO Idtuioiatma Kurk Kascmc% B3t Foigls Kshair LOsSJ Dat Fopunicdottcmiomtuloh Mtcowitn I",253
mamaearth,1636569024740560_0,4198 599 Iam earth SALE IS LIVE BUY 1GET 1 1 reb  1 Use Code OMG Plum Punch Carnation Nude,90
mamaearth,1669624754133392_0,LE SALE SALESALE SALE SALE SALE SALE SALE SALE SA 5 6 Oh 1 My SALE E GooDNEsS 1 SALE ENDS SOON 6 1 BUY 1GET 1 E 1 FREE E 1 Use Code: OMG E 3 SHOP NOW 6 3 {399 % 3798 3 2 E Jewew 1 mamaearth 6 LONG STAY LipsticK 4 % VS 37V5 evs sbs 57v5 EVs UTvS 37V5 37,252
mamaearth,1724992895290758_0,4198 599 Iam earth SALE IS LIVE BUY 1GET 1 1 reb  1 Use Code OMG Plum Punch Carnation Nude,90
mamaearth,1729841694959472_0,1 w MAPE,8
mamaearth,1754629025560853_0,"mamaearth""' BUY 1 GETH creB Use Code OMG SALE IS LIVE 3 Yintage 7899, Deep Rose Plum",84
mamaearth,1786990026078411_0,STAYS fcel] 1 1 1 1 1 SOFTI MARE Moisture Matte LongStay Lipstick Upto 25% Off Code: SAVE25,91
mamaearth,1788592809253145_0,mamaearth GOOD NEWSI! Your savings went upl NEWS MAMAEARTH Apponly (BUV 1 GET GrEB Code; OMG Dmieil Use=,104
mamaearth,1806046977513618_0,4198 599 Iam earth SALE IS LIVE BUY 1GET 1 1 reb  1 Use Code OMG Plum Punch Carnation Nude,90
mamaearth,1879638386044134_0,SALEIS LIVE mamaearth BUY1GET1 CrEB Use Code: OMG What's in your bag? My Perfect Nude 1,87
mamaearth,1890834171599934_0,"mamaearth"" Milky Soft Head to Toe Wash No BUY 1 GET 1 Tests EREd Use Code: OMG Only Giggles SALE IS LINE mara earth"" milkyeoft heed to - nih HHIEHED Dermal Uested exi Free",171
mamaearth,1956639604999379_0,4198 599 Iam earth SALE IS LIVE BUY 1GET 1 1 reb  1 Use Code OMG Plum Punch Carnation Nude,90
mamaearth,2123535265039322_0,1 w MAPE,8
mamaearth,2146795902924534_0,"Shn Naulnnnleee DermaSoft Body Lotion manae earth"" Co-created with Dermatologists DermoSolt boovolon",100
mamaearth,2174564876657798_0,"Mamaearth"" Your flowers won't last This lipstick will 1 12hrs Longstay Carnation Nude MAPE",90
mamaearth,2179565275940024_0,mamaearth SALE IS LIVE Iama Moisture Matte Longstay Lipstick BUY 1GET] FREE Sunit UUse Code; OMG every minute 1 mamai 1 'amaearth earth,135
mamaearth,2184903802354453_0,4198 599 Iam earth SALE IS LIVE BUY 1GET 1 1 reb  1 Use Code OMG Plum Punch Carnation Nude,90
mamaearth,2220001062171828_0,"Shn Naulnnnleee DermaSoft Body Lotion manae earth"" Co-created with Dermatologists DermoSolt boovolon",100
mamaearth,2231566657629084_0,"Spotless Skin Combo mamaearth Ubtan Natural Glow FACE WASH Titk Iuring Ocn"" Tor TanRGMOVAL mamaearth Ie Byc Blcmitta Lht AULLL LA1[O Cyny",137
mamaearth,2264252327685305_0,"SALE IS LIVE BUY 1 GETA GRE Use Code:OMG mamaearth"" mamaeartt Dory BrianE mamaearth"" Menmni unlitfn Cleanse & Protect For Glowing Skin",134
mamaearth,2266809804135667_0,mamaearth Your salary might disappear This lipstick won't | 1 12hrs Longstay Camation Nude MAPE,95
mamaearth,2291979028223088_0,BUY 1 GETI mamaearth CrEB APP ONLY Use Code  OMG Excessive Dandruff? Fix the root of it 1 J 1 ~8 4 1 U HrmdernA TtoteDbizos Shunoo cerunai,138
mamaearth,2300153754086770_0,"mamaearth SALE IS LIVE BUY 1GETH greg Use Code @MG Your 2-Step Routine For Glowing & Protected Skin Dull & tanned skin mmjeetth"" 0302",133
mamaearth,2396037320890033_0,Sale I5 LIVE BUY 1 GET1 GrEB Use Code: OMG mamaeart mamaearth Tan se pareshan? (Ubtan kare aasaan:,98
mamaearth,2407022916677127_0,4198 599 Iam earth SALE IS LIVE BUY 1GET 1 1 reb  1 Use Code OMG Plum Punch Carnation Nude,90
mamaearth,2432187643859814_0,"Ubtan Cleanse & Sun-Shield Combo for bright & glowing skin mamaearth"" Ubtan Natural Glow FACE WASH mamaearth"" Ubtan Detan Sunscreen icith Tumeric Sscinn Gor Tan Toya MoauTo Qk Lanhen coruanssundrougctION",203
mamaearth,2441632769655785_0,"mama earth"" SOLUTION 96% ess Hair Fall"" PROBLEM Excessive Hair Fall mamaearth oicman Inti Halt F4 APP ONLY BUY 1 GET 1 VrEB Use Code: OMG",137
mamaearth,26347401441624404_0,1 SAFE,6
mamaearth,2665485920555663_0,"mamaearth"" Moisture Matte Longstay Lipstick APP ONLY 1 BUY 1 GET! CREB Carnation Nude Looks Gocd on Everyone Use Code: OMG",122
mamaearth,2669526043565593_0,APR@NLY mamaeart BUY 1 GETI (rEB Use Code: OMG mamaearth Tan se pareshan? (Ubtan kare aasaan:,93
mamaearth,27739220965758685_0,"mamaearth"" Ubtan MOISIUIzIkG Editaitn Bottle # Modewith 75% Rocycled plastic  Turrrric& Lo""luttinu Sunarreul comforting Sandalwood Fragrance FoaCNOLMONIL TedCo4cX Li",165
mamaearth,27740916515567238_0,India's= No 1 Baby Sunscreen In Vivo Tested 30 Protect & Moisturize mamaearth' mllky soft mincral based sunscreenfar babies elendu: Baby's Skin Certineu Toxin Fret Deamnatologicolly Tostcd Ciotern AECorIA SPF 30 & PAttt+ TormeSrn,229
mamaearth,2778142649269620_0,"mamaearth"" Ubtan MOISIUIzIkG Editaitn Bottle # Modewith 75% Rocycled plastic  Turrrric& Lo""luttinu Sunarreul comforting Sandalwood Fragrance FoaCNOLMONIL TedCo4cX Li",165
mamaearth,28369022672727273_0,"SALE IS LIVE BUY 1 GETA GRE Use Code:OMG mamaearth"" mamaeartt Dory BrianE mamaearth"" Menmni unlitfn Cleanse & Protect For Glowing Skin",134
mamaearth,28911751028413658_0,"Shn Naulnnnleee DermaSoft Body Lotion manae earth"" Co-created with Dermatologists DermoSolt boovolon",100
mamaearth,3024932337851541_0,"mamaearth Up to 96% Hair Fall Reduction"" 3X Stronger Hair"" mamaearta APPONLY BUY 1 GET 1 grEB Use Code: OMG",107
mamaearth,3192642707790681_0,"mamaearth SALE IS LIVE BUY 1GETH greg Use Code @MG Your 2-Step Routine For Glowing & Protected Skin Dull & tanned skin mmjeetth"" 0302",133
mamaearth,4601705410061125_0,"APP ONLY mamaearth"" BUY 1 GET 1 GrEB Use Code: OMG} mamaearth Rice Devcr Bright Wask mamaearth mamaearth Vitamin Rosemary Daily ' Glox Sunscroen Anti-Hair Fall SHANDOO Idtuioiatma Kurk Kascmc% B3t Foigls Kshair LOsSJ Dat Fopunicdottcmiomtuloh Mtcowitn I",253
mamaearth,4643067269303066_0,1 w MAPE,8
mamaearth,842641598814768_0,4198 599 Iam earth SALE IS LIVE BUY 1GET 1 1 reb  1 Use Code OMG Plum Punch Carnation Nude,90
mamaearth,856827880828795_0,mamaearch SALE IS LIVE BUY 1 GET 1 CrEB Use Code: OMG) Mdms coth 3 M omdeartn mma earth 673€ 1,94
mamaearth,858186947240827_0,4198 599 Iam earth SALE IS LIVE BUY 1GET 1 1 reb  1 Use Code OMG Plum Punch Carnation Nude,90
mamaearth,879672064952849_0,mamaearth mamaearth Motan Glon FICE  APP ONLY Dont let the sun steal your glowl Detan with Ubtan BUY 1 GET 1 (rEB Use Code: OMG,127
mamaearth,888345550674241_0,mamaearth BUY 1 GE1 LrEB Use Code @MG SALE IS LIVE Deep Plum 4tt,64
mamaearth,899878096063073_0,1 w MAPE,8
mamaearth,901453472578957_0,"mamaearth SALE IS LIVE BUY 1GETH greg Use Code @MG Your 2-Step Routine For Glowing & Protected Skin Dull & tanned skin mmjeetth"" 0302",133
mamaearth,918426957361415_0,"mamaearth"" Ubtan MOISIUIzIkG Editaitn Bottle # Modewith 75% Rocycled plastic  Turrrric& Lo""luttinu Sunarreul comforting Sandalwood Fragrance FoaCNOLMONIL TedCo4cX Li",165
mamaearth,923562690139668_0,"Food vs Lipstick Golgappa Test: Passed Lipstick: Still On mamaearth"" SALE IS LIVE BUY 1GET N REB Use Code OMG I",111
mamaearth,947586981693548_0,mamaearth GOOD NEWSI! Your savings went upl NEWS MAMAEARTH Apponly (BUV 1 GET GrEB Code; OMG Dmieil Use=,104
mcaffeine,1022682450523820_0,2adgugred *0 I4t 7#cm {499 caffeine Guava Tini De Tan Body Wash 300 ml Rs. 449 Sweet Escape Perfume Body Lotion 30Oml Rs. 499 Cant Subloial 948.00 74L9 7499 Orert Reward: To Pay Place Order,189
mcaffeine,1023298600240486_0,"caffeine {1,098 By the Blues Brightening Perfume Body Lotion 3ooml 599 2% Salicylic Acid 3-in-] Perfume € Odour Control Body Wash Rs_ 499 Cari Sublol {1,098 Olters Rurdids -7499 7599 To Pay Place Order",201
mcaffeine,1034127752916407_0,JoNSool Sell Care Sale BUN GET 1] FREE Claicolansn$ 2904 cafftine Ailne ofruin caffeine Beat the Monsoon Blues . Roeah VoutHKiccuina Jutunous citon-sd Ond OiLnC Taqroncg,169
mcaffeine,1036125272614741_0,"GRAND INDEPENDENCE DAY ""Sale raffeine TAKE TRIPLE-ACTIQ) DEO BODY WeH: 36 Jogu U ' Buy 1 Get 1 FREE Upto Freebies on all orders 590 OFF On AII Prepaid Orders No Code Required",174
mcaffeine,1058132773410225_0,Coffee Dark Circles caffeine coffee hydrogcl under cye palches,62
mcaffeine,1063162886233152_0,Here's what Guava Tini can do in 6 weeks In 4 weeks skin feels smoother In 5 weeks skin looks even-toned caffeine GUAVA Tini DE-TAN BODY WASH In 6 weeks skin looks visibly de-tanned 696 BCGHEENING NCTIVES EEn mE LCMCAC1D Kdol ou4uAtucn achi MAAADUAL Muotntato AtTe,264
mcaffeine,1073421548259763_0,BUY QecKBUSTEp 81FREE dihdotobri uctogerera escnieveoyOrdfr #Storo doidticouwi Noicoderequired caffeine' caffeine' Cru#ch DAA Kank Jod] Yah 796 #rov;ting 696Aciomieninc,168
mcaffeine,1091117459908662_0,"GRAND INDEPENDENCE DAY ""Sale raffeine TAKE TRIPLE-ACTIQ) DEO BODY WeH: 36 Jogu U ' Buy 1 Get 1 FREE Upto Freebies on all orders 590 OFF On AII Prepaid Orders No Code Required",174
mcaffeine,1096525762660518_0,"BUY 2 84+3 FREE +500 diccuni procoid order NO CODE REQUIRED caffgine 12D Mani t caffeine nthisc 40Ou "" {00u0d Id",112
mcaffeine,1126169769592579_0,BUY FREE GET Moto FREEBIES OHEVERY ORDER 580 prcpoid discount No CODE REQUIRED caffer TUvE WMmeR BOp aigine e Lset Klcon UNCobr,127
mcaffeine,1146855034061147_0,8e caffethe' 5 caffeine  culirelne caffeine Couo colit e BUY 3 @ 2999 #Extra 5* OFF ON PREPAID ORDERS USE CODE: BUY999,118
mcaffeine,1148759830105527_0,ido bif BadHdlal BUY 2GET 3 FREE No Code Required caffelne? GUAVA Tini DE-TAN BODY WASH affeine ESCAPE ~sweet 'BOb LOTION 6% ACtivEs DRIGHENING AFUMCI caffeine 5,161
mcaffeine,1150130276632686_0,ido bif BadHdlal BUY 2GET 3 FREE No Code Required caffelne? GUAVA Tini DE-TAN BODY WASH affeine ESCAPE ~sweet 'BOb LOTION 6% ACtivEs DRIGHENING AFUMCI caffeine 5,161
mcaffeine,1162857032537008_0,843 FREE +590 discount prcpoid orders No CODE REQUIRED caffer e Kaffeine TfMc Summer= ESCAFE BODi SSWeCI Louon ~Rfun ob,119
mcaffeine,1211163057505569_0,BUY: 8999 caffeine +Ena585 pll On Ducceld endat BY THE BLUES CODE BUY999 PERFUiMe BODY LOTION,93
mcaffeine,1213643833825447_0,8e caffethe' 5 caffeine  culirelne caffeine Couo colit e BUY 3 @ 2999 #Extra 5* OFF ON PREPAID ORDERS USE CODE: BUY999,118
mcaffeine,1235867708646491_0,2adgugred *0 I4t 7#cm {499 caffeine Guava Tini De Tan Body Wash 300 ml Rs. 449 Sweet Escape Perfume Body Lotion 30Oml Rs. 499 Cant Subloial 948.00 74L9 7499 Orert Reward: To Pay Place Order,189
mcaffeine,1254048229977913_0,"caffeine {1,098 By the Blues Brightening Perfume Body Lotion 3ooml 599 2% Salicylic Acid 3-in-] Perfume € Odour Control Body Wash Rs_ 499 Cari Sublol {1,098 Olters Rurdids -7499 7599 To Pay Place Order",201
mcaffeine,1258131115821652_0,"Ecrly Lnpin Buy FREE Get #UPTO) freebies +5% OFF ON PREPAID ORDERS Ho CODE REQUIRED tteihe caffeine"" caffeine' ' A eudc LUAY 0b ictohTEI   terEKad",146
mcaffeine,1265648868771724_0,"Beat #he Heat BUY FREE SUSale""ER GET Upto 6 Freebies on all orders 5% Prepaid Off caffeinee GUAVA Tini DE-TAN BODY WASH caffelne cruncH CARAMEL ExFoliating BodY - WASh EXFOL JlaTiNG 7%/ Actives % AriGVEENING ACTIVES cio V0eo7i ndcHilen",235
mcaffeine,1270477318295567_0,"Buy Get FREE +UPTO FREEBIES +533 OFF ON PREPAID ORDERS No CODE REQUIRED caffedn a Acrlucla truyda Fethn. TARE Muo c triple ActI(s p-o ody Or] In"" Kanat 2SSALICYLic",163
mcaffeine,1276754584532780_0,Perfumedrelre} relrefresh fragrance caffeine BY THE BLUES BRIGHTENING BODY SCRUB 65 EXFOLIATING Jrigaienins ACTIVES comin dtmouty Otad stintol TYImhONI Ocigotttt skin Lacnctceercra Jid,184
mcaffeine,1296588461910503_0,BUY 3 @ <999 +EXTRA 598 off on prepord orders CODE BUY999 caffe alfeine e SummeR Swg eSCApe [otlor FERFUME BOD  Fud DOD',120
mcaffeine,1302234451381496_0,BUY QecKBUSTEp 81FREE dihdotobri uctogerera escnieveoyOrdfr #Storo doidticouwi Noicoderequired caffeine' caffeine' Cru#ch DAA Kank Jod] Yah 796 #rov;ting 696Aciomieninc,168
mcaffeine,1319155783468335_0,3-in-1 SUPER LOTION caffeine BY THE BLUES PERFUME BODY LOTION The only bottle your skin needs this summer:,106
mcaffeine,1324497736464034_0,BUY FREE GET Moto FREEBIES OHEVERY ORDER 580 prcpoid discount No CODE REQUIRED caffer TUvE WMmeR BOp aigine e Lset Klcon UNCobr,127
mcaffeine,1327030792360427_0,"Pairs Galsine 84% Users saw reduced fine lines & wrinkles in Weekl"" bosdonndcoendoni coriun MUI OnEOprocattor RCoUio",116
mcaffeine,1348043743319130_0,"MEW Wew New MeMA MeM MeW HEw MER HEW NewMEM MEW INDIA'S FIRST 3-IN-1 DEO BOdy WASH Aqua FReSN Hindiitghvsh Fmigmtcce Fradaalol calteh , cafigin s 7 {.  Wala 477 ,$ 1 (n | JE"":cj ~ 4 2 P""i NACUNA Mli",198
mcaffeine,1352202776280674_0,"BUY GET FREE Mpronannates CNueftonnea ee entetnen Ececnmmancmt FITTITTNTMTTT CRUSTEP . caffeine Eto Loe caffeine' Suna , Frrfux EcDt LOToN",138
mcaffeine,1393798466139903_0,2adgugred *0 I4t 7#cm {499 caffeine Guava Tini De Tan Body Wash 300 ml Rs. 449 Sweet Escape Perfume Body Lotion 30Oml Rs. 499 Cant Subloial 948.00 74L9 7499 Orert Reward: To Pay Place Order,189
mcaffeine,1417250866644838_0,"2 8 1 1 5 9 1 Glow Sale 0 9 9 Buy Get 1 FREE Upto  Freebies on all orders OFF on all Prepaid Ordcrs No odg Requirgo 2 caf gire 'aff 834 S""EEt ESCATES FeNRuNe TODY LC-2t;",169
mcaffeine,1418309883685645_0,caffelne GUAVA TInI DE TAN FACE SCRUB; Guaua Jini ace Sczub,59
mcaffeine,1441347661359753_0,MenSeeN BUN 11 GET GREE 844885848 %6) FaLPMSORELa caffgine Juie; Rer caffgine,77
mcaffeine,1442086477548100_0,"J mam caffeine 71,556 Guava Tini De- Tan Body Wash 300 ml Rs. 449 Sweet Escape Perfume Body Lotion 3oOml Rs. 4L9 By the Blues Brightening Perfume Body Lotion 3oOml Rs. 599 Cart Subtoiai {1,547 7548 2999 Offers Pewards To Pay Place Order",236
mcaffeine,1451726726347892_0,sall BUY 2 GET 3 FREE ~UPTO 5r EXTAA OHPREPAID CODEDEOUIDED 0 1 6 P 8 1 4,73
mcaffeine,1463514658222734_0,BUY 3 @<999 +EXTRA 5% off on prepaid orders USE CODE-BUY999 caffeine' caffeine GUAVA Tini DE-TAN CARAMEL CRunch body WASH ExFoLiATING Body WASH 4SaTching 396 Xcuives 7%f ECFO4EstinG; ActiYES SnTeaa,197
mcaffeine,1482654059711482_0,BUY FREE GET Moto FREEBIES OHEVERY ORDER 580 prcpoid discount No CODE REQUIRED caffer TUvE WMmeR BOp aigine e Lset Klcon UNCobr,127
mcaffeine,1486954136042052_0,"Buy Get FREE +UPTO FREEBIES +533 OFF ON PREPAID ORDERS No CODE REQUIRED caffedn a Acrlucla truyda Fethn. TARE Muo c triple ActI(s p-o ody Or] In"" Kanat 2SSALICYLic",163
mcaffeine,1520313206551408_0,RAMEL EclaiRS ~FFEE Booy ScRUb CARAMEL EcLAIRS COFFEE Bopy SCRUB JEW LAUNCH Fh NEW  3 E,87
mcaffeine,1522464128893221_0,Buy 3FREE NO CODE REQUIRED +EXTRA 573 off on piopaid ordors caf mne Tumbrin ici ATE 0601 Wash cafimhe eluederry Qody = MASH BLAST Ajiay citahst,143
mcaffeine,1676554120280907_0,"Beat Ile Htal BUY FREE saie""R GET Tuosficcectendlerdnia Pteaot caffeine' caffeine CUAYA 4# 05 Tash 0 ODT 6% R85M3*ke 3F 796 =",125
mcaffeine,1685474922637149_0,BUY FREE 6a6113 113 GET uconerortiet Ernal t nicdtt Cof _ 8 caffeine,68
mcaffeine,1691746315320773_0,8e caffethe' 5 caffeine  culirelne caffeine Couo colit e BUY 3 @ 2999 #Extra 5* OFF ON PREPAID ORDERS USE CODE: BUY999,118
mcaffeine,1692222262060120_0,"EARLY Ming@ BUN 1 CEI 1 FREE caffelne caffeine"" Catamel Eclans scrue caffemme caffeine' cafielhe | caffeine | ISua0 FLt ccd ErDa OUAaTNI caffeine Cc ffeine ThF aimues FeCFuke Codyioilot Aacie CAmLl CLA aket body ScrUl Upto 6 Frbebies ONALL OrdeRS 576 @FFON ALL prepaid @rders Fine",280
mcaffeine,1733373644331142_0,Energy Drink foryour Eyes caffeine {Under Eyc Palcta,52
mcaffeine,1753556429166096_0,MenSeeN BUN 11 GET GREE 844885848 %6) FaLPMSORELa caffgine Juie; Rer caffgine,77
mcaffeine,1789919338598966_0,BUY 3 @ <999 +EXTRA 598 off on prepord orders CODE BUY999 caffe alfeine e SummeR Swg eSCApe [otlor FERFUME BOD  Fud DOD',120
mcaffeine,1932865640598266_0,BUY 3 @ <999 +EXTRA 598 off on prepord orders CODE BUY999 caffe alfeine e SummeR Swg eSCApe [otlor FERFUME BOD  Fud DOD',120
mcaffeine,1937663183838981_0,"@hnom Gtow ""OJall BUYIGETIFREE NO CODE REQUIRED uptobetoube aooqy D-Tan Bos Exlollating caffeilhe' Boon {o Jodi Kash #ash 6% 8mtiminG 700 = JAcowatnG caffeine'",159
mcaffeine,1958843971461705_0,"Pairs Galsine 84% Users saw reduced fine lines & wrinkles in Weekl"" bosdonndcoendoni coriun MUI OnEOprocattor RCoUio",116
mcaffeine,2008966073265985_0,843 FREE +590 discount prcpoid orders No CODE REQUIRED caffer e Kaffeine TfMc Summer= ESCAFE BODi SSWeCI Louon ~Rfun ob,119
mcaffeine,2090432935241498_0,"MEW Wew New MeMA MeM MeW HEw MER HEW NewMEM MEW INDIA'S FIRST 3-IN-1 DEO BOdy WASH Aqua FReSN Hindiitghvsh Fmigmtcce Fradaalol calteh , cafigin s 7 {.  Wala 477 ,$ 1 (n | JE"":cj ~ 4 2 P""i NACUNA Mli",198
mcaffeine,2194685327985447_0,Eye Patches for Every Concern: Finc Lincs Anti-Ageing camalne; caffetne caffeine cajlfeine; Dark Circles Brightens,114
mcaffeine,2213557122450935_0,BUY 3 @<999 +EXTRA 5% off on prepaid orders USE CODE-BUY999 caffeine' caffeine GUAVA Tini DE-TAN CARAMEL CRunch body WASH ExFoLiATING Body WASH 4SaTching 396 Xcuives 7%f ECFO4EstinG; ActiYES SnTeaa,197
mcaffeine,2243436799392980_0,Buy 3FREE NO CODE REQUIRED +EXTRA 573 off on piopaid ordors caf mne Tumbrin ici ATE 0601 Wash cafimhe eluederry Qody = MASH BLAST Ajiay citahst,143
mcaffeine,2328263761317449_0,"Beat Ile Htal BUY FREE saie""R GET Tuosficcectendlerdnia Pteaot caffeine' caffeine CUAYA 4# 05 Tash 0 ODT 6% R85M3*ke 3F 796 =",125
mcaffeine,2383250038848417_0,sall BUY 2 GET 3 FREE ~UPTO 5r EXTAA OHPREPAID CODEDEOUIDED 0 1 6 P 8 1 4,73
mcaffeine,2515375098927912_0,MenSeeN BUN 11 GET GREE 844885848 %6) FaLPMSORELa caffgine Juie; Rer caffgine,77
mcaffeine,2688041734908554_0,sall BUY 2 GET 3 FREE ~UPTO 5r EXTAA OHPREPAID CODEDEOUIDED 0 1 6 P 8 1 4,73
mcaffeine,2697231370618955_0,"@hnom Gtow ""OJall BUYIGETIFREE NO CODE REQUIRED uptobetoube aooqy D-Tan Bos Exlollating caffeilhe' Boon {o Jodi Kash #ash 6% 8mtiminG 700 = JAcowatnG caffeine'",159
mcaffeine,27069321879356497_0,"Hcal BUYI FREE ~""Satle"" JER GET Cnct orhacoaal 3 0 0 6 BHRS OF 'odour ContRol",77
mcaffeine,3083695158684708_0,sall BUY 2 GET 3 FREE ~UPTO 5r EXTAA OHPREPAID CODEDEOUIDED 0 1 6 P 8 1 4,73
mcaffeine,3103440849804319_0,"BUY GET FREE Mpronannates CNueftonnea ee entetnen Ececnmmancmt FITTITTNTMTTT CRUSTEP . caffeine Eto Loe caffeine' Suna , Frrfux EcDt LOToN",138
mcaffeine,4370924793149118_0,From Dull To Brighter Skin with exfoliating & brightening actives BEFORE auel oor_ WRICHT Tan- AFTER tolfGine,109
mcaffeine,508000715667776_0,BUY 3 @ <999 +EXTRA 598 off on prepord orders CODE BUY999 caffe alfeine e SummeR Swg eSCApe [otlor FERFUME BOD  Fud DOD',120
mcaffeine,690100936852587_0,BUY: 8999 caffeine +Ena585 pll On Ducceld endat BY THE BLUES CODE BUY999 PERFUiMe BODY LOTION,93
mcaffeine,698294543310712_0,DidO bnf Badfdae BUY 2GET 3 FREE No Code Required caffeine ~afieine caffgine PERFUME BODY LOTION BY THE BLUES Sweet > ESCAPE BOD LOTION PERFUME SUMMER  Werfume [ Cio; Jiunion BODY BREEZE LOTION,193
mcaffeine,758082523832763_0,On-The-Go Anti-Frizz Perfumed Hair Spray Powered with 31% Shine Actives Glycolic Acid Lactic Acid Vitamin[ 082 affer  L,119
mcaffeine,797164233124972_0,BUY 3 @ <999 +EXTRA 598 off on prepord orders CODE BUY999 caffe alfeine e SummeR Swg eSCApe [otlor FERFUME BOD  Fud DOD',120
mcaffeine,804590798865896_0,DidO bnf Badfdae BUY 2GET 3 FREE No Code Required caffeine ~afieine caffgine PERFUME BODY LOTION BY THE BLUES Sweet > ESCAPE BOD LOTION PERFUME SUMMER  Werfume [ Cio; Jiunion BODY BREEZE LOTION,193
mcaffeine,884294354749831_0,Don't buy  this caffeine? body CARAMEL CRUNcH wash BoOx NaNG unless you want smoother skin 7%/ & FoLtst FOLIATING LSk i10 < LOUC40 in 28 days ICUfElin 'Oue edmces strawberry skin Exloliates remoye dead skin Calrame fragrance ol .0 dian consumers,245
mcaffeine,885021530750047_0,"ENDING SOOn ENDING SOON ENDING SOON END OF YEAR SALE BUYE FREE GET +UPTO 6 FREEBIES caffgine caffeine Telwes olia "" odr Hrae 'od 3552 caffeine 4 Lolion onnore I {Boot",166
mcaffeine,899348786035357_0,"Buy Get FREE +UPTO FREEBIES +533 OFF ON PREPAID ORDERS No CODE REQUIRED caffedn a Acrlucla truyda Fethn. TARE Muo c triple ActI(s p-o ody Or] In"" Kanat 2SSALICYLic",163
minimalist,1001370322667189_0,High Performance Oil Control Kit Cleanses Moisturizes Treats Minimalist #rmaly Hinimolnt,88
minimalist,1005645485589335_0,"Anti Aging Serum Beginner-friendly formula_ Prevents early onset of fine lines, wrinkles and skin sagging Minimolst",115
minimalist,1006278088774514_0,SPF 30 Body Lotion EoTLo7e Fentnct Ideal for AII Skin Types Key Benefits Minimalist Boosted with green tea extract (antioxidant) Rich moisturizing formula with glycerin & multivitamins,184
minimalist,1009046391714627_0,For acne-free clear skin Clinically proven formulations Inat #ight acrc_ ucconacs Dorc; Tecmce blackheads Gve vau clcal untextued skin Minimalist hnimole,153
minimalist,1009504551961452_0,"FREEBIE of your choice On purchase of 2 products"" ""Lower priced product will be Irec Hinim -e Srimaty",101
minimalist,1016035757454883_0,Built for lasting monsoon protection: Sweat = Water Resistant upto 8Omins,73
minimalist,1017353947660135_0,"Three products, At the cost of two ""Add anihc lowrest naic poduchcncc vitamnin B5 FrEE SokuiC Acid * LHA jea Minimalist Minimalist, Minimalet",141
minimalist,1020829984164191_0,Updated Formula SILVERFREE Hau Grotah DARKENYL Minimalist Beyond Hair Growth Now helps fight Premature Greying,110
minimalist,1021330090334834_0,In-Vivvo Tested Sunscreen Boasted wlth multi-vitamins Dcubles as moisturzer No Whitecast Broad Spectrum PAtttt Protection ninaint,129
minimalist,1021609566941838_0,What it targets? Dull skin UV damage Dark spots Uneven tone Vamac ~Minimalis;,77
minimalist,1021778150261826_0,"FREEBIE of your choice On purchase of 2 products"" ""Lower priced product will be Irec Hinim -e Srimaty",101
minimalist,1022803180500359_0,"FREEBIE of your choice On purchase of 2 products"" ""Lower priced product will be Irec Hinim -e Srimaty",101
minimalist,1023646183828867_0,"1 0 7 B12 Oat B12 Oat Extract Extract 6.596 GEnT CLRAREER Cann 07 hnion[ homnbl E[opeltiismlthe1LEE mnty ( 47} ""DlmueunD Minimalist Tomnl 4omn",142
minimalist,1029164189491237_0,93% subjects agree firmness of skin significantly improved after 8 weeks* Bottte Minimalist,91
minimalist,1030603056584596_0,"NEW LAUNCH Copper Peptide PDRN 1.25% Skin Firming Serum Copper Peptide 01% Boosts collgen & elasun Nicvents skin Loing PDRN 0.259 +24.3  boost akin @nsicin +18,693 boost hvamalicn'",180
minimalist,1041126368361580_0,Inside the Skin: 36 UV rays; oxidative stress; pollution Causes inflammation and redness Skin cells release proinflammatory cytokines VITAMIN B12 Blocks this activation & calms skin,181
minimalist,1041126368361580_1,Barrier Repair Kit Formulated for Sensitive Skin Gentle on skin Repairs barrier Calms Jatattet inflammations Minimalist,119
minimalist,1041126368361580_2,High Performing Actives Oat Extract Gentle on skin Dallo Niacinamide 5% Repairs damaged barrier Minimalist Vitamin B12 Calms inflammations UnEnae,145
minimalist,1041126368361580_3,For Soothing Sensitive Skin: 04844 Minimalist Kital,51
minimalist,1041126368361580_4,"Barrier Repair Routine GlLarea LAILl [Laale ""Compe: Nalmalk Unae CLEANSE Oat Extract 069 TREAT MOISTURIZE B12 Repair Complex 5.5%0 Niacinamide 05%0",147
minimalist,1043380451363992_0,Vitamin / tonler ! Tunf ioa 14 I I0g F4in  danu' 7ef Dain € {extrae Lightweight hydration for humid monsoons Oil-free moisturizer for oily & acne-prone skin: Minimalist,168
minimalist,1048233921490090_0,"Cleansing that's gentle but effective. Prevenis clogged pores blackheads Removes SPF, makeun pil-scluble Imp umies Lcaves skin sol nolnshed",139
minimalist,1054379567534779_0,"FREEBIE of your choice On purchase of 2 products"" ""Lower priced product will be Irec Hinim -e Srimaty",101
minimalist,1069428508846261_0,"Bond Repair Mechanism orn ""7u  celalmiau&eLiem amjolh { gu: CLEEhuA nal Mneo LAMPTATTOHLASpEd CUADDUNTORTA arlD JAFARAN RfPab CCAn SEM Results at SOOx magrifcaticn",163
minimalist,1069586518930107_0,Oil Control Routine Minimalna Unu CLEANSE Salicylic Acid LHA 0288 Cortrol TREAT Niacinamide Acidi0 . MOISTURIZE Vitamin B5 Evcns Tone Nourishinng cel,149
minimalist,1091140040069984_0,"Retinol 0.3% Anti-Aging Serum Beginner-friendly formula, prevents early onset of fine lines, wrinkles and skin sagging Inove oidcied mor mom she Kovned Vety liqhi  eiqnlo4 nbzarb:;Intkin ameilononJ dicool vork,#dlyuylcin colkicncy Muan Retinol S eSTKA Minimalist",262
minimalist,1248566807253131_0,High Performance Oil Control Kit Cleanses Moisturizes Treats Vlomin Minimalist Minimaly Minimalist. Minttallst,110
minimalist,1248566807253131_1,Oil Control Routine Vitomin 9 Minimalist Hirinolet Hinnal CLEANSE Salicylic Acid LHA 0290 Oil Control TREAT Niacinamide Acid1o% Evens Tone MOISTURIZE Vitamin BS 10% Nourishing gel,179
minimalist,1248566807253131_2,"Removes excess oil & comedones, non-drying formula 66 00t Last year from Aug; my face was covered with comedons sometimes there would be acne too. Ive started using at Nov & after one year right now there' literally nothing on my face. Every comedons came out with time Even the whiteheads comes off too doesn dry out my skin much_ have excessive oily skin so use twice day; and sometimes once day too. If youre an oily skin person, just go for it ADITIA: NYKA+ vitamin 85 Minimalist Minimalist. Minimallst Minimalls",516
minimalist,1333496842268980_0,"Three products, At the cost of two ""Add anihc lowrest naic poduchcncc vitamnin B5 FrEE SokuiC Acid * LHA jea Minimalist Minimalist, Minimalet",141
minimalist,1336689024693176_0,60% of skin is water Hydrate timely for healthy skin! FREE Bottle on purchase of 2 products  Dihydrogen Monoxide 100%,117
minimalist,1337167544722896_0,"FREEBIE of your choice On purchase of 2 products"" ""Lower priced product will be Irec Hinim -e Srimaty",101
minimalist,1353654403544889_0,"1 Maleic Bond Maleic Bond Repair Complex Repair Complex 3.58 358 Vhitosoina Hair Shampoo Chaqui Klame = = HnrEhaMic0 u Siamin 05 S""em ? piattnts nav cumo Waekettalaa Wttea Minimalist Edeen s na",193
minimalist,1357518779895338_0,"Hydrates intensely, resulting in soft, plump skin Ioedlodek nbcuieynninn 4r4 oil""t Wynz I cnly tlaro { Itccka- Icun#c tc dilcrcnco,my lace loolk Flump 4noantno ADITIA Matt Minimalist",182
minimalist,1364232715643648_0,Multi Purpose Exfoliating Solution Declogs pores; enhances skin Bexluii o one Clears budup from scalp Trcats koratosts pilatis. smooths Skin Glycolic Acid Fode s urudoraim elborw neck Ramentobon Minimalist,205
minimalist,1365545252142669_0,1 Hair Density Hair Density Senm Serum Halleale 54 (tJun Fenned 3earid Eactoan hilnihalr lact ehlcket Laclm lnta CJe 0E4 Minimalist wml,135
minimalist,1367322378684476_0,"FREEBIE of your choice On purchase of 2 products"" ""Lower priced product will be Irec Hinim -e Srimaty",101
minimalist,1373312194709433_0,"Polyhydroxy Acid (PHA) FACE TONER Hydrate, reduce visible pores & even texture. Boosted to balance skin microbiome: Polyhydroxy Acid (PHA) 035 IACLorE Tndjji* Le8oli [ 718ta4i Minimalist",186
minimalist,1373569151356451_0,"Three products, At the cost of two ""Add anihc lowrest naic poduchcncc vitamnin B5 FrEE SokuiC Acid * LHA jea Minimalist Minimalist, Minimalet",141
minimalist,1373614864690172_0,Non-drying Cleanser: Deep cleanses & reduces active acne u Minimalst,68
minimalist,1373838331344337_0,"FREEBIE of your choice On purchase of 2 products"" ""Lower priced product will be Irec Hinim -e Srimaty",101
minimalist,1388027983185558_0,"Anti-Dandruff Shampoo 3.5% Anti-Dandruff Shampoo 3,52 TARGET: Dandruff Flakiness Itching taaulo Td  Eod Minimalist HAIR SCIENCE",127
minimalist,1388027983185558_1,"Comprehensive Scalp Treatment CLINICALLY PROVEN Reduces faking 8 itching from Ist wash SULFATE- FREE FORMULA Gentle non-drying solution for your scalp Anti-Dandruff Shampoo HR#Ucd 7005dn & 3 POTENT ACTIVES Fights dandruff, reduces flakes € eans build-up Minimalist HAIR SCIENCE",277
minimalist,1388027983185558_2,"Reduces dandruff; irritation & scalp impurities Upto 100% reduction in visible flakes & itching"" Anti-Dandruff Shampoo 3.5% PEAAiun GaARl - Ha ~hroantato IoJinede Before After Third Wash Minimalist HAIR SCIENCE 'Claims are based on Ihe study conducted by an independent lab; independent results iay vary:",304
minimalist,1388027983185558_3,"Anti-Dandruff Shampoo 3.5% Piroctone Olamine Provides long-term protection from dandruff Anu-Dandiutf Shompeo 3,596  0ru Salicylic Acid Regulates sebum prevents buildup Minimalist SCIENCE Climbazole Fights dandruff causing fungus",229
minimalist,1413167237316292_0,"1 Maleic Bond Maleic Bond Repair Complex Repair Complex 3.58 358 Vhitosoina Hair Shampoo Chaqui Klame = = HnrEhaMic0 u Siamin 05 S""em ? piattnts nav cumo Waekettalaa Wttea Minimalist Edeen s na",193
minimalist,1427081035896461_0,Glycolic Acid 08% Exfoliating Liquid Glycollc _ Acid 083 Uxfoliating Liole ederid Lrcother ( Multi purpose toner for face and body Minimalist,141
minimalist,1427081035896461_1,"Multi Purpose Exfoliating Solution Declogs pores, enhances skin texture & tone Clears buildup from scalp Treats keratosis pilaris; smooths skin Fades underarml elbowl neck pigmentation ) 1",188
minimalist,1427081035896461_2,"Gentle, non-irritant formula 66 **** Irecently started incorporating this toner in my skincare and its been a game changer for me, it has gentle yet effective exfoliation properties that does not cause any redness Or irritation on your skin: This toner helps in reducing tan as well It a must buy: Glycolic Acid 08% ExFOTyqMquiD Ain 87Grdk ""Bid Jato nanteeni KHUSHI LAMBA NYKAA Minimalist",388
minimalist,1427081035896461_3,Trusted by 13k+ customers: NYKAA ****17 M1k+ Positive Reviews Glycolic Acid 083 olmalie amazon ****17 Positive 2k+ Reviews Wclateh Frr1 Its Minimalist,150
minimalist,1430048448956625_0,High humidity in monsoons can trigger dandruff flare upS Keep your scalp clean flake-free_ Aolor CPH Comp Ollgopeptide Minimalist,129
minimalist,1431234639060196_0,For Frizz Free Healthy Hair: 1 SHAMPOO MASK SERUM,49
minimalist,1454381069830508_0,60% of skin is water Hydrate timely for healthy skin! FREE Bottle on purchase of 2 products  Dihydrogen Monoxide 100%,117
minimalist,1462549462399938_0,"Hydrate, reduce pores & even texture Polyhydroxy Acid ' (PHA) 038 Kee da Mi= FACE ! {TonIr eofet poritang ion/= 7aet Minimalist #Niacinamide #Salicylic Acid #Polyhydroxy Acid (PHA)",180
minimalist,1462549462399938_1,Boosted to balance skin microbiome. Multi-Biotics ensure skin microbiome is balanced and supports barrier recovery process_ Prebiotics #Probiotics Kulmalix,155
minimalist,1468840825270183_0,Clinically Tested Alpha Lipoic Glycolic 07% Brightening Cleanser 2X Benefit Exfoliates & Brightens CRENSED tnEmnnt ~no 0 netalaant ndlm Minimalist,146
minimalist,1517694276710356_0,"FREEBIE of your choice On purchase of 2 products"" ""Lower priced product will be Irec Hinim -e Srimaty",101
minimalist,1539208064339221_0,Updated Formula SILVERFREE Hau Grotah DARKENYL Minimalist Beyond Hair Growth Now helps fight Premature Greying,110
minimalist,1539660707084980_0,"Reduce dark circles in 8 weeks- CyE Cre couol Futeae crotoe Mh cole"" € peplide (redueet 03i cue Puimndtt reduvt 'Pocnau ophthalno orxi Infused with Vitamin K Reduces blood vessel breakage & prevents dark circles 'Baaisbotdoncnolsudyconducede Uodcoonscncuooa Vitomin "" Retinal Minimallis",286
minimalist,1551026110079477_0,Soothe Sensitive Skin Oat Extract Niacinamide 05%6 Vitanin B12 Minimalist,73
minimalist,1558655245151582_0,In-Vivvo Tested Sunscreen Boasted wlth multi-vitamins Dcubles as moisturzer No Whitecast Broad Spectrum PAtttt Protection ninaint,129
minimalist,1571114231310679_0,Acne Control Routine STEP STEP 2 STEP 3 Repalr Cemelox 5.590 STEP 4 Light Fluld SPF 50 Sullcyllc Acid LHA 0293 Salicyllc Acid Pnimak= Krmold CLFANSE TPEDT MoistuRISE PROTECT,173
minimalist,1578756280490721_0,Monsoon Haircare Essential ANTI-FRIZZ UV PROTECTION Controls Erizz FuI Ccntfol ComooX S6t3 Prevents Heat UV Damage Nourishes Softens Hair Minimalist,148
minimalist,1578993020436450_0,Hair Repair Routine Minimalist Minimalist WASH POST WASH Maleic Bond Repair Complex 05% TREAT Frlzz Control Complex SPF 30 Maleic Bond Repair Complex 590 Shampoo Mask Serum,172
minimalist,1578993020436450_1,Bond Repair Mechanism Torn edges Lifted damaged cuticles Smooth edges Cuticles are not lifted Maleic Acid Ttant qluliminate Amino- Acids UNTREATED HAIR STRAND DAMAGED DUE TO BLEACH TREATED HAIR STRAND WITH MALEIC BOND REPAIR COMPLEX SEM Results at S0Ox magnification,266
minimalist,1578993020436450_2,UV damages hair tool 0oo Causes molsture Ioss from cuticle Long UV exposure Breaks down proteln bonds In hair Dry; frizzy & brittle hair,136
minimalist,1578993020436450_3,Hair Repair Kit Formulated for damaged hair Repairs damage Nourishes hair Controls frizz Repair Ritual Minimo s MULTIFhodUCTKit 5 t Ioud.n [ Moletk ml ] Minimalis:,163
minimalist,1601372358661756_0,Aquaporin Booster 05% Cleanser NON- DRYING FORMULA Doesn't just cleanse; but also gives back moisture to the skin Hydrating water-based formula deal for dry & dehydrated skin Multiple humectants stimulate aquaporin channels improve water transport within skin GEL TEXTURE HYDRATION BOOST,287
minimalist,1630297249103116_0,"1 Maleic Bond Maleic Bond Repair Complex Repair Complex 3.58 358 Vhitosoina Hair Shampoo Chaqui Klame = = HnrEhaMic0 u Siamin 05 S""em ? piattnts nav cumo Waekettalaa Wttea Minimalist Edeen s na",193
minimalist,1631739695274016_0,1 Alpha Lipoic Glycolic Alpha Lipoic 075 Glycolic CLEA#SER aeatnn 07% ~cotulto Autcor prrtent Imootktn} Kin CLEANSER with #ilamln 0S e pciing Klltyielucosioe brlgntens smoothor Minimalist skin {YpC: ioml,203
minimalist,1645619909832286_0,"Three products, At the cost of two ""Add anihc lowrest naic poduchcncc vitamnin B5 FrEE SokuiC Acid * LHA jea Minimalist Minimalist, Minimalet",141
minimalist,1664548131316159_0,"Gentle cleansing for humid monsoons Oat Extroct 6,570 Cleanses effectively wnoui stripping Genie . caothina 0n pamiet Minimalist",128
minimalist,1666346887762261_0,"Anti-Dandruff Shampoo 3.5% Anti-Dandruff Shampoc 3.,52 TARGET: Dandruff Flakiness Itching tautoo Rmian Minimalist HAIR SCIENCE",126
minimalist,1673367467228372_0,OAT EXTRACT 06% The Oat Cleanser you loved: Updated Oat Extract 6.523 euaUE cat Extract CIRTLE CLfANSE Minimalist Minimalist Now strengthen with Vitamin B12. B12 OAT EXTRACT 6.5%,178
minimalist,1673367467228372_1,"What is it? A gentle; low-foaming cream cleanser that cleanses without stripping skin: Enhanced with Vitamin B12, Oat Extract; Vitamin B5 and Hyaluronic Acid to support skin comfort and hydration: B12 Oat Extract nacla 6urne 107an Designed to cleanse: Designed to calm; Minimalist lalI?r",287
minimalist,1673367467228372_2,"The formula was already built around calm, with Oat Extract to help soothe Vitamin B5 and Hyaluronic Acid to help maintain hydration gentle, low-foaming cleanser designed for skin prone t0 dryness;",197
minimalist,1673367467228372_3,"Surfactants remove dirt, oil and buildup, skin can be left feeling tight; dry or uncomfortable: This formula is designed to cleanse effectively while minimising the dryness",172
minimalist,1673367467228372_4,"What's inside, and why: Vitamin B12 (the new addition) Supports sensitive irritation-prone skin + Oat B12 Extract 6.5% Oat Extract Helps soothe sensitive skin: CLEANSER Vitamin BS GENTLE  Hyaluronic Acid vitamin b12 Help maintain hydration: with vitamin b5 uronic . acid cleanses, calms nently ches sensitivc 4.06 120 = Minimd",326
minimalist,1673367467228372_5,Why Vitamin B12? Sensitive skin is often most vulnerable during cleansing: Added to complement the cleanser's existing soothing ingredient system; Vitamin B12   provides an additional layer of comfort alongside Oat Extract: The same gentle oat cleanser: Now even more comforting_,279
minimalist,1673367467228372_6,Designed for: skin that needs extra gentleness_ Dry & dehydrated skin Sensitive skin Damaged skin barrier Skin that needs gentle cleansing Daily cleansing pH 5.5-6.5 Fragrance Free Essential Oil Free Dye Free,208
minimalist,1673367467228372_7,"Your Comfort-First Routine Vitamin B1z NMF 03""0 Face Toner Soothc , 6enlenish hydration; Niacinamide 5% Face Serum Kedu strenainen Ihe bairicr nfro3 Minimalist B12 Oat Extract 6.5% Gentle Cleanser Gentle, non-stripping cleanse B12 Repair Complex Face Moisturizer Lock moislure comtor Light Fluid SPF 50 PA++++ Protect agalnst dally UV damodc;",342
minimalist,1673367467228372_8,1 BLZ - Ool Eauon Exnct Minimolist Everything you loved. Now enhanced with Vitamin B12. B12 Oat Extract 6.5% Gentle Cleanser Cleanses_ Calms: Replenishes,153
minimalist,1673367467228372_9,HideNothing:,12
minimalist,1679552263114084_0,86% Pure Vitamin C Proven anti-oxidant Brightens dull skin & fades dark spots Vitamin € 10% FACE SERUM with acetyl gluccsamine polynydroxy acid centell brichtens Muminatesskin Eypes,181
minimalist,1689065935717430_0,"Glow Boosting Serum Advanced brightening formula. Treats dullness, dark spots and UV damage: Aanmnin Fellc Minimalist Warac Een_Ar Minimalist",141
minimalist,1694736281737007_0,60% of skin is water Hydrate timely for healthy skin! FREE Bottle on purchase of 2 products  Dihydrogen Monoxide 100%,117
minimalist,1698731678103428_0,Light Fluid SPF 50 Face Sunscreen Lhtutla Ideal for Olly /Combination & Acne-Prone Skin Kaaa e Key Benefits Oil-free formula Twice tested (in-vivo & in-vitro) Water resistant upto 80 mins Miimalst,196
minimalist,1700335027907222_0,Clinically Tested 5% Niacinamide Barrier Repair Serum Gentle formula suitable for drylnormal & sensitive skin Hiacinanlde Minimalist,132
minimalist,1702757260767060_0,Barrier Repair Kit Formulated for Sensitive Skin Gentle on skin Repairs barrier Calms Jatattet inflammations Minimalist,119
minimalist,1702757260767060_1,High Performing Actives Oat Extract Gentle on skin Dallo Niacinamide 5% Repairs damaged barrier Minimalist Vitamin B12 Calms inflammations UnEnae,145
minimalist,1702757260767060_2,For Soothing Sensitive Skin: 04844 Minimalist Kital,51
minimalist,1702757260767060_3,"Barrier Repair Routine GlLarea LAILl [Laale ""Compe: Nalmalk Unae CLEANSE Oat Extract 069 TREAT MOISTURIZE B12 Repair Complex 5.5%0 Niacinamide 05%0",147
minimalist,1702757260767060_4,Inside the Skin: 36 UV rays; oxidative stress; pollution Causes inflammation and redness Skin cells release proinflammatory cytokines VITAMIN B12 Blocks this activation & calms skin,181
minimalist,1713183573258042_0,High humidity in monsoons can trigger dandruff flare upS Keep your scalp clean flake-free_ Aolor CPH Comp Ollgopeptide Minimalist,129
minimalist,1723248342319982_0,"FREEBIE of your choice On purchase of 2 products"" ""Lower priced product will be Irec Hinim -e Srimaty",101
minimalist,1723885332163508_0,Vitamin C 10% Glow Boosting Serum 86% Pure Vitamin € Brightens dull skin = lades dark spots Minimalist,102
minimalist,1730877928245550_0,Excess sweat & rain can cause tangled hair & breakage: Nourish your roots tO prevent hairfall Belono Gmcah Ace Minimolist,121
minimalist,1740108760658478_0,NEW LAUNCH OAT CLEANSER Now enhanced with B12 Supports scnsilive irtitation-pione skin Boosts soothing benelit Dat extract Oot Extract LunQuele Jae Minimalist,158
minimalist,1959308808073203_0,"FREEBIE of your choice On purchase of 2 products"" ""Lower priced product will be Irec Hinim -e Srimaty",101
minimalist,1979874489349335_0,"For soft, healthy and plump skin Clinicolly proven (otmulatians provitie Uniense hydration kego dryness lakiness away andrestore skin health: Minimalist Mnot",157
minimalist,1984565255756997_0,"FREEBIE of your choice On purchase of 2 products"" ""Lower priced product will be Irec Hinim -e Srimaty",101
minimalist,2040345663535446_0,60% of skin is water Hydrate timely for healthy skin! FREE Bottle on purchase of 2 products  Dihydrogen Monoxide 100%,117
minimalist,2056569495018694_0,"OAT EXTRACT 690 Tne Oal Cleansor yau Qved Upduted u- Do 03 L4bea Pumaln: Kinimak Now enhanced with Vitamin Bi2, B12 OAT EXTRACT 6.58",132
minimalist,2077897439821938_0,High-Efficacy Brightening Formula Fades daik spots 6post; san alow Reduces signs 0f UV-damage photanaina tEen Crcc Minimalist Evens [CTe Ana sppons #kin hcala,158
minimalist,2081652076120042_0,60% of skin is water Hydrate timely for healthy skin! FREE Bottle on purchase of 2 products  Dihydrogen Monoxide 100%,117
minimalist,2084458599095849_0,"1 Maleic Bond Maleic Bond Repair Complex Repair Complex 3.58 358 Vhitosoina Hair Shampoo Chaqui Klame = = HnrEhaMic0 u Siamin 05 S""em ? piattnts nav cumo Waekettalaa Wttea Minimalist Edeen s na",193
minimalist,2109457459783680_0,Maleic Bond Repair Complex 3.5% Hair Shampoo Reduces damage strengthens hair making pfone breakage Pepo Ralaic Conolat Bang CLrino 131v Inctevise lensile scntih Iom Ist wash Minimalist,184
minimalist,2120215432174016_0,NEW LAUNCH OAT CLEANSER Now enhanced with B12 Supports scnsilive irtitation-pione skin Boosts soothing benelit Dat extract Oot Extract LunQuele Jae Minimalist,158
minimalist,2122798398647776_0,"1 Maleic Bond Malelc Bond Repair Complex Repair Complex 3.59 5,52 Maeaaneco Yumtocne Pou Cra Mam hameco Ie ea Mlannn Cea nfernnihalrde Aeduteldi Topolm $ Didtocilt holr dororg Suleal obeeM Minimalist",199
minimalist,2126774901213291_0,"FREEBIE of your choice On purchase of 2 products"" ""Lower priced product will be Irec Hinim -e Srimaty",101
minimalist,2177004349821271_0,"FREEBIE of your choice On purchase of 2 products"" ""Lower priced product will be Irec Hinim -e Srimaty",101
minimalist,2180376532526722_0,"Three products, At the cost of two ""Add anihc lowrest naic poduchcncc vitamnin B5 FrEE SokuiC Acid * LHA jea Minimalist Minimalist, Minimalet",141
minimalist,2252801215564153_0,Monsoon Haircare Essential BOND REPAIR ANTI-FRIZZ Controls Frizz Felicaamal Repair Complez Repairs damaged hair bonds Nourishes Softens Hair Minimalist,151
minimalist,2256945501508319_0,"Gentle, non-irritant formula 66 **** Irecently started incorporating this toner in my skincare and its been a game changer for me, it has gentle yet effective exfoliation properties that does not cause any redness Or irritation on your skin: This toner helps in reducing tan as well It a must buy: Glycolic Acid 08% ExFOTyqMquiD Ain 87Grdk ""Bid Jato nanteeni KHUSHI LAMBA NYKAA Minimalist",388
minimalist,2298049150732040_0,1 Ant-Dandrutt Shnmpoo 9 50 Anti-Dandtuff Shompoo Minimalist HAA OCINCC,71
minimalist,2315278469241947_0,"For glowing skin Clinically proven solutions that reduce dullness; spots and boost nalural glo "" Minimalist",107
minimalist,2325873714613928_0,Vitamin € 10% Face Serum Dull skin Uneven ione Dark spots UV damage ateed Hinimol:,82
minimalist,2409542152889169_0,+4C hydration in hours Vlamin Klnlallst,39
minimalist,2422634991565984_0,Glow Boosting Routine Gheck Homol Nintiet Molmalld CLEANSE Alpha Lipoic Glycolic 07%6 Brightening TREAT Vitamin 10%6 PROTECT Light Fluid SPF PAtt++ Glow Boasting,161
minimalist,2488959061608431_0,Barrier Repair Kit Formulated for Sensitive Skin Gentle on skin Repairs bamier Calms Inllammatlan Minimalist,108
minimalist,2528592894325996_0,UV damages hair tool Cousce putd rucd LonUu EeDgSn Haa tlm Dry; trizzy brltuc hait,82
minimalist,2572695826504803_0,"Beyond hair growth Helps Fight Premature Greying DARKENYL SILJEREREE Visibly rodluces grcy halr Supports halr growth hody ""oilng Minimolist",139
minimalist,27462695426715869_0,Monsoon Haircare Essential BOND REPAIR ANTI-FRIZZ Controls Frizz Felicaamal Repair Complez Repairs damaged hair bonds Nourishes Softens Hair Minimalist,151
minimalist,2785277068502574_0,"1 Maleic Bond Maleic Bond Repair Complex Repair Complex 3.58 358 Vhitosoina Hair Shampoo Chaqui Klame = = HnrEhaMic0 u Siamin 05 S""em ? piattnts nav cumo Waekettalaa Wttea Minimalist Edeen s na",193
minimalist,3045738152290316_0,"FREEBIE of your choice On purchase of 2 products"" ""Lower priced product will be Irec Hinim -e Srimaty",101
minimalist,3260977900755724_0,In-Vivo Tested No whitecast Bestselling Sunscreen for Summers cmant,67
minimalist,3497737777042840_0,"FREEBIE of your choice On purchase of 2 products"" ""Lower priced product will be Irec Hinim -e Srimaty",101
minimalist,3897957970511094_0,Vitamin B5 10% Moisturizer Vitamin B5 I0S VoISURIZER conder Lightweight & Oil-free For oily/ combination skin MchlatIht L Q Jaraic- Very light weight € oil-free moisturizer Ihave ever seen Best for daily use PRAPTIKA G. Minimalist,230
minimalist,4469729779968323_0,In-Vivo Tested No whitecast Bestselling Sunscreen for Summers cmant,67
minimalist,4562068587449084_0,"FREEBIE of your choice On purchase of 2 products"" ""Lower priced product will be Irec Hinim -e Srimaty",101
minimalist,4562836180628099_0,Monsoon Haircare Essential ANTI-FRIZZ UV PROTECTION Controls Erizz FuI Ccntfol ComooX S6t3 Prevents Heat UV Damage Nourishes Softens Hair Minimalist,148
minimalist,4611729382383720_0,"Reduces dandruff; irritation & scalp impurities Upto 100% reduction in visible flakes & itching"" Anti-Dandruff Shampoo 3.5% PLAan e-ne - Enttal Jleto-Ta-d Iooinete Before After Third Wash Minimalist HAIR SCIENCE ""Claims are based on the study conducted by an independent lab; independent results iay vary:",305
minimalist,4621909734800045_0,For acne-free clear skin Clinically proven formulations Inat #ight acrc_ ucconacs Dorc; Tecmce blackheads Gve vau clcal untextued skin Minimalist hnimole,153
minimalist,850928701184305_0,"FREEBIE of your choice On purchase of 2 products"" ""Lower priced product will be Irec Hinim -e Srimaty",101
minimalist,870778455827585_0,"Anti-Dandruff Shampoo 3.5% Piroctone Olamine Provides long-term protection from dandruff Anu-Dandeutf Shompeo 3,596 Salicylic Acid Regulates sebum prevents buildup Minimalist SCIENCE Climbazole Fights dandruff causing fungus",224
minimalist,881886774987581_0,"1 Moleic Bond Malelc Bond Repair Complex Repair Complex 3,523 Metanueoo umdoene Pou Cra Matmeanmdc0 Ino Kidt SaenleDe Mlnmin Cereta Jlortonttelrde elpto Topalm Didtocits nolrdororo Uoaeelotd See dn Minimalist",208
minimalist,896197086383625_0,New Launch Vitamin B12 + NMF 03% Face Toner Soothe: Hydrate. Balance_ Resiate balance your skin > barticr with our ncw calming hydrating TOnei 8.896 Malecpiocima aicr0Fa vin 7 DU +31.12 Woici corcn: olskin B12 Aoalne Teducarnloligt,231
minimalist,954283057665533_0,"FREEBIE of your choice On purchase of 2 products"" ""Lower priced product will be Irec Hinim -e Srimaty",101
minimalist,988080157427683_0,"Three products, At the cost of two ""Add anihc lowrest naic poduchcncc vitamnin B5 FrEE SokuiC Acid * LHA jea Minimalist Minimalist, Minimalet",141
minimalist,993093336978376_0,Alpha Lipoic + Glycolic 07% Cleanser GENTLE EXFOLIATION Removes dead skin cells dirt & oil buildup to reveai clearer skin Lightweight formulation; ideal for oily/ combination skin: GEL TEXTURE Prevents free radical damage; making skin healthy glowing BRIGHTENING SOLUTION,271
mokobara,1010412848664018_0,Faug SALE UP TO 50% slach Card Case 442909 71799,48
mokobara,1011524805210928_0,paug SALE UP TO 50% Memd Crozsbody 45099 43799,46
mokobara,1015123438071525_0,Faig SALE UP TO 50% Stoah Bifold Wolct 442099 72193,51
mokobara,1020710327446676_0,javg SALE UP TO 50% Tronsit Crusbody 16534 Sling 43799,54
mokobara,1024781167015479_0,paug SALE UP TO 50% Aisle Tunk Sot 0f 2 {21990 78799,52
mokobara,1025663989909739_0,,0
mokobara,1033935466087608_0,,0
mokobara,1034307869185376_0,paug SALE UP To 50% Dawn Tote {8893 75499,41
mokobara,1045940898155449_0,jazg SALE 50% Kect EE . Era Im,30
mokobara,1054990333690238_0,paug SALE UP TO 50% Hanking Toiletry Bag 45099 72908,52
mokobara,1056381626859032_0,paug SALE UP TO 50% Trjvnl pillov 43099 71399 Ikah,50
mokobara,1060575103146323_0,javg SALE UP TO 50% Access Trunk Lupgake 435990 315490,54
mokobara,1094613373085073_0,"jawg SALE UP TO 50% Eus Going Toto ""141999 45998",48
mokobara,1110358808609023_0,paug SALE UP TO 50% tonsit Cabin Pro 410999 76409,49
mokobara,1231148035899804_0,"paug SALE UP TO 50% Doenl Arielense ""16940 36499",48
mokobara,1362135609455363_0,Faug SALE UPTo 50% Stash Slim Bifold J2028 71999,48
mokobara,1373255614161738_0,jawg SALE UP To 50% Coleste Tote 412990 '7939,45
mokobara,1374506234631127_0,8 UP TO 50% OFF UP TO 50% OFF | UP TO 50% OFF UP TO 50% OFF UP TO 50% S 3 I 8 2 5 5 3 8 8 8 9 5 Bliss Tote ; 3 g 2 1 g 8 g goigpliaces 8 8 g 5 3 UP TO 50% OFF | UP TO 50% OFF UP TO 50% OFF | UP TO 50% OFF | UP TO 50% 8,218
mokobara,1377896857142667_0,pawg SALE UP TO 50% Aislo Aunk Sot 0f 3 414994 414794,53
mokobara,1400446691965424_0,paug SALE UP TO 50% tonsit Cabin Pro 410999 76409,49
mokobara,1401964931804878_0,Faug SALE UP TO 50% Jazz Toto 43990 78299,41
mokobara,1403354778389662_0,paig SALE UP TO 50% Transit Lupgage Sct 0/ 3 {38999 {16239,58
mokobara,1445198854114904_0,,0
mokobara,1524404188888709_0,paig SALE UP TO 50% Transit Lupgage Sct 0/ 3 {38999 {16239,58
mokobara,1529525485474704_0,paug SALE UP TO 50% Asi Cabin Pro 42990- 25999,46
mokobara,1566242375198610_0,8 UP TO 50% OFF UP TO 50% OFF | UP TO 50% OFF UP TO 50% OFF UP TO 50% S 6 3 g 8 9 2 5 5 3 8 g Easy 8 Going Tote 9 5 6 3 g 8 8 2 8 g 8 Ipces g gough 8 8 g 5 3 UP TO 50% OFF UP TO 50% OFF UP TO 50% OFF | UP TO 50% OFF UP TO 50% 8,227
mokobara,1571827054618697_0,paug SALE UP TO 50% Tnnsit Briefca5@ J0099 14799,48
mokobara,1575719607263549_0,paug SALE UP TO 50% Aisle Tunk Sot 0f 2 {21990 78799,52
mokobara,1580687450258171_0,paug SALE UPTo 50% Ovarnignter Bnckpack 444999 78499,52
mokobara,1594583851628685_0,,0
mokobara,1611482670402063_0,jag SALE UP TO 50% Blis: Tote 440999 36799,42
mokobara,1612498446877169_0,Faig SALE UP TO 50% Stoah Bifold Wolct 442099 72193,51
mokobara,1614604596759017_0,jag SALE UP TO 50% Blis: Tote 440999 36799,42
mokobara,1683449419391713_0,paug SALE UP TO 50% Aislc Laptop Sicove 41099 31i9?,51
mokobara,1696633824934333_0,paig SALE UP TO 50% Take-out Lunch 14088 828 12780,50
mokobara,1697161448218299_0,paug SALE UP TO 50% 14290 Pac Kit 72908,39
mokobara,2026631291296057_0,Paug SALE UP To 50% Stast Passport Wallet 73099 Tzadd,53
mokobara,2050176758936218_0,paug SALE UP TO 50% Wondar Kit 4998 12780,41
mokobara,2077606059851508_0,Introducing POCKETS by mokobara,31
mokobara,2086243342023646_0,paug SALE UP To 50% Bento Ariale0re 40993 15799,47
mokobara,2160310361531118_0,pawg SALE UP TO 50% AccCss Chack-in Luggega {2999 713490,56
mokobara,2181232919401778_0,"paug SALE UP TO 50% isl Laptop Sleove J2490 Lorg,e 71399",56
mokobara,2231783417585396_0,Faug SALE UP TO 50% Jazz Toto 43990 78299,41
mokobara,2278276912940587_0,jazg SALE UP TO 50% Skye Tote {8893 75289,41
mokobara,2300954137312933_0,paug SALE UP TO 50% Asi Cabin Pro 42990- 25999,46
mokobara,2307600743383978_0,paig SALE UP To 50% Torrn Work Backpocr = 25L 46999 79299,57
mokobara,2461862750975712_0,8 UP TO 50% OFF UP TO 50% OFF | UP TO 50% OFF | UP TO 50% OFF UPTO 50% S 1 3 g 8 8 2 8 3 8 g 8 Transit Briefcase 8 5 ; 3 g 8 2 1 g 3 goigl pezzsk { 8 9 5 3 UP TO 50% OFF UP TO 50% OFF UP TO 50% OFF UP TO 50% OFF | UP TO 50% g,225
mokobara,2534432140355565_0,'So7OFF 507A DFF 50* OFF goingplaces  Lunch Gat 1 Bac  1 1 Sox0FF SOX0FF SoxOfF soOFF Iua 5074,94
mokobara,3230638357325380_0,"jaug SALE UP To 50% cnnsir Backpack 2,0 JOL {9099- 15494",56
mokobara,4381496782092692_0,,0
mokobara,4513639518905119_0,Faug SALE UP TO 50% slach Card Case 442909 71799,48
mokobara,4639309332880324_0,8 UP TO 50% OFF UP TO 50% OFF | UP TO S0% OFF | UP TO 50% OFF UP TO 50% 8 1 g 8 8 2 3 3 8 g 8 Hanging Toiletry Bag 8 5 ; 3 8 8 2 1 g 3 Ipices g gotgh 8 8 9 8 UP TO 50% OFF UP TO 50% OFF UP TO 50% OFF UP TO 50% OFF | UPTO 50% g,226
netflix_india,1055610206949778_0,NetFLIX series ER N Sifcd Sacic VaTolo ONLY ON NETFLIX WATCH NOW,64
noise,1000503392355532_0,N 0 | S E F | T HALO 3 #AI Voice Notes,38
noise,1003162292587542_0,noise ALT BUDS Closer to the sound noise,40
noise,1015922338093836_0,noise Get flat 35% off onMasterbucsharyin HDFC Cards,52
noise,1016950380801167_0,"noise Power Series 85k 2 MAh Povrerbank India $ 120,000 mAh Powerbar * Bulli-In Coblc 451 Fast sharatng noise",109
noise,1022825683759807_0,N 0 | 5 E F |T HALO 3 Own the room JOA,38
noise,1024310963525685_0,"a CLIPS CLIP ON, STAND OUT",26
noise,1038380271858074_0,noise TALT CLIP Open t0 every momenti noisr,43
noise,1042511048100578_0,"noise Power Series Zooro MAh Paverbank India $ 1* 20,000 mAh Powerbank with ""U) Bullt-in Cable 45w Fast Charg ng",112
noise,1047198614316411_0,noise Noisefit PRO 6R A Step Ahead 1,36
noise,1048320471200936_0,"PRQ INDIA""S TOUGHEST SMARTWATCH Mtamium Alloy Bezel Dual Band ellite E]i 1 1 8",78
noise,1052424973928769_0,"a CLIPS Loved by 43,564 customers noise",39
noise,1056298356773309_0,AIRWA Max5 noise Powered by 50: Adaptive hybrid ANC 3D Spatial audio 8Crs Uninterrupted playtime HFA,100
noise,1058941376665870_0,noise HIRIIIE Hax 6 451 Alnbtt Hi Res AUDio 120 Uninie runend Didind #a LDAC,76
noise,1149865716707420_0,"noise NaiseFit HALO 2 Liited Editliod Get Buds NI worth ?3,499 free",67
noise,1171986135053939_0,"Pawer Series Zoooo India's 1* 20,000 mAh Powerbank with Bullt-In Cable 451"" Fost Charging",89
noise,1183996947047173_0,"AinwaVe XR FREE Buds Trance worth *2,999",40
noise,1185096857041746_0,0 | $ E F | HALO 3 Own the room,31
noise,1227424392650754_0,IRWA MAX5 FREE Buds Vs102 worth 72 999 7oise,44
noise,1243869327946370_0,noise Power Series Qi2 Nadsole Powenboma OVER SHORT HfiRE,57
noise,1254956863179965_0,noise JU D X2 140 hours playtime ANC (up to 32dB) Shop Now,58
noise,1275454957987177_0,noise EN_D EA-V 0 U R PPA 4200m Aude 4200 453 Cibltlcn TESTED FOR THE EXTREME Titanium Alloy Bezel Scratch Resistant Screen,123
noise,1299651925079088_0,noise Oo EXPLORER 2 TRUSTED BY PARENTS: LOVED BY KIDS: Call; Chat; Locate:-,75
noise,1306024605005365_0,"N 0 | $ E F |T HALO 3 Own the room 1.43"" AMOLED Noise AI Pro Tttangcnotiom",74
noise,1318601760201430_0,"Power Series ooo 85 India'5 1""*20,000 mAh Powerbank with UI Built-in Cable 45W Fast Charging",92
noise,1323144859196068_0,"NoceFit HALO 2 Limuted Editiod Get Buds NI worth ?3,499 free 8",62
noise,1327184236285050_0,noise ALT BUDS OPEN Sits Securely,33
noise,1344143887842270_0,noise Get flat 35% off onMasterbucsharyin HDFC Cards,52
noise,1345466061081294_0,Presenting lutch 'bxnoise,25
noise,1350960293808436_0,a CLIPS HOOKED To THE BEAT noise,32
noise,1356453103042038_0,"noise Power Series Zooro MAh Paverbank India $ 1* 20,000 mAh Powerbank with ""U) Bullt-in Cable 45w Fast Charg ng",112
noise,1364802149188424_0,Presenting elutch bv noise,26
noise,1367025264816620_0,DIVA ARAYA INDIA'S Ist Ceramic Smartwatch,41
noise,1380338183973860_0,noise ALI BUDS OPEN Sits Securely 0i3,37
noise,1385985826538804_0,,0
noise,1394520755708008_0,"noise NaiseFit HALO 2 Liited Editliod Get Buds NI worth ?3,499 free",67
noise,1415523153716242_0,"Power Series Zonoc India'$ 1t 20,000 mAh Powerbank with I Built-in Cable ASW Fast Charging",90
noise,1419648136529913_0,noise 4QSaFT 06 DIVA2 ELEGANCE REIMAGINED Shop now 0 HEART 104,62
noise,1423044982988377_0,noise ALT Buds Open Different By Design 1,41
noise,1424386316139918_0,noise ATRWAVE Max XR 120 GFA Playtime ANC BT v6.O 0,51
noise,1463128118861247_0,"noise NoiseFit HALO 2 Limited Edition Get Buds NI worth *3,499 free",67
noise,1465188721942574_0,Power Series Fast & Efficient Charging noisi Canmin n Meen,58
noise,1482188446291132_0,"Power Series Zoooo India'$ 1t 20,000 mAh Powerbank with 1 Built-in Cable 4SW Fast Charging",90
noise,1486390329244572_0,MaX 5 Powerodov GFA 50i 3D Adiptiyt Spatial nyord ANc Judic 80 Uunncutptcd Cloytimct,84
noise,1488456942410068_0,,0
noise,1507088520598274_0,au CLIPS MAKE A SOUND STATEMENT noise CMAemAaaaa Specinl oker Iuseo Ta,70
noise,1514650713352122_0,X2 ANC (up [o 3 2dB ) 146,25
noise,1524336772567184_0,ALI CLIP Feels like air,23
noise,1525200942643461_0,noise En 0 E A V 0 U R PRO TRAIN ANYWHERE . G0 EVERYWHERE. Tanm n Jaaa Ban Satollite GPS,88
noise,1532471145025652_0,"CLIPS PRO noico NDIA"" $ 0 w 5 WiTh 360' SPATIAL AUDIO",53
noise,1532930011864146_0,noise AIRIHIE MAx 6 Get Flat 20% off Via HDFC Card,50
noise,1533728151443782_0,NoiseFit HALO 2 Now in MIDNIGHT & JADE ALLOY Limficd Eaucn 0,60
noise,1541683993985618_0,ALT BUDS OPEN Hi-Res 35 hours planime LHDC,42
noise,1552609659860961_0,"noise NoiseFit HALO 2 Limited Edition Get Buds NI worth <3,499 free Frea",72
noise,1555883252937968_0,"Noisefit PRO 6R One watch, Every Occasion. 30.08",48
noise,1579695627499238_0,noise En D EA V 0 U R PRO (v PRECISION IN EVERY MOVE 5-Satellite Systems GPS 5,78
noise,1617829416261654_0,DIA2 Perfect Gifl For her 30.09 {0,34
noise,1621306985889634_0,"noise New Year Salez 307 DEC - 5m JAN Lo C k IN E V E RY DAY XR Get free Buds Neo worth {2,999",94
noise,1643628873800219_0,noise Buds Open Feels Ilke belongs,34
noise,1653316658982708_0,noise 0|5 E F DIVA2 ELEGANCE REIMAGINE W;e Shop now,51
noise,1659477295184629_0,noise Power Series Qi2 Oouah Magsafe Powerbank 1o charging Fast,63
noise,1660209211708566_0,AET BUDS (S) SOUND On YouR Side noicr,37
noise,1660447718487335_0,noise En 0 E A V 0 U R PRO TRAIN ANYWHERE . G0 EVERYWHERE. Tanm n Jaaa Ban Satollite GPS,88
noise,1662186158799101_0,noise ALT Watch 1 The Power of Al On Your Wrist intrjm What bI,62
noise,1667301801097875_0,"noise NoiseFit HALO 2 Get Buds NI worth <3,499 free Free",56
noise,1671989921602758_0,NoiseFIT PRO 6R One watch; Every Occasion:,42
noise,1673094067105716_0,noise AIRIHIE MAx 6 Get Flat 20% off Via HDFC Card,50
noise,1693407375002262_0,0 | $ E F | HALO 3 Own the room,31
noise,1701561930812648_0,noise Power Series Qi2 Nadsole Powenboma OVER SHORT HfiRE,57
noise,1721983959034410_0,noise ALT BUDS OPEN Feels like it belongs,41
noise,1723149168963697_0,"Noisefit PRO 6R One watch, Every Occasion. 30.08",48
noise,1747068006712928_0,"ALT BUDS (S) SoUnO, Your Side noise",35
noise,1749403509640536_0,AET BUDS (S) SOUND On YouR Side noicr,37
noise,1752241832618039_0,noise TALT CLIP Open t0 every momenti noisr,43
noise,1771319924246033_0,"noise aCLIPS PRO WEAR IT, FORGET IT:",36
noise,1775658143567404_0,"MAX 5 Cloud comfort , like",26
noise,1780470385931676_0,"noise 0isai DIVA2 AMOLED DISPLAY Starting at ?4,499 10.09.30 STEpS04439 FEART%4",79
noise,1816714412217015_0,"XR Get Buds Neo worth {2,999 free",33
noise,1826381314655064_0,DIVA2 516 e Looks ON YoUR WRiST,31
noise,1879607545967308_0,,0
noise,1911455696477459_0,"IRW MAX5 FREE Buds Vs102 worth {2,999",37
noise,1944701629565235_0,"Nozefit HALO 2 Limuted Editiod Get Buds NI worth ?3,499 free ;",62
noise,1969833183732884_0,noise BUDS Closer to the sound noise Uioize,43
noise,1981204295882933_0,"a CLIPS Loved by 43,564 customers noise",39
noise,2033450180936161_0,noisepIt PRO 6R One watch; Every Occasion: 80 O€ 1o.08,54
noise,2043232296321967_0,AIRWA Max5 noise Powered by 50: Adaptive hybrid ANC 3D Spatial audio 8Crs Uninterrupted playtime HFA,100
noise,2053287925501379_0,DIVA2 Perfect Gifl For her 30.09.30 Urrtn,41
noise,2065479951008947_0,noise ALT BUDS Closer to the sound noise V0i7f,46
noise,2069931746918516_0,"noise Power Series Zooro MAh Paverbank India $ 1' 20,000 mAh Powerbank with ""U) Bullt-in Cable 45w Fast Charg ng",112
noise,2075094349991705_0,"noise Power Series Qi2 adsole Powenboma OVER SHORT REFIRE,",58
noise,2100767507528692_0,Wl' CLIPS PRO INDIA 0w $ WiTA 360* SPATIAL AUDIO now,52
noise,2132281084171791_0,E F|T HALO 3 Own the room,25
noise,2133302754203378_0,noise ALT Watch 1 Designed beyond the obvious,45
noise,2135879860517477_0,skia? | CHAMP 09.41,19
noise,2155688142016250_0,noise En 0 EA V 0 U R PRO Mose TESTED FOR THE EXTREME Titanium Alloy Bezel | Scratch Resistant Screen,101
noise,2156415888558743_0,ALT BUDS (S) SDUND On YOup SIDF nots,36
noise,2167336494020708_0,"Power Series 'oroo India's 1t20,000 mAh Powerbank with U) Bullt-In Cable 451 Fost Charging",90
noise,2181191962645095_0,"noise ALT CLIP Open t0 every moment 05,",39
noise,2204655390287239_0,noise ALT CLIP Open to every moment noise,41
noise,2205208043370285_0,noise ALT CLIP Open to every moment noise,41
noise,2233645147500290_0,"ALT BUDS (S) SOUND, ON YOUR SIDE noise asiou  noise",51
noise,2237395630081806_0,noise DIVA 2 ELEGANCE REIMAGINED Shop now,41
noise,2253755938782758_0,Nosecit PRO 6R Made To Be Noticed,33
noise,2299972740519534_0,DIA2 Perfect Gifl For her 30.09 {0,34
noise,2477852332658683_0,N 0 | $ E F | T HALO 3 Own the room,35
noise,2511374829377389_0,MAX5 Adaptive ANC (Upto 5OdB) Shop Now,38
noise,2689283438141566_0,Presenting lutch Moise,22
noise,27061359226866327_0,noisepIt PRO 6R One watch; Every Occasion: 80 O€ 1o.08,54
noise,28084127301257826_0,noise ALT BUDS Closer to the sound noise V0i7f,46
noise,3068761196653208_0,"NoiseFit HALO 2 Limited Edition Get Buds NI worth <3,499 free 7o",64
noise,3382865925199795_0,noise 0|S&F DIVA2 ELEG ANC E R ETMAGINE D Shop now,50
noise,36917379174575486_0,noise HIRIIIE Hax 6 451 Alnbtt Hi Res AUDio 120 Uninie runend Didind #a LDAC,76
noise,4194815487450954_0,noise iawave Ha XR 120 Playtime KFA,35
noise,4275838516079387_0,"Power Series Zonoc India'$ 1t 20,000 mAh Powerbank with I Built-in Cable ASW Fast Charging",90
noise,4350905308558287_0,noise En 0 EA V 0 U R PRO Mose TESTED FOR THE EXTREME Titanium Alloy Bezel | Scratch Resistant Screen,101
noise,4418063485083953_0,19 E F DIVA ARAYA INDIA'S Ist Ceramic Smartwatch,48
noise,4614213505391838_0,PRO TESTED FOR THE EXTREME 50m Water Resistance 1000 Nits Brightness,68
noise,649239534941085_0,"noise 0isai DIVA2 AMOLED DISPLAY Starting at ?4,499 10.09.30 STEpS04439 FEART%4",79
noise,654983864234621_0,noise DIVA 2 ELEGANCE REIMAGINED Shop now,41
noise,684544684488418_0,,0
noise,740256389144498_0,"MAX5 FREE Buds Vs102 worth ?2,999",33
noise,764761719911733_0,noise 0|S&F DIVA2 ELEG ANC E R ETMAGINE D Shop now,50
noise,771134832392764_0,noise Power Series Qi2 Oouah Magsafe Powerbank 1o charging Fast,63
noise,798663409849260_0,"noise NoiseFit HALO 2 Limited Edition Get Buds NI worth <3,499 free Frea",72
noise,805682859143041_0,noise EN_D EA-V 0 U R PPA 4200m Aude 4200 453 Cibltlcn TESTED FOR THE EXTREME Titanium Alloy Bezel Scratch Resistant Screen,123
noise,811171938539122_0,IRWA MAX5 FREE Buds Vs102 worth 72 999 7oise,44
noise,828775346784901_0,noise 4QSaFT 06 DIVA2 ELEGANCE REIMAGINED Shop now 0 HEART 104,62
noise,829411546460659_0,,0
noise,845610364926399_0,,0
noise,858756976892208_0,,0
noise,872963321882767_0,"noise AWAVE MRT XR Get Buds Neo worth <2,999 free",49
noise,873185781741892_0,"noise ^iawave Max XR Get Buds Neo worth <2,999 free",51
noise,876070938891027_0,noise ALI BUDS OPEN Sits Securely 0i3,37
noise,877929487906840_0,DIVA2 Perfect Gifl For her 30.09.30 Urrtn,41
noise,898465046133634_0,Power Series Fast & Efficient Charging noisi Canmin n Meen,58
noise,914445691230392_0,"noise Power Series Qi2 adsole Powenboma OVER SHORT REFIRE,",58
noise,928076723137273_0,skia? | CHAMP 09.41,19
noise,942480435354211_0,DIVA ARHYA INDIA'S Ist Ceramic Smartwatch,41
noise,951601720651398_0,"noise NoiseFit Limited Edition Get Buds NI worth <3,499 free",60
noise,953428564417778_0,noise ALT Buds Open Different By Design 1,41
noise,954176104098378_0,"noise Power Series Zooro MAh Paverbank India $ 1' 20,000 mAh Powerbank with ""U) Bullt-in Cable 45w Fast Charg ng",112
noise,964948319618885_0,"Power Series 20 India'$ 1t 20,000 mAh Powerbank with U1I Built-in Cable 4SW Fast Charging",89
noise,975402241683996_0,"AiawVE XR FREE Buds VsI02 worth *4,999",38
noise,976982874829879_0,PRO BACK IN STOCKL Limited units only Jeota 10;08 625,53
noise,979736941414496_0,PRO TESTED FOR THE EXTREME 50m Water Resistance 1000 Nits Brightness,68
noise,985117110978132_0,"noise aCLIPS PRO WEAR IT, FORGET IT:",36
noise,989293954028567_0,"MAX5 FREE Buds Vs102 worth ?2,999",33
noise,993418460294336_0,"AiawVE XR FREE Buds VsI02 worth *4,999",38
noise,994741429629536_0,"noise ALT CLIP Open t0 every moment 05,",39
noise,995501313014976_0,"noise Power Series Zooro MAh Paverbank India $ 1* 20,000 mAh Powerbank with ""U) Bullt-in Cable 45w Fast Charg ng",112
nykaa,1004701445036037_0,THE French Phagtrgy BIODERMA OKATO URIACE Atoderm 4 € A U4L Creme EAUI ca-nnumtant THERMALE TTTTTTTTN Ulinu-nouriching {de1n Set+ CAUDALIE Too%ot Konuoul| 1 0 J SHOP NOW NYKAA,175
nykaa,1009433881912536_0,NYKAA UNDER E0O Gir Math Basically Free SHOP NOW Waturielon Coolle ? uerann UcAenlne Eoll Trejtti Puammeatatpr Seon cord tioner for Pry Jna 7u1 Lrrau Esne? Wtl cutie  MOXIES NYKAA:,180
nykaa,1009956401629372_0,"PALMERSE HEALS COCOA BUTTER SOFTENS FORMULA RELIEVES ROUGH, DRY SKIN 'SAME ( GREAT with Vitamin E NEW LooK TOrmu  48Hour MOISTURE MMOOTHES MARKS & TONES SKIN NET WT: 10Og/8.5oze]",178
nykaa,1009999774914160_0,NYKAA skin NEW VIRAL COLLAGEN SHEET MASK NOW IN 3 VARIANTS Brightens M4t Hydrates A GLow 4b #4t ELZA M44 MEGAN 234 PDRN 4s piumpr REAL COLLAGEN O5 H0 clow Cniak,160
nykaa,1015783174589258_0,"PALMERS COcOn BUTTER FORMULA"" oll MNNolc PALMER'S COCOA BUTTER FORMULA"" with Vitauin SKIN THERAPY OIL PAUMERS? Totn BUTIER Hopuie Heloximnrovo the oppearance of: Scars SKIN THERAPY OIL Stretch Marks Dry, Damaged Skin Uneven Skin Tone Aging Skin UT PURE ARGAN OIL FeDuctOn 93% APREARANCE SCAR DERMATOLOGIST APPROVEC 60 ml/2 ill.oz "" Ketene teceeenitteen eureekarke Troged Skn Wnteensrnonn Aalng Saln AImRanA3nor EECINLUmecea COIdaTApt",433
nykaa,1018738371034713_0,"NYKAA FREEDOM SALE UPTO 50% OFF SHOP NOW Dot & KEY Lole beaulu Joa AND planet WARE VAVILLA In"" 600 ml",101
nykaa,1028464263508812_0,"PALMERS COcOn BUTTER FORMULA"" oll MNNolc PALMER'S COCOA BUTTER FORMULA"" with Vitauin SKIN THERAPY OIL PAUMERS? Totn BUTIER Hopuie Heloximnrovo the oppearance of: Scars SKIN THERAPY OIL Stretch Marks Dry, Damaged Skin Uneven Skin Tone Aging Skin UT PURE ARGAN OIL FeDuctOn 93% APREARANCE SCAR DERMATOLOGIST APPROVEC 60 ml/2 ill.oz "" Ketene teceeenitteen eureekarke Troged Skn Wnteensrnonn Aalng Saln AImRanA3nor EECINLUmecea COIdaTApt",433
nykaa,1034168599382168_0,DFK FYE SERUM,13
nykaa,1034742655597330_0,"Extreme Matte, Highly Pigmented",31
nykaa,1037939972307185_0,,0
nykaa,1041408815526620_0,"Rusbic Act Aloe Vera Gel with Lemon Extract ""oramc Luadenanit  Vera C Gel Aloe ' Lemon Extract Ius",98
nykaa,1048116301410311_0,,0
nykaa,1055027593885704_0,"Rusbic Act Aloe Vera Gel with Lemon Extract ""oramc Luadenanit  Vera C Gel Aloe ' Lemon Extract Ius",98
nykaa,1056289796762229_0,MAJESTIQUE p euctdd ' Dmjub 8,29
nykaa,1057961520119372_0,"PALMERS' COCOA BUTTER FORMULA"" #ith Vitamin [ FIRMING BUTTER Q10 sheo Butlc Coliegen Elatlig Hibminis BODI LOIION FREE OR Porol Pathalaict Delmaiologis Approvl' Jisto iue",170
nykaa,1058220330039669_0,"PALMERS' COCOA BUTTER FORMULA"" #ith Vitamin [ FIRMING BUTTER Q10 sheo Butlc Coliegen Elatlig Hibminis BODI LOIION FREE OR Porol Pathalaict Delmaiologis Approvl' Jisto iue",170
nykaa,1058797293168909_0,Tan Doesn't Have To Stick Aroundl NYKAA BODY WASHES TO REMOVE TAN EASILY STARTING FROM ?319 ] caffeine 41 H8se Lao,114
nykaa,1062331806526319_0,MAKEUP REVIVER FIX DRY EYELINERS & MASCARA DUAL FOLD Liquid,59
nykaa,1066055541986252_0,"ONE SWIPE, FULL COVERAGE 9",26
nykaa,1070133832187031_0,Rusbic ernute Aloe Vera Papaya Gel Auenhtend tnnn uerttnanueee Hon Henn Tutnucntetn Rd Vera Aloe Gel Papaya ( Juz0s2),117
nykaa,1071934968692608_0,"Rusbic Act Aloe Vera Gel with Lemon Extract ""oramc Luadenanit  Vera C Gel Aloe ' Lemon Extract Ius",98
nykaa,1073413348499353_0,Geradhcisgefense Cetaphil's & Recovery Serums Cetaphil Advanced Defcnse Scnm For Protection By Day Tooo,103
nykaa,1073413348499353_1,",oooooooooooooooor 'Ooooooooooooooo (",37
nykaa,1073413348499353_2,JOo Recovery By Night Cetaphil Advanced Rccovery Serum Wpm Boost Radiance Around The Clock With Cetaphil,104
nykaa,1073773108487279_0,"PALMERSE HEALS COCOA BUTTER SOFTENS FORMULA RELIEVES ROUGH, DRY SKIN 'SAME ( GREAT with Vitamin E NEW LooK TOrmu  48Hour MOISTURE MMOOTHES MARKS & TONES SKIN NET WT: 10Og/8.5oze]",178
nykaa,1073965642252006_0,Yves Rocher Shine Rinsing Vinegar The Perfect Post-Wash Ritual MIXNGEA Nce Lainet teratt vinegar ROCHER Yves Fa Crom YHEHGREANcE CRIvLUX ATeRADI hine VlheOAR C1A WVES [ Rocher,175
nykaa,1073965642252006_1,Lightweight Rinse For Intense Shine & Softer Hair,49
nykaa,1073965642252006_2,For Smoother Lengths Glossier Finish No Heaviness. No Residue_,62
nykaa,1073965642252006_3,Now Available Exclusively On NYKAA VhaigrE BRIILANCE TVES RoChCE,64
nykaa,1080318831347582_0,Ig 0 1 8 NATURES SEnn MiMonB $ Honey  BODy lonON 4clGreasy 5 400 ml,67
nykaa,1081699224249837_0,matrix Ditch Damage From the g8 Tst User Liquid _ Kerclnenenalenannm for damagedhalr dquid rotains Z0omi chomco tcotcdnoirttcn conojonnaenomdoo,143
nykaa,1083570347954283_0,1 CLEAN SLATE Refreshing Face Wash Dctp Scolhnesakin Doic ccons n9 Miaenamido Mitamaln F chomotello Extrogt Soothes skin & clears pores with Niacinamide & Chamomile ALL SiIv T YPES,180
nykaa,1095484033085186_0,FACES ~ANADA LTIME PRO 'SPLASH UXe Na Enamet,44
nykaa,1106986638448943_0,"Introducing YVES ROCHER FRANCE BomIn La Gacilly Rramca In1,959 YVES ROCHER FRANCE",81
nykaa,1106986638448943_1,Rooted In Dermo-Botanical Expertise Where Plant Science Meets Performance,73
nykaa,1106986638448943_2,"From Seed To Skin Grown; Harvested, Formulated By Yves Rocher Planfl 4X/O.IQ D0i",80
nykaa,1106986638448943_3,"France's No: 1 Beauty Brand Powered By Plants, Trusted By Millions RochCR",73
nykaa,1106986638448943_4,Shop Exclusively On NYKAA,25
nykaa,1114879557523250_0,"PALMERS COcOn BUTTER FORMULA"" oll MNNolc PALMER'S COCOA BUTTER FORMULA"" with Vitauin SKIN THERAPY OIL PAUMERS? Totn BUTIER Hopuie Heloximnrovo the oppearance of: Scars SKIN THERAPY OIL Stretch Marks Dry, Damaged Skin Uneven Skin Tone Aging Skin UT PURE ARGAN OIL FeDuctOn 93% APREARANCE SCAR DERMATOLOGIST APPROVEC 60 ml/2 ill.oz "" Ketene teceeenitteen eureekarke Troged Skn Wnteensrnonn Aalng Saln AImRanA3nor EECINLUmecea COIdaTApt",433
nykaa,1165338658983553_0,NYRAANHW Last-Minute Gifts? WevvegotYoG 60  DELIVERY STARTING IN SHOP NOW,73
nykaa,1214274300510221_0,"PALMERS' COCOA BUTTER FORMULA"" #ith Vitamin [ FIRMING BUTTER Q10 sheo Butlc Coliegen Elatlig Hibminis BODI LOIION FREE OR Porol Pathalaict Delmaiologis Approvl' Jisto iue",170
nykaa,1242335394647690_0,"BEST  SELB] Rctinol Skin-Rcncuir , Daly Micro-Dose ScruE Mfete d M 4Umi",71
nykaa,1278060800942075_0,"PALMERS' COCOA BUTTER FORMULA"" #ith Vitamin [ FIRMING BUTTER Q10 sheo Butlc Coliegen Elatlig Hibminis BODI LOIION FREE OR Porol Pathalaict Delmaiologis Approvl' Jisto iue",170
nykaa,1283681943736359_0,CARLTON 0 ESCAPE 4 c0,21
nykaa,1289265087596155_0,rusticart.in Rusbic Aer Natural & Organic Jasmine Organic Oil Soap Lasting Fragrance Enriched with Floxseed Mlong Ylong Oil,123
nykaa,1301898658687628_0,"PALMERS' COCOA BUTTER FORMULA"" #ith Vitamin [ FIRMING BUTTER Q10 sheo Butlc Coliegen Elatlig Hibminis BODI LOIION FREE OR Porol Pathalaict Delmaiologis Approvl' Jisto iue",170
nykaa,1309356661100581_0,NYKAA 5 IN HAIR BLOW BRUSH The Pro-level Styling! SHOP NOW 40 07 BRUs Enhincor Arntnhten Fulo-ttha Gule Brwah winston,117
nykaa,1312073340808586_0,NYRAANHW The 'IN CASE OF EMERCENCY seruma 607 )uilsery SHOP NOW,63
nykaa,1314821736582998_0,"PALMERSE HEALS COCOA BUTTER SOFTENS FORMULA RELIEVES ROUGH, DRY SKIN 'SAME ( GREAT with Vitamin E NEW LooK TOrmu  48Hour MOISTURE MMOOTHES MARKS & TONES SKIN NET WT: 10Og/8.5oze]",178
nykaa,1321949439953405_0,Milk M AKEUP MEET THEOG JELTTINT Cools refreshes skin Bouncy; jelly texture Long-lasting staying power SHOP NOW ON NYKAA,120
nykaa,1322685436342785_0,"PALMERS' COCOA BUTTER FORMULA"" #ith Vitamin [ FIRMING BUTTER Q10 sheo Butlc Coliegen Elatlig Hibminis BODI LOIION FREE OR Porol Pathalaict Delmaiologis Approvl' Jisto iue",170
nykaa,1325228699231176_0,"PALMERSE HEALS COCOA BUTTER SOFTENS FORMULA RELIEVES ROUGH, DRY SKIN 'SAME ( GREAT with Vitamin E NEW LooK TOrmu  48Hour MOISTURE MMOOTHES MARKS & TONES SKIN NET WT: 10Og/8.5oze]",178
nykaa,1327328895832222_0,"Rusbic Act Aloe Vera Gel with Lemon Extract ""oramc Luadenanit  Vera C Gel Aloe ' Lemon Extract Ius",98
nykaa,1341673121282022_0,"PALMERSE HEALS COCOA BUTTER SOFTENS FORMULA RELIEVES ROUGH, DRY SKIN 'SAME ( GREAT with Vitamin E NEW LooK TOrmu  48Hour MOISTURE MMOOTHES MARKS & TONES SKIN NET WT: 10Og/8.5oze]",178
nykaa,1342231577567921_0,NYRAA TRENDING MAKEUPpr SHOP NOW LLAkMe FIXER,45
nykaa,1342260147624119_0,"SPF 60 PAA Ultra Matte SpF g0 Part"" Sunscreen Gel Ultra Matte For BROAd SPECTRUMPROTECTION Sunscreen Gel ultra Light FRORCAD SPECTRUMPAOIECTION 0il Eee day ultra Light oll free Mnnoa Sann Heleeemm Drtadeacrum Juvatuyb derma derma",229
nykaa,1349039546746480_0,"Kiehgs NYKAA GOODBYE DARK SPOTS Improves Skin Clarity -39% DARK SPOT REDUCTION EHL Jun Clearly Corrective"" Dark Spot Solution ~Drnlon (icu"" LH= Hlle Spl Ind Mntco Rtute Cenrction J0J( L FORAL Rt Crmok4 Arher Aan Uneau O. IU ml SKIM TYPES 8 +23% PLUMP SKIN SHOP NOW ONNYKHH cllnica | studv alier 17cceks 6 orn duchi S@ ~Based 04 expert grading clinical and Dlcdecu_",364
nykaa,1352510146499974_0,'SELLING  'FAST TRY THE VIRAL DALBA FIRST SPRAY SERUM ON A CRAZY DISCOUNT FROM NYKAA! Longlasting Hydration Flawless Base Improved Skin Texture dAII Alba Irsekun NYKAA Kauutatto,177
nykaa,1352973490281025_0,"PALMERS"" COCOA BUTTER FORMULA? with Vitamin E BUST CREAM Collagen Elastin Shea Butter Helps Reduce Appearance Stretch Marks FIRMS & TONES SKIN AROUND BUST AREA FREE OF Parabens Phthalates DERMATOLOGISTATESTED NET WT 1259/4kze",225
nykaa,1357342426594347_0,"%v BEAUT ! DAILY BODY CLEANSE @arftlthm"" Buttev Cxeotv Soop"" Sweel Ped Kee Nmond Oli Ne I603 Ogano powered by Shea Butter & Olive Oil 'GLEAN 8",142
nykaa,1359889402334460_0,NYKAA FREEDOMSALE E5o%we SHOP NOW,33
nykaa,1362009232556799_0,"NYKAA skin Your favourite collagen sheet mask, H with VITAMIN € 15% OFF NKA+ LWKoREA"" TRENDINC TA GLOW COLLAGEN BRIGHTENING Canr MASK nydrates Grightes J0O",155
nykaa,1369252981289572_0,LONG LASTING F € S CA IAJJA luxe FAST DRYING Shade: L2g Daisy ULTIME PRO SPLASH LUXE NAIL ENAMEL,96
nykaa,1373417838339784_0,MAKEUP REVIVER FIX DRY EYELINERS & MASCARA DUAL FOLD Liquid,59
nykaa,1387533473476765_0,FAST SC ING Leave A Lasting Impression FAST SELLI With The Most Searched Ajmal Scents From NYKAA STARTING FROM <600 OUD OFDUbAi Jan NeaamauE Silver SHAD Alma,157
nykaa,1397320405886955_0,"PALMERS' COCOA BUTTER FORMULA"" #ith Vitamin [ FIRMING BUTTER Q10 sheo Butlc Coliegen Elatlig Hibminis BODI LOIION FREE OR Porol Pathalaict Delmaiologis Approvl' Jisto iue",170
nykaa,1397546152293411_0,"Rusbic Act Aloe Vera Gel with Lemon Extract ""oramc Luadenanit  Vera C Gel Aloe ' Lemon Extract Ius",98
nykaa,1415694477148604_0,"8 & 8 "" 1 1 1 [ 1 ""3",20
nykaa,1417890593520477_0,"Rusbic Act Aloe Vera Gel with Lemon Extract ""oramc Luadenanit  Vera C Gel Aloe ' Lemon Extract Ius",98
nykaa,1427848776062647_0,mamaearth: Tea Tree Face Scrub Jeith Tie Tne cariIu Fol SKIN PURIFICATION TLdL4L Detalocct DIFED MCILAA NET CORIGNT (-hen pothad),129
nykaa,1430752832212471_0,NYKA+ NO MORE MAKEUP MELTDOWNS! Keep Makeup Intact For Hours With Waterproof Makeup Starting From <299 LOREAL L 15080 aqua Cri?,127
nykaa,1441711634433723_0,rusticart.in Rusbic Aer Natural & Organic Jasmine Organic Oil Soap Lasting Fragrance Enriched with Floxseed Mlong Ylong Oil,123
nykaa,1444976307470833_0,"PALMERSE HEALS COCOA BUTTER SOFTENS FORMULA RELIEVES ROUGH, DRY SKIN 'SAME ( GREAT with Vitamin E NEW LooK TOrmu  48Hour MOISTURE MMOOTHES MARKS & TONES SKIN NET WT: 10Og/8.5oze]",178
nykaa,1455255966623781_0,UNDER ?255 NYKAA Insight Cosmetics Understood The Assignment! The Most Affordable Concealer That Does A 10/10 Job SIHI PROJcoNCEA Fr 1 connect INSIGHI PRO CONCEAL PALETIE c0rt008 [000 0 INSIGHI Ce Tat,200
nykaa,1467554292063973_0,"Restore P5.5 Hair Shine Sebamed For dry, damaged hair WaR CARE REPAIR SHAMPOO damaped hall Cordu Aanlut Tplyt Fro e ^ molsaurues hJir Jnd49 Cale ""oimg ? smcothes EEha"" SCIERCEFC ? { HEAITHY Sk %",194
nykaa,1475492640890598_0,Pocket Friendly elffordable finds under 3600,44
nykaa,1475492640890598_1,e.l.f: Lip Lacquer 8400,23
nykaa,1475492640890598_2,e.l.f: Clear Lash & Brow Mascara 8400 3,39
nykaa,1475492640890598_3,1 1 1 1 1 1 v & 1 1 1 e.l.f: Cream Glide Lip Liner {400,55
nykaa,1475492640890598_4,elf: Bite Size Eyeshadow 8550 elf ellf,38
nykaa,1475492640890598_5,e' e.l.f: Instant Lift Brow Pencil <400 elt,43
nykaa,1492794112325510_0,NYRAA Skin BUY 2 GET 1 REAL COLLAC COLLAGEN ON VIRALKOREAN Co SHBETMASK UpoN APPLICATON AFTERI4 HOURS,101
nykaa,1504487947759499_0,03+ D-TAN Face Pack FESSIONAL 3+ D-TAN PACK UP TO 15% OFF,57
nykaa,1504487947759499_1,THE DERMA CO Sali-Cinamide Anti-Acne Face Wash Salix Cinamide Acne control Face Wash 2- derma UP TO 30% OFF,107
nykaa,1504487947759499_2,CETAPHIL Gentle Skin Cleanser Cetaphil Gentle Skin Cleanser UP TO 40% OFF,73
nykaa,1504487947759499_3,CERAVE Blemish Control Cleanser Cerale Bllemish Loniroi Ccanger Moussant Anli-Imperfectlons 8 FLo2235ml UP TO 10% OFF,117
nykaa,1504487947759499_4,"PLUM 2% Niacinamide & Rice Water Moisturiser rice WATIRUNUONI - plom"" Ooatunnlatd Keu J Sa Sus UP TO 25% OFF",108
nykaa,1509513943592778_0,"PALMERS' COCOA BUTTER FORMULA"" #ith Vitamin [ FIRMING BUTTER Q10 sheo Butlc Coliegen Elatlig Hibminis BODI LOIION FREE OR Porol Pathalaict Delmaiologis Approvl' Jisto iue",170
nykaa,1521112256037440_0,"NYKA NHW YoUR DEWY MIcMENT? JJUST A DOORSTEP AWAY. 6( elvery ENDLESS SELECION; EXPRESS EMESS DELIVERY? EXPRESS SELEcTN DELILeRY? NYKAA NHW NYKAN ""New SHOP NOW CLuo",163
nykaa,1532909304832237_0,NYKAANHW For when you need the glow NOWNo TOMORROW SLAVW 60 mins LAK ME pix BllSH  SHOP NOW ENDLESS SEleCTION EXPRESS DELIVERV NYKAANGW,135
nykaa,1534946721187569_0,"PALMERS' COCOA BUTTER FORMULA"" #ith Vitamin [ FIRMING BUTTER Q10 sheo Butlc Coliegen Elatlig Hibminis BODI LOIION FREE OR Porol Pathalaict Delmaiologis Approvl' Jisto iue",170
nykaa,1541594727707040_0,"72n"" of Visible Radiance Dove DANAGE THERAPY daily shine Bio-Proloin Caro {hAMPOO AttlydCCQEl ""aio Iob text Ror-tordioming 4001m0o5",131
nykaa,1541935653589111_0,rusticart.in Rusbic Aer Natural & Organic Jasmine Organic Oil Soap Lasting Fragrance Enriched with Floxseed Mlong Ylong Oil,123
nykaa,1549803946503653_0,NYKAA skin NEW VIRAL COLLAGEN SHEET MASK NOW IN 3 VARIANTS Brightens M4t Hydrates A GLow 4b #4t ELZA M44 MEGAN 234 PDRN 4s piumpr REAL COLLAGEN O5 H0 clow Cniak,160
nykaa,1556788612842500_0,"PALMERS COcOn BUTTER FORMULA"" oll MNNolc PALMER'S COCOA BUTTER FORMULA"" with Vitauin SKIN THERAPY OIL PAUMERS? Totn BUTIER Hopuie Heloximnrovo the oppearance of: Scars SKIN THERAPY OIL Stretch Marks Dry, Damaged Skin Uneven Skin Tone Aging Skin UT PURE ARGAN OIL FeDuctOn 93% APREARANCE SCAR DERMATOLOGIST APPROVEC 60 ml/2 ill.oz "" Ketene teceeenitteen eureekarke Troged Skn Wnteensrnonn Aalng Saln AImRanA3nor EECINLUmecea COIdaTApt",433
nykaa,1567204938465131_0,rusticart.in Rusbic Aer Natural & Organic Jasmine Organic Oil Soap Lasting Fragrance Enriched with Floxseed Mlong Ylong Oil,123
nykaa,1573832174331361_0,"PALMERSE HEALS COCOA BUTTER SOFTENS FORMULA RELIEVES ROUGH, DRY SKIN 'SAME ( GREAT with Vitamin E NEW LooK TOrmu  48Hour MOISTURE MMOOTHES MARKS & TONES SKIN NET WT: 10Og/8.5oze]",178
nykaa,1576350153870922_0,"PALMERSE HEALS COCOA BUTTER SOFTENS FORMULA RELIEVES ROUGH, DRY SKIN 'SAME ( GREAT with Vitamin E NEW LooK TOrmu  48Hour MOISTURE MMOOTHES MARKS & TONES SKIN NET WT: 10Og/8.5oze]",178
nykaa,1577274527132811_0,"Messages Ask Nykaa Anythingll NYKAA Message (Today) Hii, It's her birthday next week, What can gift her? Get her Yves Saint Laurent's new launches from Nykaa. She loves them Thankss!",182
nykaa,1585479113252798_0,Rusbic ernute Aloe Vera Papaya Gel Auenhtend tnnn uerttnanueee Hon Henn Tutnucntetn Rd Vera Aloe Gel Papaya ( Juz0s2),117
nykaa,1586628666426504_0,NYKAA FREEDOMSALE E5o%we SHOP NOW,33
nykaa,1598446284513954_0,Afo HOLIDAY BEAUTY SORTED HERE SHOP Now AIRRWSU CIINIQUE,56
nykaa,1602093468133761_0,"PALMERS' COCOA BUTTER FORMULA"" #ith Vitamin [ FIRMING BUTTER Q10 sheo Butlc Coliegen Elatlig Hibminis BODI LOIION FREE OR Porol Pathalaict Delmaiologis Approvl' Jisto iue",170
nykaa,1616728226118054_0,NYRAA skin HEART IT? CART IT: UPTO 50% OFF ON BESTSELLERS MAAA Skin Soit NKAT,77
nykaa,1616728226118054_1,NYRAA skin GLASS SKIN GLOW VIRAL KOREAN SHEET MASK TRANSPARENT TURNS ~OVERNIGHT,79
nykaa,1616728226118054_2,"NYKAA skin ""HVALURONIC  ACID E CLACIAL  Water IOOhr"" HYDRATION: 0 STICKINESS. NYKAR PLUMP HYDRA IoOH | WATER 5 Ghcoan n HYDRATION acn & CREME",141
nykaa,1616728226118054_3,NYRAA skin BYE BYE BREAKOUTS. WIh SALICYLIC AcID ~OVERNIGHT ACNE [ RELIEF .,75
nykaa,1616728226118054_4,NYKAA skin THE CICA & LAZY GIRL VITAMIN E Makeupieltert MAKEUP REMOVER ELTERE Wakeuplelter MESS ' FREE UP Jar 'TWIST  Uwggujlter Uhedidle| MMaxeuplel | Mat,155
nykaa,1616728226118054_5,NYRAA skin PATCH UPI WITH BRIGHT EYES IN 15 MINS VITAMIN C VITAMIN ( 0 GOLD L )EXTRACT &,88
nykaa,1616728226118054_6,"NYRAA skin GLASS SKIN GLOW IN JUST ONE STEP NO1 BESTSELLER NYKA+ ~882 LOVED [ BY 1,00,000+ USERS",96
nykaa,1616728226118054_7,"NYRAA skin INSTANT HYDRATION IN 1 SPRAY: OIL-FREE' FORMULA WATER $ & 'RICE "" ACID ~GLYCOLIC [ NYKA 8 0# 2 1 0 MILKY TONER DEWY BRIGHT, CREAM SKIN GLOW 8",152
nykaa,1616728226118054_8,"NYRAA skin IT""S TIME TO TREAT YOURSELF UP TO 25% NYKA+ UNKorEA"" OFF REAL COLLAGEN BCosing MASK NYRAA I702 Rakcd4 GCocecio Fde Hater Geedlye Ald Ua CLEAHSER I0O 5nyciol Milky TONER WKA+ VITAMIN € KKat HloRP OR F _ STaR JIKEUPQHELTE""",231
nykaa,1617989113175205_0,"PALMERS' COCOA BUTTER FORMULA"" #ith Vitamin [ FIRMING BUTTER Q10 sheo Butlc Coliegen Elatlig Hibminis BODI LOIION FREE OR Porol Pathalaict Delmaiologis Approvl' Jisto iue",170
nykaa,1628273598163349_0,NYKANLUXE Signature Scents Curated to Gift Tmim KELIK LaNcov 6fo A L Dn rabanne MIK MLLJON,90
nykaa,1649713016723533_0,"Rusbic Act Aloe Vera Gel with Lemon Extract ""oramc Luadenanit  Vera C Gel Aloe ' Lemon Extract Ius",98
nykaa,1690710868265875_0,"PALMERSE HEALS COCOA BUTTER SOFTENS FORMULA RELIEVES ROUGH, DRY SKIN 'SAME ( GREAT with Vitamin E NEW LooK TOrmu  48Hour MOISTURE MMOOTHES MARKS & TONES SKIN NET WT: 10Og/8.5oze]",178
nykaa,1739025697891702_0,"foxtale Facial-like glow, overnight THE DIVA Overnight Glow Mask Potcols olotnaet Libns tono andtonuio Mleh Mcttatnnes starts working in 30 sec 'Skim TYPIS",155
nykaa,1745332100082521_0,WishCare Cold Pressed 10% Pure Sweet Almond Oil WishCare Cold Pressed 100% Pure Castor Oil celied Prenlum Quality Certified Premlum Quality  .,142
nykaa,1765699118108322_0,NYKA+ NYKAR NYKA+ 4 Love Struck Stolen Glance Eau Dx Parium Love Struck Skip Beat Eau De Parfum Love Struck Hidden Blush Eau De Parfumn,135
nykaa,1778399733575038_0,rusticart.in Rusbic Aer Natural & Organic Jasmine Organic Oil Soap Lasting Fragrance Enriched with Floxseed Mlong Ylong Oil,123
nykaa,1784021792952435_0,"PALMERSE HEALS COCOA BUTTER SOFTENS FORMULA RELIEVES ROUGH, DRY SKIN 'SAME ( GREAT with Vitamin E NEW LooK TOrmu  48Hour MOISTURE MMOOTHES MARKS & TONES SKIN NET WT: 10Og/8.5oze]",178
nykaa,1787126752283774_0,"Rusbic Act Aloe Vera Gel with Lemon Extract ""oramc Luadenanit  Vera C Gel Aloe ' Lemon Extract Ius",98
nykaa,1790717872284047_0,"OE 88thhon. OPTIMum ADVANTAGE OF Rcb MICRONISED CREATINED P 0 W 0 E R FOR performancE J00"" 30 I8V support Mondhiorate UNFLAVOURED FUtEt Ua NET WT: 7700g Cd _",157
nykaa,1792523331744968_0,"Clinically Tested Bond Repair Serum 22.9% increase in tensile strength of hair fiber"" Maleic Bond Repair Complex 05% HaRARux jen &1 {all8 & prolecli Falr bonal Topiro 0 omc c  Ua GIC Minimalist ""results based on an cllnical study of Malelc Bond Repalr Complex",259
nykaa,1888749325002702_0,"Korean BeaUty Must haves at NYPAA Tirtir WONDER deckoie = 94 Cera Mochi ] ""Tonef Shop Now 013+ TONYMOLY",103
nykaa,1893092944612948_0,NYKANLUXE Signature Scents Curated to Gift Tmim KELIK LaNcov 6fo A L Dn rabanne MIK MLLJON,90
nykaa,1926511811643105_0,"Rusbic Act Aloe Vera Gel with Lemon Extract ""oramc Luadenanit  Vera C Gel Aloe ' Lemon Extract Ius",98
nykaa,1944971906889649_0,,0
nykaa,1949554399300668_0,"NYKAA collection hyaluronic _ acid ceramides packed with collagen, VIRAL KOREAN SHEET MASK for glass skin overnight UPTO 20% OFF ED MAt REAL COLLAGEN Misk BoosnKO F",164
nykaa,1958127811547132_0,"PALMERS COcOn BUTTER FORMULA"" oll MNNolc PALMER'S COCOA BUTTER FORMULA"" with Vitauin SKIN THERAPY OIL PAUMERS? Totn BUTIER Hopuie Heloximnrovo the oppearance of: Scars SKIN THERAPY OIL Stretch Marks Dry, Damaged Skin Uneven Skin Tone Aging Skin UT PURE ARGAN OIL FeDuctOn 93% APREARANCE SCAR DERMATOLOGIST APPROVEC 60 ml/2 ill.oz "" Ketene teceeenitteen eureekarke Troged Skn Wnteensrnonn Aalng Saln AImRanA3nor EECINLUmecea COIdaTApt",433
nykaa,1964920684319820_0,"PALMERS' COCOA BUTTER FORMULA"" #ith Vitamin [ FIRMING BUTTER Q10 sheo Butlc Coliegen Elatlig Hibminis BODI LOIION FREE OR Porol Pathalaict Delmaiologis Approvl' Jisto iue",170
nykaa,1979217976126822_0,,0
nykaa,1993237201569874_0,"RED BERRY & MUSK NYKAA WANDERLUST JAPANESE CHERRY BLOSSOM with fine fragrances of Red Berty and Musk REFRESHING DEODORANT 8s"" Tobn 967",134
nykaa,1999576747532010_0,NYKAA NYKAA Wandentust | French Lavender Wandentus Franch Lavender BODY LOTION ShoweR GEL,89
nykaa,2019398868705224_0,Lightweight Texture Moisturising Formula 1 1 y 1,48
nykaa,2025305474946288_0,"PALMERS' COCOA BUTTER FORMULA"" #ith Vitamin [ FIRMING BUTTER Q10 sheo Butlc Coliegen Elatlig Hibminis BODI LOIION FREE OR Porol Pathalaict Delmaiologis Approvl' Jisto iue",170
nykaa,2045923456296221_0,rusticart.in Rusbic Aer Natural & Organic Jasmine Organic Oil Soap Lasting Fragrance Enriched with Floxseed Mlong Ylong Oil,123
nykaa,2102394927047715_0,"foxtale Facial-like glow, overnight THE DIVA Overnight Glow Mask Potcols olotnaet Libns tono andtonuio Mleh Mcttatnnes starts working in 30 sec 'Skim TYPIS",155
nykaa,2125179875006882_0,"3 CARMEST"" Sensitive Hcc AAGhKAL FLAN-At0 PAD 9 | D 6  15L (280 mmi 15XL [320 mmi 30 PADS 15L+15XL",98
nykaa,2145419982535437_0,1 5 1,5
nykaa,2154559961755184_0,"PALMERSE HEALS COCOA BUTTER SOFTENS FORMULA RELIEVES ROUGH, DRY SKIN 'SAME ( GREAT with Vitamin E NEW LooK TOrmu  48Hour MOISTURE MMOOTHES MARKS & TONES SKIN NET WT: 10Og/8.5oze]",178
nykaa,2158763534691583_0,"Rusbic Act Aloe Vera Gel with Lemon Extract ""oramc Luadenanit  Vera C Gel Aloe ' Lemon Extract Ius",98
nykaa,2166300183780625_0,"PALMERS' COCOA BUTTER FORMULA"" #ith Vitamin [ FIRMING BUTTER Q10 sheo Butlc Coliegen Elatlig Hibminis BODI LOIION FREE OR Porol Pathalaict Delmaiologis Approvl' Jisto iue",170
nykaa,2179603549268700_0,"Rusbic Act Aloe Vera Gel with Lemon Extract ""oramc Luadenanit  Vera C Gel Aloe ' Lemon Extract Ius",98
nykaa,2187256232197746_0,"PALMERS' COCOA BUTTER FORMULA"" #ith Vitamin [ FIRMING BUTTER Q10 sheo Butlc Coliegen Elatlig Hibminis BODI LOIION FREE OR Porol Pathalaict Delmaiologis Approvl' Jisto iue",170
nykaa,2190361211533780_0,"NYKAA FREEDOM SALE UPTO 50% OFF SHOP NOW Dot & KEY Lole beaulu Joa AND planet WARE VAVILLA In"" 600 ml",101
nykaa,2201681223738948_0,1 5 1,5
nykaa,2212286089611587_0,"SPF 60 PAA Ultra Matte SpF g0 Part"" Sunscreen Gel Ultra Matte For BROAd SPECTRUMPROTECTION Sunscreen Gel ultra Light FRORCAD SPECTRUMPAOIECTION 0il Eee day ultra Light oll free Mnnoa Sann Heleeemm Drtadeacrum Juvatuyb derma derma",229
nykaa,2258087528288192_0,1 CLEAN SLATE Refreshing Face Wash Dctp Scolhnesakin Doic ccons n9 Miaenamido Mitamaln F chomotello Extrogt Soothes skin & clears pores with Niacinamide & Chamomile ALL SiIv T YPES,180
nykaa,2266906437476825_0,"PALMERSE HEALS COCOA BUTTER SOFTENS FORMULA RELIEVES ROUGH, DRY SKIN 'SAME ( GREAT with Vitamin E NEW LooK TOrmu  48Hour MOISTURE MMOOTHES MARKS & TONES SKIN NET WT: 10Og/8.5oze]",178
nykaa,2267964217010605_0,,0
nykaa,2285251502222710_0,Lightweight Texture Moisturising Formula 1 1 y 1,48
nykaa,2285756335568941_0,"PALMERS COcOn BUTTER FORMULA"" oll MNNolc PALMER'S COCOA BUTTER FORMULA"" with Vitauin SKIN THERAPY OIL PAUMERS? Totn BUTIER Hopuie Heloximnrovo the oppearance of: Scars SKIN THERAPY OIL Stretch Marks Dry, Damaged Skin Uneven Skin Tone Aging Skin UT PURE ARGAN OIL FeDuctOn 93% APREARANCE SCAR DERMATOLOGIST APPROVEC 60 ml/2 ill.oz "" Ketene teceeenitteen eureekarke Troged Skn Wnteensrnonn Aalng Saln AImRanA3nor EECINLUmecea COIdaTApt",433
nykaa,2294841041253676_0,"Rusbic Act Aloe Vera Gel with Lemon Extract ""oramc Luadenanit  Vera C Gel Aloe ' Lemon Extract Ius",98
nykaa,2339038080273358_0,YVES rochca GLOW ENERGIE IC ] CPENE BoosueR cUT Introducing Glow Activating Cream,81
nykaa,2339038080273358_1,YVES ROCHER PRANCE GLOW ENERGIE [Ct] CREME E BOOSTER ECLAT By France's No: Beauty Brand Yves Rocher,99
nykaa,2339038080273358_2,Powered By Botanical Ingredients And Perfected By Science,57
nykaa,2339038080273358_3,Now In India Exclusively On NYKAA,33
nykaa,2408903899581459_0,"1 PURE BLISS Nourishing Moisturizer Repa Jrighlun: terin Exin &r Ccramidut Hyoluronlc Acld hacinamicu Deep as water, light as air for IOOhrs of moisturization SKin TYPS",168
nykaa,2446555192467877_0,NEW At MYKAA colorgram 6 | colorgram 7n SHOP NOW 1,50
nykaa,2476267629545643_0,8 1 0 40gm 'endSuhstick: HYBRID SPF 50 EnrichadeihTing Uvu Frotoctton Ln Terddd,79
nykaa,2498582203900990_0,SPF 60 1% Hyaluronic SPF 60 Tinted Sunscreen Gel 1% Hyaluronic Tinted FOR BROAD SPECTRUM Sunscreen Gel PROTECTION FOR BROADSPECTRUMPROTECTION Te znc oxide aeenunan Hondt titaniua dioridc yaluont hyaluronic acid derma dermac,223
nykaa,25042008918742628_0,"PALMERS' COCOA BUTTER FORMULA"" #ith Vitamin [ FIRMING BUTTER Q10 sheo Butlc Coliegen Elatlig Hibminis BODI LOIION FREE OR Porol Pathalaict Delmaiologis Approvl' Jisto iue",170
nykaa,25316540544615699_0,NYKAA THE ULTIMATE BridalBeauty SHOP NOW STORE,46
nykaa,2539093989844745_0,,0
nykaa,25443601661990569_0,Milk M AKEUP MEET THEOG JELTTINT Cools refreshes skin Bouncy; jelly texture Long-lasting staying power SHOP NOW ON NYKAA,120
nykaa,25846217675013778_0,"NYKAA hyaluronic acid collection ceramides packed with collagen; VIRAL KOREAN SHEET MASK for glass skin overnight Mlae JnKoREA NYKA+ REAL TRENDING COLLAGEN MASK BOOSTING Duvo  Hydroiion Orernight [ Olatt &n  Olov Dutr "" ( )",223
nykaa,25846217675013778_1,DEEP HYDRATION,14
nykaa,25846217675013778_2,"POWER INGREDIENTS, REAL RESULTS COLLAGEN HYALURONIC ACid CERAMIDES NIACINAMIDE",78
nykaa,25846217675013778_3,"before after HOUR 2 HOURS 3 HOURS HOURS 3-4 HRS TO DEWY, PLUMP; GLASS SKIN",74
nykaa,25846217675013778_4,NYAA collection GLASS SKIN GLOW ADD TO CART UPTO 20% OFF,56
nykaa,2656118348087056_0,NYKAA NYKAA Wandentust | French Lavender Wandentus Franch Lavender BODY LOTION ShoweR GEL,89
nykaa,2679200249091376_0,"THE NO MAKEUP MAKEUP GUIDE GIRL 9 8 ""UmmER 1 LAKME",50
nykaa,2679200249091376_1,LunthEnou stcbui Ct-om Power Primer Grip 3 Makeup That Promises Instantly Perfected Skin:,89
nykaa,2679200249091376_2,"Lip Essentials For a Juicy, Super-hydrated Pout: 1",50
nykaa,2679200249091376_3,Blushes For Baby-soft cheeks & Buildable colour: 4 1 5,54
nykaa,2679200249091376_4,7 8 elf MMalo Clow Uouid Cilttr L L a Uctani 'uadior Mao 0 Complexion Perfectors that Enhance Your Natural Radiance.,116
nykaa,2679200249091376_5,4 Eye Makeup that Makes You Look Brighter: I,44
nykaa,2704787543249783_0,"Rusbic Act Aloe Vera Gel with Lemon Extract ""oramc Luadenanit  Vera C Gel Aloe ' Lemon Extract Ius",98
nykaa,27559566443672170_0,rusticart.in Rusbic Aer Natural & Organic Jasmine Organic Oil Soap Lasting Fragrance Enriched with Floxseed Mlong Ylong Oil,123
nykaa,2819035945127061_0,"PALMERSE HEALS COCOA BUTTER SOFTENS FORMULA RELIEVES ROUGH, DRY SKIN 'SAME ( GREAT with Vitamin E NEW LooK TOrmu  48Hour MOISTURE MMOOTHES MARKS & TONES SKIN NET WT: 10Og/8.5oze]",178
nykaa,28252021147735239_0,Rusbic ernute Aloe Vera Papaya Gel Auenhtend tnnn uerttnanueee Hon Henn Tutnucntetn Rd Vera Aloe Gel Papaya ( Juz0s2),117
nykaa,2868281153533212_0,"YVES ROCHER FRANCE NYKAA RESET HARD WATER HAIR DAMAGE Shine Rinsing Vinegar Removes Hard Water Buildup Made with Raspberry Vinegar MHLKGREAncE Softer, Smoother Hair TVes Rochei erm Restores Shine Lightweight, Silicone-Free Formula 3 0u",235
nykaa,2900672733606041_0,"Kiehes NYRAA TIRED UNDER EYES? Creamy Eye Treatment With Avocado] 93% HGREE THHT EYES LOOr"" Less Puffy Brighter CRPAMY KIEHLS  With EYE Avocado TREATMENT Mal SHOP NOIN ON NYKHH Baseo exeect grading clnical study alter Wetks 0l product use",238
nykaa,3151776725018253_0,rusticart.in Rusbic Aer Natural & Organic Jasmine Organic Oil Soap Lasting Fragrance Enriched with Floxseed Mlong Ylong Oil,123
nykaa,3432224393613009_0,"PALMERS COcOn BUTTER FORMULA"" oll MNNolc PALMER'S COCOA BUTTER FORMULA"" with Vitauin SKIN THERAPY OIL PAUMERS? Totn BUTIER Hopuie Heloximnrovo the oppearance of: Scars SKIN THERAPY OIL Stretch Marks Dry, Damaged Skin Uneven Skin Tone Aging Skin UT PURE ARGAN OIL FeDuctOn 93% APREARANCE SCAR DERMATOLOGIST APPROVEC 60 ml/2 ill.oz "" Ketene teceeenitteen eureekarke Troged Skn Wnteensrnonn Aalng Saln AImRanA3nor EECINLUmecea COIdaTApt",433
nykaa,3513139602197245_0,NYRAA collection YOUR BEAUTY BFFS UNDER <599 SHOP NOW UZ NYKA+ COLLAGEN REAL BoOSTING MASK Ul nl Et NYKAA MAKEUP MELTER,119
nykaa,3513139602197245_1,NYRAA collection TRENDING SHEET MASKS Loved by 25K+ customers Lated Jc NYKAN SKIN secrets UPTO 30% OFF CoLLACEN WINe _ red Tndtnl J0o NIKA+ Gold for Revitalized outhful NYKA+ USRA TRENDIRO REAL COLLAGEN BOOSTING orat tt Dntt MASK aEneor Fntulen,244
nykaa,3513139602197245_2,NYKAA collection FAST-ACTING PIMPLE PATCHES With salycylic acid tea tree UPTO 30% OFF NHKA+ SKIA ~SECRETS- Spot L Patch,119
nykaa,3513139602197245_3,NYRAA collection PREMIUM BRUSHES FOR A FLAWLESS FINISH 1 UPTO 30% OFF 0,71
nykaa,3513139602197245_4,NYPAA collection FALSE EYELASHES THAT STEAL THE SPOTLIGHT UPTO 30% OFF NYKA+ NYIKAA NYKA+,89
nykaa,3513139602197245_5,NYKAA collection MELTS MAKEUP IN A SINGLE SWIPE 4.5/5 revlews #**1 NYKAA IAKEUp MELTER MAKEUp JaKeU# MELTER LMOvES COFTENE Makeue  phasic MAKEU REMO sKin '84u84 030ing Nouthirno Typwi RootheS REKOVES MAKEUR UPTO Yote SOFTENS Skik nnolovogi€ Jy ~Woteresr0oi Mokth csritidest 30% Teatoa OFF For Aisln Tvou AenLihhoufmninaccnt *4a oroot Mcttl I50 n Wsee,350
nykaa,3513139602197245_6,"NYPAA collection ""MAKES IT SOOO EASY TO BLENDI"" POOJA ZATAKIA UPTO 30% OFF LATEX FREE NYKAA BLENDMASTER",103
nykaa,3513139602197245_7,NYKAA collection GENTLE CLEANSERS PACKED WITH SKIN-LOVING ACTIVES UPTO 30% OFF NYKAR NYKAA NYKAA GffRON KONEY Dcftatap Gycouc Acid superberries = PEPMDEZ FACE WasH CLEARSEF CLEANSERbet RADUt GloY,195
nykaa,3513139602197245_8,NYKAA collection INSTANT NAIL PAINT REMOVER Works in single swipe DIP & DC MYKAA NAIL POLISH REI Oremoves Katti MeocloncTIc UPTO 30% OFF DIP & DONE HKAA NAIL POLISH RENLONER (eomovut ts Creint Untt ttru,202
nykaa,3513139602197245_9,NYKAA collection BAG YOUR BEAUTY BFFS NOWI SHOP NOW ALL UNDER 8599 NYKA+ SKIN SECRETS- Spot Patch NYKAA URAL= SUPERBERRIES PEPTIDES 0 rpuE CLEARSER MLT HACiftot J NYKAA BLENDMASTER Jealr-n b Salaulic Hcid,204
nykaa,37360964106880572_0,OUR . 6 ) pH RChNO8 3 3 1 4,27
nykaa,4012546649049052_0,ERLAIN PARURE GOLD 5KIN MatTE SUERLAIN,38
nykaa,4024128827889494_0,"Rusbic Act Aloe Vera Gel with Lemon Extract ""oramc Luadenanit  Vera C Gel Aloe ' Lemon Extract Ius",98
nykaa,4092221780992933_0,NYKAA Iconic Bestsellers Youll Love SHOP NOW Do &ur Simple,58
nykaa,4106933702899973_0,REVITALIFT DAY CREAM,20
nykaa,4140758506177499_0,REVITALIFT DAY CREAM,20
nykaa,4227700750884102_0,"PALMERS' COCOA BUTTER FORMULA"" #ith Vitamin [ FIRMING BUTTER Q10 sheo Butlc Coliegen Elatlig Hibminis BODI LOIION FREE OR Porol Pathalaict Delmaiologis Approvl' Jisto iue",170
nykaa,4326693747592394_0,"PALMERS COcOn BUTTER FORMULA"" oll MNNolc PALMER'S COCOA BUTTER FORMULA"" with Vitauin SKIN THERAPY OIL PAUMERS? Totn BUTIER Hopuie Heloximnrovo the oppearance of: Scars SKIN THERAPY OIL Stretch Marks Dry, Damaged Skin Uneven Skin Tone Aging Skin UT PURE ARGAN OIL FeDuctOn 93% APREARANCE SCAR DERMATOLOGIST APPROVEC 60 ml/2 ill.oz "" Ketene teceeenitteen eureekarke Troged Skn Wnteensrnonn Aalng Saln AImRanA3nor EECINLUmecea COIdaTApt",433
nykaa,4333128610235179_0,Rusbic ernute Aloe Vera Papaya Gel Auenhtend tnnn uerttnanueee Hon Henn Tutnucntetn Rd Vera Aloe Gel Papaya ( Juz0s2),117
nykaa,4390921417886367_0,"PALMERS"" COCOA BUTTER FORMULA? with Vitamin E BUST CREAM Collagen Elastin Shea Butter Helps Reduce Appearance Stretch Marks FIRMS & TONES SKIN AROUND BUST AREA FREE OF Parabens Phthalates DERMATOLOGISTATESTED NET WT 1259/4kze",225
nykaa,4396912063889819_0,"PALMERSE HEALS COCOA BUTTER SOFTENS FORMULA RELIEVES ROUGH, DRY SKIN 'SAME ( GREAT with Vitamin E NEW LooK TOrmu  48Hour MOISTURE MMOOTHES MARKS & TONES SKIN NET WT: 10Og/8.5oze]",178
nykaa,4422795231313922_0,HYDRATING LIP BALM 2 1,22
nykaa,4608725312693487_0,Se BELLAVIA EVELIFT FFFT 37: BELLAVITA Under EYE Gel CreMe EVELIFT ALOEvERA GREEN TEA REDUCES FINE LINES Wainkles 1,115
nykaa,4639435602868998_0,"PALMERS' COCOA BUTTER FORMULA"" #ith Vitamin [ FIRMING BUTTER Q10 sheo Butlc Coliegen Elatlig Hibminis BODI LOIION FREE OR Porol Pathalaict Delmaiologis Approvl' Jisto iue",170
nykaa,586296711139903_0,"PALMERS COcOn BUTTER FORMULA"" oll MNNolc PALMER'S COCOA BUTTER FORMULA"" with Vitauin SKIN THERAPY OIL PAUMERS? Totn BUTIER Hopuie Heloximnrovo the oppearance of: Scars SKIN THERAPY OIL Stretch Marks Dry, Damaged Skin Uneven Skin Tone Aging Skin UT PURE ARGAN OIL FeDuctOn 93% APREARANCE SCAR DERMATOLOGIST APPROVEC 60 ml/2 ill.oz "" Ketene teceeenitteen eureekarke Troged Skn Wnteensrnonn Aalng Saln AImRanA3nor EECINLUmecea COIdaTApt",433
nykaa,638022289166508_0,"NYKAALUXE Little Luxury, A Perfect Gift UPTO 20%OFF: SHOP NOW CAROLN I HKRRER | LANCOME BURBERRY ESTEE LAUDER HILN AMKAUA",121
nykaa,676990208335290_0,"PALMERS COcOn BUTTER FORMULA"" oll MNNolc PALMER'S COCOA BUTTER FORMULA"" with Vitauin SKIN THERAPY OIL PAUMERS? Totn BUTIER Hopuie Heloximnrovo the oppearance of: Scars SKIN THERAPY OIL Stretch Marks Dry, Damaged Skin Uneven Skin Tone Aging Skin UT PURE ARGAN OIL FeDuctOn 93% APREARANCE SCAR DERMATOLOGIST APPROVEC 60 ml/2 ill.oz "" Ketene teceeenitteen eureekarke Troged Skn Wnteensrnonn Aalng Saln AImRanA3nor EECINLUmecea COIdaTApt",433
nykaa,689346470797757_0,"NYKAMLUXE I Little Luxury, A Perfect Gift UPTO %6 OFF SHOP NOW K""K KANcOMI BURBERRY ESTEE LAUDER",96
nykaa,690821077425780_0,Ig 0 1 8 NATURES SEnn MiMonB $ Honey  BODy lonON 4clGreasy 5 400 ml,67
nykaa,693839840038745_0,REVITALIFT DAY CREAM,20
nykaa,703011752760732_0,NYRAA THE Gifl Slore Presents That Speak to Her Heart WAdarust DRPAMING ocectit SHOP NOW deiln Anc: elssikTu; XZ,112
nykaa,726418343819052_0,"PALMERSE HEALS COCOA BUTTER SOFTENS FORMULA RELIEVES ROUGH, DRY SKIN 'SAME ( GREAT with Vitamin E NEW LooK TOrmu  48Hour MOISTURE MMOOTHES MARKS & TONES SKIN NET WT: 10Og/8.5oze]",178
nykaa,728848716869218_0,MYRAAiUXE LUXURY FRAGRANCES EVERYONES WEARING SHOP Now tia IOLL GQ YOUR FIRST LUXE TREAT 1533 OFF USE CODE MYFIRSTLUXEIS,120
nykaa,759390623731858_0,"Korean BeaUty Must haves at NYPAA Tirtir WONDER deckoie = 94 Cera Mochi ] ""Tonef Shop Now 013+ TONYMOLY",103
nykaa,761228480019992_0,"PALMERS' COCOA BUTTER FORMULA"" #ith Vitamin [ FIRMING BUTTER Q10 sheo Butlc Coliegen Elatlig Hibminis BODI LOIION FREE OR Porol Pathalaict Delmaiologis Approvl' Jisto iue",170
nykaa,761334066848132_0,Pocket Friendly elffordable finds under 3600,44
nykaa,761334066848132_1,e.l.f: Lip Lacquer 8400,23
nykaa,761334066848132_2,e.l.f: Clear Lash & Brow Mascara 8400 3,39
nykaa,761334066848132_3,1 1 1 1 1 1 v & 1 1 1 e.l.f: Cream Glide Lip Liner {400,55
nykaa,761334066848132_4,elf: Bite Size Eyeshadow 8550 elf ellf,38
nykaa,761334066848132_5,e' e.l.f: Instant Lift Brow Pencil <400 elt,43
nykaa,798891323287547_0,1 5 1,5
nykaa,799134116175659_0,fiama gel bar Blackcurrant & Bearberry radiant glow Condit SKIN NERS 11] 1 < 1 ' Blackcurrant and 6x125 Bearberry g Fiama,121
nykaa,799525776086671_0,NYRAA Iconic Bestsellers Youll Love Simple SHOP NOW refrcshing taoal wash DOT { KEY MCNc s isona 4 Suh,102
nykaa,808871428559359_0,"PALMERS"" COCOA BUTTER FORMULA? with Vitamin E BUST CREAM Collagen Elastin Shea Butter Helps Reduce Appearance Stretch Marks FIRMS & TONES SKIN AROUND BUST AREA FREE OF Parabens Phthalates DERMATOLOGISTATESTED NET WT 1259/4kze",225
nykaa,811959574660026_0,"PALMERS COcOn BUTTER FORMULA"" oll MNNolc PALMER'S COCOA BUTTER FORMULA"" with Vitauin SKIN THERAPY OIL PAUMERS? Totn BUTIER Hopuie Heloximnrovo the oppearance of: Scars SKIN THERAPY OIL Stretch Marks Dry, Damaged Skin Uneven Skin Tone Aging Skin UT PURE ARGAN OIL FeDuctOn 93% APREARANCE SCAR DERMATOLOGIST APPROVEC 60 ml/2 ill.oz "" Ketene teceeenitteen eureekarke Troged Skn Wnteensrnonn Aalng Saln AImRanA3nor EECINLUmecea COIdaTApt",433
nykaa,812650675216168_0,"Clinically Tested Bond Repair Serum 22.9% increase in tensile strength of hair fiber"" Maleic Bond Repair Complex 05% HaRARux jen &1 {all8 & prolecli Falr bonal Topiro 0 omc c  Ua GIC Minimalist ""results based on an cllnical study of Malelc Bond Repalr Complex",259
nykaa,813842654477103_0,NYRAHLUXE MAKEUP ARTIST APPROVED NUDES SHOP NOW 8 0 B 8 | BRO Wh smashbox L = CharlotteTilbury B 0 B B  8 R 0 W # MESSAINIJAURENT,129
nykaa,815199694492090_0,NYKAA NYKAA Wandentust | French Lavender Wandentus Franch Lavender BODY LOTION ShoweR GEL,89
nykaa,825856677212595_0,NYKAA 5 IN HAIR BLOW BRUSH The Pro-level Styling! SHOP NOW 40 07 BRUs Enhincor Arntnhten Fulo-ttha Gule Brwah winston,117
nykaa,827297683707918_0,Lightweight Texture Moisturising Formula 1 1 y 1,48
nykaa,844955014736760_0,NYKAA NYKAA Wandentust | French Lavender Wandentus Franch Lavender BODY LOTION ShoweR GEL,89
nykaa,858306310146718_0,"NYKAA hyaluronic acid collection ceramides packed with collagen; VIRAL KOREAN SHEET MASK for glass skin overnight Mlae JnKoREA NYKA+ REAL TRENDING COLLAGEN MASK BOOSTING Duvo  Hydroiion Orernight [ Olatt &n  Olov Dutr "" ( )",223
nykaa,858306310146718_1,DEEP HYDRATION,14
nykaa,858306310146718_2,"POWER INGREDIENTS, REAL RESULTS COLLAGEN HYALURONIC ACid CERAMIDES NIACINAMIDE",78
nykaa,858306310146718_3,"before after HOUR 2 HOURS 3 HOURS HOURS 3-4 HRS TO DEWY, PLUMP; GLASS SKIN",74
nykaa,858306310146718_4,NYAA collection GLASS SKIN GLOW ADD TO CART UPTO 20% OFF,56
nykaa,874042492205955_0,,0
nykaa,892353843533564_0,[ 8 U 8 9 8 8 8 9 gm 4.8,24
nykaa,901122852590706_0,1 8 1 200 gm plom Body Jeu body etob Wi' vanllla Vibas,54
nykaa,929395816165499_0,"PALMERS' COCOA BUTTER FORMULA"" #ith Vitamin [ FIRMING BUTTER Q10 sheo Butlc Coliegen Elatlig Hibminis BODI LOIION FREE OR Porol Pathalaict Delmaiologis Approvl' Jisto iue",170
nykaa,932109153247955_0,rusticart.in Rusbic Aer Natural & Organic Jasmine Organic Oil Soap Lasting Fragrance Enriched with Floxseed Mlong Ylong Oil,123
nykaa,938177129181874_0,NYRAA Skin BUY 2 GET 1 REAL COLLAC COLLAGEN ON VIRALKOREAN Co SHBETMASK UpoN APPLICATON AFTERI4 HOURS,101
nykaa,939929292457364_0,""" 1 1 2 PINK DAWN",17
nykaa,950265824711571_0,NYKAA skin MELTS WATERPROOF MAKEUP IN SECONDSL 25% OFF Viral Twist-Up Jar 'HAkEups  MEL,87
nykaa,950320890975848_0,NYRAA skin HEART IT? CART IT: UPTO 50% OFF ON BESTSELLERS MAAA Skin Soit NKAT,77
nykaa,950320890975848_1,NYRAA skin GLASS SKIN GLOW VIRAL KOREAN SHEET MASK TRANSPARENT TURNS ~OVERNIGHT,79
nykaa,950320890975848_2,"NYKAA skin ""HVALURONIC  ACID E CLACIAL  Water IOOhr"" HYDRATION: 0 STICKINESS. NYKAR PLUMP HYDRA IoOH | WATER 5 Ghcoan n HYDRATION acn & CREME",141
nykaa,950320890975848_3,NYRAA skin BYE BYE BREAKOUTS. WIh SALICYLIC AcID ~OVERNIGHT ACNE [ RELIEF .,75
nykaa,950320890975848_4,NYKAA skin THE CICA & LAZY GIRL VITAMIN E Makeupieltert MAKEUP REMOVER ELTERE Wakeuplelter MESS ' FREE UP Jar 'TWIST  Uwggujlter Uhedidle| MMaxeuplel | Mat,155
nykaa,950320890975848_5,NYRAA skin PATCH UPI WITH BRIGHT EYES IN 15 MINS VITAMIN C VITAMIN ( 0 GOLD L )EXTRACT &,88
nykaa,950320890975848_6,"NYRAA skin GLASS SKIN GLOW IN JUST ONE STEP NO1 BESTSELLER NYKA+ ~882 LOVED [ BY 1,00,000+ USERS",96
nykaa,950320890975848_7,"NYRAA skin INSTANT HYDRATION IN 1 SPRAY: OIL-FREE' FORMULA WATER $ & 'RICE "" ACID ~GLYCOLIC [ NYKA 8 0# 2 1 0 MILKY TONER DEWY BRIGHT, CREAM SKIN GLOW 8",152
nykaa,950320890975848_8,"NYRAA skin IT""S TIME TO TREAT YOURSELF UP TO 25% NYKA+ UNKorEA"" OFF REAL COLLAGEN BCosing MASK NYRAA I702 Rakcd4 GCocecio Fde Hater Geedlye Ald Ua CLEAHSER I0O 5nyciol Milky TONER WKA+ VITAMIN € KKat HloRP OR F _ STaR JIKEUPQHELTE""",231
nykaa,969102632636582_0,NYRAA tools UP TO  5085 BEsi SELLING ON 'toois,46
nykaa,969102632636582_1,SEI ONE Ldoxs; ENDLESE Essentials Set Brush Makeup Kalnd Blender 'BECIMNER FRIENDW NYKAR BRUSH Ad BLeNdER SE7 MEUPESSEMIIALS  3 Face Brushes 2 Eye Brushes 2 Beauty Blenders,172
nykaa,969102632636582_2,EFFUEILESS On-THE GLAM 4-in-1 Brush Gu Set 1Face Brush | 3 Eye Brushes TRAVEL ^ 9 FRIENdI,89
nykaa,969102632636582_3,ONE JAR BLENI Tt ALLJ ^0 Blend Ith Jer NYKAA 4 Full-size & 3 Mini Precision Sponges,83
nykaa,969102632636582_4,BEz'L-SHAPED FOR PECEE _ BLENDING Strawberry Blender Blend Itl For- targeted precision For wider application,108
nykaa,969102632636582_5,POWER_ DUO; PERFECT  Soft FINISHL MKT# Face Touch Puff 9 ROUNd PUFF Perfect for larger @reds HEART puF Precision for small areds NKA,132
nykaa,969102632636582_6,NYRAA UP TO  tools 508F ON THE Go; JOFF TTOOLS Now_ GRAB  14t TSDEFIHGU NYKA MaKeup ESSENTUALS BRUSH NND BLeNDeR SET,116
nykaa,971054518447203_0,"NYKAMLUXE I Little Luxury, A Perfect Gift UPTO %6 OFF SHOP NOW K""K KANcOMI BURBERRY ESTEE LAUDER",96
nykaa,975859572138167_0,"PALMERS"" COCOA BUTTER FORMULA? with Vitamin E BUST CREAM Collagen Elastin Shea Butter Helps Reduce Appearance Stretch Marks FIRMS & TONES SKIN AROUND BUST AREA FREE OF Parabens Phthalates DERMATOLOGISTATESTED NET WT 1259/4kze",225
nykaa,989049030761652_0,2 in1 Makeup Skincare PRAUSH OuautI k SILk BLUR Molsturzing Primor ncila Kvalurodo croct 37 6 ardoenare 8 GM,108
nykaa,992557073751634_0,NYRAA tools UP TO  5085 BEsi SELLING ON 'toois,46
nykaa,992557073751634_1,SEI ONE Ldoxs; ENDLESE Essentials Set Brush Makeup Kalnd Blender 'BECIMNER FRIENDW NYKAR BRUSH Ad BLeNdER SE7 MEUPESSEMIIALS  3 Face Brushes 2 Eye Brushes 2 Beauty Blenders,172
nykaa,992557073751634_2,EFFUEILESS On-THE GLAM 4-in-1 Brush Gu Set 1Face Brush | 3 Eye Brushes TRAVEL ^ 9 FRIENdI,89
nykaa,992557073751634_3,ONE JAR BLENI Tt ALLJ ^0 Blend Ith Jer NYKAA 4 Full-size & 3 Mini Precision Sponges,83
nykaa,992557073751634_4,BEz'L-SHAPED FOR PECEE _ BLENDING Strawberry Blender Blend Itl For- targeted precision For wider application,108
nykaa,992557073751634_5,POWER_ DUO; PERFECT  Soft FINISHL MKT# Face Touch Puff 9 ROUNd PUFF Perfect for larger @reds HEART puF Precision for small areds NKA,132
nykaa,992557073751634_6,NYRAA UP TO  tools 508F ON THE Go; JOFF TTOOLS Now_ GRAB  14t TSDEFIHGU NYKA MaKeup ESSENTUALS BRUSH NND BLeNDeR SET,116
paytm,1044958001611524_0,Paytm FligheTickcts BEST PRICE CUARANTEE Or Get 2X Refund Book Flight Tickets,77
paytm,1063896619934938_0,5.YEAR ANNIVERSARY 5 BGMI SWAG Flat 10% OFF Bonus UCs New users get exclusive deals !,85
paytm,1065141212726414_0,PaymM Share,11
paytm,1069008419055115_0,PaymM Share,11
paytm,1074929458404817_0,SWNg 10% DiscouMt INSTAHT SURPRISE DEALS NEW USERS GET Fennt ALL NEW FERRARI SPEED DRIFT IS HERE TOP UPNOWI,107
paytm,1236241311951547_0,"Paytm Sona sona bill elit tera sona Turn every payment into gold, Earn Paytm Gold Coins on all your Payments Paytm Karo TBC Apply PaytM",135
paytm,1371896278474593_0,SWAG thubtiducttovi BGMI 4u 10% Dscowr INSTANT NEW USERS GET SURPRISE DEALS UNBEATABLE BONUS UC DEALS FOR NARUTO GILT SPIN; DAT TEBAYOI TOP UP NOWI,147
paytm,1429245679252338_0,Paytm FREEDOM SPECIAL Zero Platform Fee on all your Home Bills Pay Now Paytm Recharge _ Bills Clccinci Lon @4i pamunI CAAEM-FM Tcaet,132
paytm,2057443174865557_0,Paytm FREEDOM SPECIAL Zero Convenience Fee on your Monthly Bills Pay Now payim Mcbil nechot Suacatt Tcaet,105
paytm,2192883147940808_0,BGMI SWAG Flat 10% OFF Bonus UCs New users_ get exclusive deals !,65
paytm,2387448105419156_0,unLEASH ThE PWER @F MuMMI REWARD u2) 60 Uc G0 L 02 300 260 cnn7 0D 600 480 09 1500 1380 @ 3000 2880 L G000 5880 @2 12000 11880 uc CIAFcE @2 18000 17880 0 24000 23880 cc 02 30000 29880 uc VC vP ENOS @N JULY It BGM SWAG Flat 10% OFF Bonus UCs New users get exclusive deals !,272
paytm,3082039051988163_0,"Paytm Sona sona bill elit tera sona Turn every payment into gold, Earn Paytm Gold Coins on all your Payments Paytm Karo TBC Apply PaytM",135
paytm,38797763239822736_0,PaymM Share,11
phonepe,1002429262507395_0,"Using UPI for the first time? Make PhonePe your best friendl PhonePe WlGencrarco""",81
phonepe,1002429262507395_1,PhonePe Setup is Bank Accounts Sccurely lrkked with UPI Breeze @ ABC Bank 1234 Pamyan Link your bank and get ready to pay m XYZ Bank instantly: 5678 Acd New Bank Acccunt POWERED U? A-Gencnicde,192
phonepe,1002429262507395_2,"Easy Money Transfers Send money in seconds to anyone in your contact list_ PhonePe Money Transferred Successfullyl Rohan Shama BUXXxux {1,500 Vew Details DONE Al-GcncTcc",169
phonepe,1002429262507395_3,100% Safe & Secure Your money only transfers when you enter your secret UPI PIN. ENTER UPI PIN Ja-Gonoitedt,107
phonepe,1002785005663913_0,Recharge instantly on PhonePe before the call drops! 01.07.40 mute keypad speaker add call video call contacts Mhutnale,119
phonepe,1016893477925682_0,"PURE 99.9% GOLD Insured, backed & pure: Start your Gold savings from just <10. Anea n r Lnteidn tnnte FtdOeirAeee",113
phonepe,1018276641017286_0,"Data khatam hone wala hai? Mobile turant recharge karo on PhonePel ""AI Genetated",80
phonepe,1024519727174297_0,Choose from 15+ leading insurers Car Insuarance PhonePe,55
phonepe,1032563076188301_0,"PhonePe Business Supplier ka udhaar time par chukaol Market mein trust banaye rakhne ke liye Daily repayment shuru Sirf {25/day"" se. Get Loan UDLE",146
phonepe,1037086292237237_0,"HsC Apply PhonePe Business 3144 747i * 48 %i;, d4rad5 & d8 78 4-31a MA 347, 7i11 87,00,000 dw5 %1",97
phonepe,1041082892243119_0,No cash? No probleml Bas scan aur pay karo with PhonePe.,56
phonepe,1041756301545899_0,"Data khatam hone wala hai? Mobile turant recharge karo on PhonePel ""AI Genetated",80
phonepe,1044931034774943_0,Choose from 15+ leading insurers Car Insuarance PhonePe,55
phonepe,1046416298034545_0,"U0"" PhonePe 371454 44 78 & t1s &1a Tai 75,00,000 7q5 *5T y-3ye &iF9IQ",69
phonepe,1048116778177293_0,Location aur data dono gone? Get instant recharge on PhonePe. Al Generated Imagery,82
phonepe,1050715260623318_0,"One App, Many Transfers Send to anyone, anytime -Ger #raled""' PhonePe",69
phonepe,1050715260623318_1,"To Friends- Split bills, share joy: a-Ger #raled'",49
phonepe,1050715260623318_2,To Family Support loved ones when needed: Kacenartted',54
phonepe,1050715260623318_3,"To Merchants Pay nearby shops and services_ A-Genctlcd""",55
phonepe,1050715260623318_4,To Househelps Transfer monthly salary easily: -Ger #raled',58
phonepe,1050715260623318_5,"To Contacts Owe money? Send in seconds: W-Ger #raled""",53
phonepe,1050715260623318_6,Instant: Safe. Secure. PhonePe Download Now GET IT ON Google Play Download on App Store a-Ger #raled',101
phonepe,1058688043220135_0,Having a hard time getting a loan? Get a personal Ioan up to ?10 Lakh PhonePe easily at home Loans,98
phonepe,1060495723082768_0,"Ike4 PhonePe Business Ditch the paperwork Not your dreams. Pre-; -approved loan offer of up to =7,00,000",104
phonepe,1067531792621523_0,Pay seamlessly online; in-store Or On the go with your PhonePe SBI Credit Card  rowtard? 5% Onine spends 1% roward: other spends (Ptoneer Icard,143
phonepe,1093727566323031_0,"""T82 Apply PhonePe Get a personal Ioan in 2 minutes Tap. Approved: Done",71
phonepe,1239078134968836_0,"Naa balance khatam ho, naa baatien: Recharge in seconds PhonePe Mobile recharge successfull Gencaled",100
phonepe,1253546053392091_0,PhonePe 1CRORE+ INDIANS choose us for insurance Get Car Insurance,65
phonepe,1257693526317414_0,"Save up to 73,000 on Car Insurance renewal Car Insuarance PhonePe",65
phonepe,1288674656801964_0,All Bills: One App. Pay 25+ bills: PhonePe Pay bills LCCa Dcn Powered by Bharat Connect Oinnain,95
phonepe,1301535042065179_0,"Data khatam hone wala hai? Mobile turant recharge karo on PhonePel ""AI Genetated",80
phonepe,1318406176723569_0,Location aur data dono gone? Get instant recharge on PhonePe. Al Generated Imagery,82
phonepe,1335886741856113_0,Make the smart choices SAVE UP TO 23000 Car Insuarance PhonePe,62
phonepe,1339037741069979_0,Choose from 15+ leading insurers Car Insuarance PhonePe,55
phonepe,1342736057283009_0,Make the smart choices SAVE UP TO 23000 Car Insuarance PhonePe,62
phonepe,1353368366607371_0,"Data khatam hone wala hai? Mobile turant recharge karo on PhonePel ""AI Genetated",80
phonepe,1353685780228682_0,PhonePe Choose from 15+ Car Insurers in one place,49
phonepe,1364816898898785_0,One app: Lightning-fast transfers: Send money to any Bank Account in secondsl NUnt,82
phonepe,1365546525520336_0,"Cover what matters health, home, life & more Get 10%8"" back evcry tlmc you pay for insurance with your PhonePe SBI Credit Card: @f Sblcard Ricnere ascard",153
phonepe,1380517473987993_0,"Data khatam hone wala hai? Mobile turant recharge karo on PhonePel ""AI Genetated",80
phonepe,1385003503503947_0,"FTSC Acply PhonePe Business fror MT4R 4-31cs MA 3/47, a1f <7,00,000 d25 %T",74
phonepe,1392816989370055_0,Browse 15+ leading insurers Car Insuarance PhonePe,50
phonepe,1410548764328442_0,6585 032o36 5830 ~aue)_D080r3s80] Oenjos 53638} Jtod {10 @Se PhonePe #o5 00y*8 &s5 @rodod_ Loans,96
phonepe,1417919693726353_0,"Cachcha hain tu mera, jaa 1Ors Se gold mein Save kar PhonePe ""NGTr",66
phonepe,1421578129779355_0,"Distance shouldn't matter: Transfer money from anywhere in seconds! PhonePe PhoncPe 82,000 Genona {2,000",104
phonepe,1432477408690410_0,"Save up to 73,000*on Car Insurance renewal Car Insuarance PhonePe",65
phonepe,1461467029080786_0,Forget failures: Just Scan & Pay for uninterrupted payments? PhonePe Hennt,74
phonepe,1466791555255052_0,"Your go-to credit card for everyday rewards Earn 10%"" reward points on each spend with PhonePe SBI Credit Card  PhontP osblcard",127
phonepe,1524804205967999_0,"PhonePe Make UPI Payments in a blink anytime, anywherel PhonePe Download App UZ",79
phonepe,1527641372181750_0,Make the smart choice. SAVE UP TO ?3000 Car Insuarance PhonePe,62
phonepe,1534679275077371_0,PhonePe Insurance trusted by 1CRORE+ INDIANS Get Car Insurance,62
phonepe,1538467944617997_0,"Save up to 73,000 on Car Insurance renewal Car Insuarance PhonePe",65
phonepe,1538827771277165_0,Love faster checkouts? Just scan & pay with PhonePel Phoncpe Lro,64
phonepe,1545118910617871_0,PhonePe Searching for Car Insurance? Easily compare options from 15+ Insurers,77
phonepe,1551296613101788_0,Choose from 15+ leading insurers Car Insuarance PhonePe,55
phonepe,1551758633060166_0,"WE'7 PhonePe Business d16 37454 4578? @1s &ia 78 ! {7,00,000 75 <T si-3 &l- 4i",78
phonepe,1555935372907855_0,"PhonePe Get up to 83,000 off on your Car Insurance renewal",58
phonepe,1558910322450710_0,Browse 15+ leading insurers Car Insuarance PhonePe,50
phonepe,1565876771655144_0,"""T82 Apply PhonePe 2 fH # QxaaT * 41 24 d1 HdaT 4IRI &} T4T",59
phonepe,1579474637106895_0,"Lunch ka bill ho ya cab ka fare Split Bills  Instantly} PhonePe 71,250 selsuctiit 7416 67 {416-07 Fritnd 1 7416 66 Fricnd ? HhAD AlI Settledl  Tronts lorgplbn, Ihotutaleo",170
phonepe,1585654416481287_0,"FTa c Apply PhonePe Yf-at MT en Raat got 75,00,000 dq5 & 4-3c3 &Il- 397",71
phonepe,1586949489583714_0,Gold savings that fit every pocket: Starting at F10/day: (PurE 99 9% GOLD Go4beh noanno Eround JLalaeeo tcin ton Dadatl aec TCan,128
phonepe,1591303329082665_0,"Cachcha hain tu mera, jaa 1Ors Se gold mein Save kar PhonePe ""NGTr",66
phonepe,1602193774955153_0,Browse 15+ leading insurers Car Insuarance PhonePe,50
phonepe,1608184286931104_0,Location aur data dono gone? Get instant recharge on PhonePe. Al Generated Imagery,82
phonepe,1656453562088153_0,PhonePe Business Apni Kirana badhao up to 27 Lakh Business Loan ke saath: Dukaan ka naya Gaaman Iaane tensionl Tute,115
phonepe,1672553177147687_0,100% dual wfahyT & daa-4g*| 77 Jtr da &7 abrnth,47
phonepe,1691978805185237_0,Data khatam? Instantly recharge karo on PhonePe,47
phonepe,1728411801640994_0,"""T82 Apply PhonePe 2a*exre0, arJe ~e3pecs ecoba e32sc52 @. e92j)cs e37u3a, e9ege",80
phonepe,1730066088019323_0,PhonePe Choose from 15+ Car Insurers in one place,49
phonepe,1742289796975030_0,Your growth shouldn't be on hold: Finance upskilling with instant loans PhonePe,79
phonepe,1743164137109374_0,PhonePe 1CRORE+ INDIANS choose us for insurance Get Car Insurance,65
phonepe,1786009266102027_0,Say No to Dropped Calls & Paused Services! -G nenien?,53
phonepe,1786009266102027_1,Recharge in Just a Few Taps Skip the hassle & instantly renew your mobile plan: 9.41 Jl ? Mclale Number 9876543210 Browsc Plans Proceed to Recharge CE Ae enne Rerent Recharnee PhonePe Recharge,192
phonepe,1786009266102027_2,Never Miss a Due Date Again Enjoy auto reminders! PhonePe now Recharge Reminder Your prepaid plan is due tomorrow: Recharge Now PhonePe Best Plans for You 8299 GBIDay 28 Days Unlimited Calls Recharge 4i-Geneicne,211
phonepe,1786009266102027_3,Stay Connected Without 9.41 Interruptions PhonePe Recharge Successful Enjoy unlimited connectivityl View Details M-Eentan,121
phonepe,1786871332512797_0,"FTa c Apply PhonePe Personal loan Wedding Travel Emergency Pre-approved Ioan offer up to 5,00,000",97
phonepe,1795328248549103_0,Say goodbye to 8500 airport coffee PhoncPe Complimentary* Lounge Visits PhonePe SBI Credit Card cacl Ta-denenle (card,117
phonepe,1803264377515612_0,"PhonePe Business Delivery commission Se pareshan? Apni bike ya van ke liye pao <7,00,000 tak ka loan: No Income proof required View Offer TeennneLornnattnnenentcudt Ptnniedune Feentan",183
phonepe,1811346713578196_0,"PhonePe Make UPI Payments in a blink anytime, anywherel PhonePe Download App UZ",79
phonepe,1819010869464263_0,"""T8c Apply PhonePe sidyieq Bls & 3144 44ai *1 78f1 75,00,000 dd & 9-3c vil7 397",79
phonepe,1844909650225361_0,"""TRC Appiy PhonePe Business Get a business Ioan Repayments starting at just <25/day""",84
phonepe,1892137898128971_0,"PhonePe Car Insurance renewal? Save up to 83,000",48
phonepe,1951308492251813_0,"PhonePe Renew your Car Insurance Save up to 83,000",50
phonepe,1954550931900073_0,"Distance shouldn't matter: Transfer money from anywhere in seconds! PhonePe PhoncPe 82,000 Genona {2,000",104
phonepe,1962067761340829_0,PhonePe Transfer Money instantly from your Bank Account Link Account Paid ReceiEo PhoncPc,89
phonepe,1989067408412530_0,"PhonePe Business No Paperwork, No Waitingl Instant <7 Lakh tak ka loan aapke business ke liye. No income proof required_ View Offer Teciree Leardo cllctobredertre MaCu uuntt Wenicnnetnnc Dobrcr Deete ntde",204
phonepe,1990282484931545_0,"Save up to 73,000*on Car Insurance renewal Car Insuarance PhonePe",65
phonepe,2022161845102131_0,"""TSC Acply PhonePe Business Get a business Ioan: Pre-approved offer up to <7,00,000",83
phonepe,2036596430547411_0,Location aur data dono gone? Get instant recharge on PhonePe. Al Generated Imagery,82
phonepe,2039949083550740_0,Loan approval ke liye itna paseena mat bahaaiye ?10 Lakh tak personal Ioan PhonePe ghar baithe paaiye Loans,107
phonepe,2062269184376231_0,"Get up to ?5,00,000 7 Instant loan approvals Quick disbursal: PhonePe JcAat",75
phonepe,2069039297009324_0,"Pay with WALLET get 5 uP to {2% CASHBACK PaiGcndroldo Tecarry""",62
phonepe,2075872819718265_0,PhonePe 1CRORE+ INDIANS trust us for hassle-free insurance Get Car Insurance,76
phonepe,2191363984768103_0,All Bills: One App. Pay 25+ bills: PhonePe Pay bills LCCa Dcn Powered by Bharat Connect Oinnain,95
phonepe,2220164192089640_0,70 Crore Indians trust PhonePel Join them now: PhonePe,54
phonepe,2240815190072553_0,"FTa c Apply PhonePe Yf-at MT en Raat got 75,00,000 dq5 & 4-3c3 &Il- 397",71
phonepe,2249083952523203_0,"PhonePe Business Business badhao bina tension kel Pao ?7,00,000 tak ka loan: Aqu Aqul Aqualite 100% digital Direct transfer Get Loan (r Daily repayment shuru sirf <25/day* se AetaeLenaetetteteno Snn Aqalito",206
phonepe,2263033574522286_0,Loan approval taking too much effort? Get a personal Ioan up to 210 Lakh PhonePe in 2 minutes Loans,99
phonepe,2295686958018849_0,"PhonePe Car Insurance renewal? Save up to 83,000",48
phonepe,2423393144837075_0,PhonePe Searching for Car Insurance? Easily compare options from 15+ Insurers,77
phonepe,2440478336433060_0,"PhonePe Get up to 83,000 off on your Car Insurance renewal",58
phonepe,2464624377389131_0,"Make the smart choice. SAVE UP TO ?3000"" car Insuarance PhonePe",63
phonepe,2466375730440741_0,"PhonePe Save up to 83,000 on Car Insurance renewals",51
phonepe,2472287329939079_0,Browse 15+ leading insurers Car Insuarance PhonePe,50
phonepe,2535004763601219_0,PhonePe Compare plans from 15+ Car Insurers easily,50
phonepe,2553849121716593_0,"Make the smart choice. SAVE UP TO ?3000"" car Insuarance PhonePe",63
phonepe,2603651346762681_0,"PhonePe Save big with up to 73,000 off on Car Insurance renewals",64
phonepe,2687827011619559_0,Save tto 82 ( 0OO on Car Insurance renewal  Car Insuarance PhonePe,66
phonepe,2701552590246304_0,"Lunch ka bill ho ya cab ka fare Split Bills  Instantly} PhonePe 71,250 selsuctiit 7416 67 {416-07 Fritnd 1 7416 66 Fricnd ? HhAD AlI Settledl  Tronts lorgplbn, Ihotutaleo",170
phonepe,27564064483220782_0,"BOARDING DELAAAYED? Not a problem anymore: Phoncpe 4 Complimentary Lounge Visits PhonePe SBI Credit Card FTcaculy ""Al-gererated 'card",133
phonepe,27747961754820717_0,"ME PhonePe Business No income proof? No probleml Get a pre-approved loan up to <7,00,000",88
phonepe,2830069984038711_0,"PhonePe Compare, choose, and save from 15+ Car Insurers",55
phonepe,2987661194959403_0,"Pay with WALLET get 5 uP to {2% CASHBACK PaiGcndroldo Tecarry""",62
phonepe,3227232820998990_0,Transferring money to loved ones? Get instant payment confirmation! PhonePe Payment Succesaful,94
phonepe,3482904305209075_0,"PhonePe Business Apna kirana online le jaol App ya website setup ke liye {7,00,000 tak ka loan pao. 5 Apply now BUY NOW Tnas  Lruurtamijl %Yabunvelete Kattenfrotaendaotaio te tiotn """,182
phonepe,4379754659007623_0,Data khatam? Instantly recharge karo on PhonePe,47
phonepe,4441865236079835_0,PhonePe 1CRORE+ INDIANS trust us for hassle-free insurance Get Car Insurance,76
phonepe,4532849096933844_0,PhonePe Transfer Money instantly from your Bank Account Link Account Paid ReceiEo PhoncPc,89
phonepe,4687790124777573_0,"Your go-to credit card for everyday rewards Earn 10%"" reward points on each spend with PhonePe SBI Credit Card  PhontP osblcard",127
phonepe,4852575654969740_0,24K pure Gold in every budget! Start daily savings with just 810. (PurE 99.9 % GOLD Go4bek ncntanio Ercum Atatlatta aaL UNnlaa E Ican,133
phonepe,803512762849585_0,"""TSC Apply PhonePe Business frNH 7- 4i fqnz %5 fuds <25/fe7"" #",62
phonepe,844026128643485_0,"PhonePe Business Counter par customers ki lambi waiting line? New billing system ke liye {7,00,000 tak ka loan pao_ 100% digital Direct transfer View Offer",155
phonepe,848037424838504_0,"PhonePe Save big with up to 73,000 off on Car Insurance renewals",64
phonepe,865879199447446_0,"Pay with WALLET get 5 uP to {2% CASHBACK PaiGcndroldo Tecarry""",62
phonepe,878455721579606_0,Your next flight deserves a free VIP upgrade. phoncpe Complimentary* Lounge Visits PhonePe SBI Credit Card FTcil JA-gererated (card,131
phonepe,898424019956098_0,PhonePe Compare plans from 15+ Car Insurers easily,50
phonepe,906539689193697_0,"FTa c Apply PhonePe Personal loan Wedding Travel Emergency Pre-approved Ioan offer up to 5,00,000",97
phonepe,910289385438059_0,Make the smart choice. SAVE UP TO ?3000 Car Insuarance PhonePe,62
phonepe,914017375055732_0,PhonePe Insurance trusted by 1CRORE+ INDIANS Get Car Insurance,62
phonepe,914975441634170_0,24K pure Gold in every budget! Start daily savings with just 810. (PurE 99.9 % GOLD Go4bek ncntanio Ercum Atatlatta aaL UNnlaa E Ican,133
phonepe,950141558118512_0,"""T8C Apply PhonePe 803385 865 75,00,000 &65 5-e58 8 865 8936 82 go8foe30 08u85)",79
phonepe,954407247468557_0,No cash? No probleml Bas scan aur pay karo with PhonePe.,56
phonepe,983548387995205_0,"PhonePe Save up to 83,000 on Car Insurance renewals",51
phonepe,995637973281346_0,"PhonePe Compare, choose, and save from 15+ Car Insurers",55
purplle,1000610469479280_0,"ALPS The #1 Hair Growth Spray in India Before After 12 weeks users saw reduction 944757"" 97% hair fall in just weeks SHOP NOW BSOAc ALPS Lovi",141
purplle,1009866144895526_0,Dr Batra s NATURAL ANTI-AGING CREAM Enriched with Oarweed oe AAA ucnneleit Teatectdntneatco,91
purplle,1020985567304591_0,purplle {279 3399 LAKME 9105 LAKME 91o5 CC CC BIG BAUE| 70% OFF,63
purplle,1023320013855889_0,purplle HEART BEAUTY SALE UP To 8026 OFF Starts 5t August Get your favourite product for ONLY 88 SHOP NOW 8230 88 ALPS ROSEAARI WATEF #T&C Offer valid on minimum order value of 2599+,182
purplle,1028943962863360_0,purplle WHY PAY MORE? Viral Lipsticks Kit at 7109 each SHOP NOW,63
purplle,1032731939162096_0,"purplle HEART BEAUTY SALE UP TO 8026 OFF Starts 5"" August Get your favourite product for ONLY 88 SHOP NOW 8225 88 2% KoJic Acid DERMDOC Rcpai brigheons dimanda Honost Science Night CREAM ALLShH TPES #T&C Offer valid on minimum order value of 2599+",247
purplle,1035658749153791_0,purplle Get salon glowing skin without spending over ?599- Pure vitamin € brightens skin deeply: Shop Now 2599 Klpilgrim Only Wmhenno Fhgrm Tenavant,148
purplle,1036418605546480_0,purplle Velvet Mousse Lipstick Glides on in I swipe stays on for 12 hours 02 Badass Berry Doop Burgundy Red MONSOON SALE UPTO 75% OFF 1,135
purplle,1043125438207311_0,purplle 4% NIACINAMIDE ULTRA VIOLET SUNSCREEN IN-VIVO TESTED DERMDOC 465 Macinacide ie aRIGHENANG SUNSCRLDI for bright; protected skin ot MONSOON SALE UPTO 75% OFF,163
purplle,1044157661332702_0,purplle 1 1 L 1 Krolutanic FGa Hyaluronic PGa Minimalist BIG BAUE| 70% OFF,74
purplle,1052785477484771_0,purplle Everything your skin needs: Your 5-in-Ikit atjust <549. Shop Now DERMDOC Mcinawide 2549MRP2799 ~DERMDOC ~oralidoc {DTEKGCE Ecaw,135
purplle,1056294110291877_0,"purplle ALPS India,s st CLINICALLY ROvprax Hair ALPS # H 1 ROSEHARI WATDR Ver #hlen IOOML globa tuaeorcn agency 2025 DYISO ocered MONSOON SALE UPTO 75% OFF",155
purplle,1060183733209493_0,purplle 2% SALICYLIC ACID FACE WASH DERMDOC lengr 289 SALICYLIC AcI) for clear; acne-free skin I20ml FACE WASH MONSOON SALE UPTO 75% OFF,136
purplle,1086257967297669_0,ALPS Fix Hair fall from the Root Powered by Rosemary SHOP NOW Boosts Hair oronrtn Reduesi ALPS ROSEMARY WATeR,109
purplle,1098674676161179_0,TacEs 1,7
purplle,1111494741310573_0,DERMDOC purplle Skin brightening shouldnt cost a fortune Shop now 290 KQJIC ACID DERMDOC Glow FUSIOnFORMULA Htnatnd Wamernn NighT CREAM Hisin tnt,145
purplle,1282294727171222_0,"""Gloli sun 150}",15
purplle,1291150509599370_0,BEAOTY SALE purplle Nbae purplle Super MaTTE Super MOISTURIZING 1 1 HOT HAZEL UP To 80% OFF Starts 5th AUGUST,109
purplle,1299383992381435_0,JOvEES HE RBAL DE- TAN FACE PACK FOR DULL & TANNED SKIN NET VOL. IOOG 3 3,73
purplle,1302150812110544_0,DERMDOC purplle Injust 2 weeksl Before After Check out how,58
purplle,1320248789822686_0,DERMDOC purplle Skin brightening shouldnt cost a fortune Shop now 290 KQJIC ACID DERMDOC Glow FUSIOnFORMULA Htnatnd Wamernn NighT CREAM Hisin tnt,145
purplle,1320395346572984_0,BEAOTY SALE purplle AMMONIA-FREE RM TCRESA 99 Om SOJAT 12 Alps Goooness Halata MaanMae BLACK Sooui 1 Mmlio t 50 g UP To 80% OFF Starts 5th AUGUST,145
purplle,1328029945882566_0,FACESCANADA,11
purplle,1351991663794970_0,6388 ARGAN OIL,14
purplle,1357748193156409_0,purplle Day Day Day Watch my dull skin fade over a seven day routine Flawless vitamin brightness achieved daily. Shop Now Hxp grim MRP: 2370 599 Only,149
purplle,1358753615674086_0,"ALPS The #1 Rosemary Water Spray in India 90% users saw new Hair Growth Mc ALPS Rove 97% users saw reduced Hair Fall SHOP NOW SO Accredited Glob;' RosaJrch Aigengy ROSEMARY WaTeR""",179
purplle,1364171071903515_0,DERMDOC Honest Science  #1 BESTSELLING Niacinamide Serum Highest repeat purchase SHOP NOW DERMDOC Honest Science 10% NIACINAMIDE Helps Teduc blemkhc U Improvtaakinihcalth FACE SERUM,181
purplle,1366073105633885_0,"FACES TCEH CUAR GlO "" Kae Up Rrrtknt Woa",40
purplle,1371555201568616_0,ALPS Visible Hair Growth in 12 weeks ROSEMARY WATER ALPS BEFORD AFTER 1EEKS 7230/ - SHOP NOW,92
purplle,1375739891327908_0,ALPS Visible Hair Growth in 12 weeks ROSEMARY WATER ALPS BEFORD AFTER 1EEKS 7230/ - SHOP NOW,92
purplle,1376900351197437_0,BEAOTY SALE purplle Nbae purplle Super MaTTE Super MOISTURIZING 1 1 HOT HAZEL UP To 80% OFF Starts 5th AUGUST,109
purplle,1387556029938928_0,purplle HEART BEAUTY SALE UP To 8026 OFF Starts 5t August Get your favourite product for ONLY 88 SHOP NOW 8 8 0 4 8299 88 #T&C Offer valid on minimum order value of 2599+,170
purplle,1400473785318295_0,olem (-luminence GIHCA,22
purplle,1407876168051095_0,,0
purplle,1433799728576161_0,purplle {749 31499 WOMENS 8ko 70% OFF,37
purplle,1461726552276561_0,SuGAP 3 Ia 1 1,14
purplle,1488853912796040_0,,0
purplle,1489371909544404_0,purplle HEART BEAUTY SALE UP To 8026 OFF Starts 5t August Get your favourite products UNDER €199 SHOP NOW 8249 Sali-clhamlde Anti-Acno 2199 Rade Was Za derma,157
purplle,1493927609047291_0,SuGAP 3 Ia 1 1,14
purplle,1500843118036680_0,purplle Sweet & Yumny our NEI LAVNCA FACESCANADA ST AY eh MONSOON SALE UPTO 75% OFF,83
purplle,1501892075021503_0,"1 % NIACINAMIDE 0 . 5% VITAMIN FOAMING FACE WASH DERMDOC Hontst scicnce A4o hiacinAMIdE E 0,509 VtalIC for visibly brighter & clearer skin Boml VaSheae",151
purplle,1524074419031492_0,"ALPS The #1 Hair Growth Spray in India Before After 12 weeks users saw reduction 944757"" 97% hair fall in just weeks SHOP NOW BSOAc ALPS Lovi",141
purplle,1529544891988225_0,"ALPS Visible Hair Growth in 12 weeks ROSEMARY WATER ALPS BEFORE ROSEMaR Wattere AFTER 12 WEEKS MRP 7230/ - Onfa SHOP NOW ""Based on Clinical Study done 2025 by ISO Accredited Global Research Agency",196
purplle,1532782871635056_0,purplle Nbae prplle: % 1 1 1i 2 MONSOON SALE UPTO 75% OFF,57
purplle,1540430871089950_0,purplle Car@ Venille Oce NEW LAUNCH Ui__ LANADA S T A MONSOON SALE UPTO 75% OFF,79
purplle,1557596379195865_0,"purplle BEADRY SALE Wpo 80""0 OFf sclu 5"" AuguS Get vour favourite product Ior ONLY z8 2299 88 285 SHOP NOW ""TEc Oller valid on minimum order value 2599+",152
purplle,1595313388896884_0,ALPS Happy Onam from Alps Goodness Oru Puthiya Thudakam st CLINICALLY India's PROVEN Roscmary- LdtGr Spral ALPS Rosuxnat WateR SHOP NOW,135
purplle,1626974451892927_0,purplle ONE KIT: ENDLESS LOOKS. From Primer t0 Setting Spray: Allin One Kit Shop Nov 42 RATED BY 4000+ USERS Jocp 7649 ALL | NEED Yaecuk,136
purplle,1646153216482100_0,purplle Yght Exuity NEW LAUNCH WR5 S T AY MONSOON SALE UPTO 75% OFF,67
purplle,1672110173790985_0,olem (-luminence GIHCA,22
purplle,1719376412728825_0,purplle FOR DRY SCALP ( Gleansing NEW IMpROvED Sulphaty FREL F8 ALPS NOE VcLiMaazond onl 2 NUL90 Viwtoti 6 0 290 mll MONSOON SALE UPTO 75% OFF,142
purplle,1734733860832660_0,Dr Batra s NATURAL ANTI-AGING CREAM Enriched with Oarweed oe AAA ucnneleit Teatectdntneatco,91
purplle,1745121129948590_0,MRP: {13oo 7899 Only FACES CANADA purplle First impressions: unboxing 8 professional products in 1kit: 8 full size items for *899. Sznture Odettine ~ACES Shop Now,162
purplle,1756736335452112_0,ALPS Visible Hair Growth in 12 weeks ROSEMARY WATER ALPS BEFORD AFTER 1EEKS 7230/ - SHOP NOW,92
purplle,1756882088847656_0,22C9 VLCC NATURAL SCIENCES Diamond Facial Kit ForfkinPol Sanpolnnenaand Get the Parlour like GLOW,97
purplle,1760921008428383_0,"purplle 888488 FRIZZ CONTROL & HEAT PROTECTION, ORGANICALLY HAIR WILL BE HAIRING EVERY DAY juicy chemisly Reduces Frizz, Adds Shine Prolects Irom Heat Damage. cermfied orGame Leave-In HaIA 9p0uuA HEAT pAOTECTAN TOanFED JoJOL4 4 MONSOON SALE UPTO 75% OFF",253
purplle,1780884336663412_0,"purplle ALPS India,s st CLINICALLY ROvprax Hair ALPS # H 1 ROSEHARI WATDR Ver #hlen IOOML globa tuaeorcn agency 2025 DYISO ocered MONSOON SALE UPTO 75% OFF",155
purplle,1937648326879955_0,,0
purplle,1959150761351553_0,FACES HYORO TONEf Aenf Ie,25
purplle,2041407303237074_0,DERMDOC Honest Sclence Your brightening routine is incomplete without the final step Seal in your progress and shield your skin FINISH YOUR ORDER NOW DERMDOC,157
purplle,2146848485890759_0,Step I: Fruity Glow Body Wash Gently cleanses while boosting your natural glow 100 ml; (sxe8/ (GLOW ~Juicy ( 'WASh ~BOdy | PeAC' ~papaya,136
purplle,2146848485890759_1,Step 2: Fruity Glow Body Lotion Nourishes and softens skin with a fruity glow finish II00 ml 986e5 + Papava ~PEACH - Aha E Bha  BODY LOTUCA Exfolating e,152
purplle,2146848485890759_2,"purplle 3 Bodycare Essentials for just 2399 Sa FRUITY GLOW BODY KIT  ""888 WMc Boos IL puach Shop Now",100
purplle,2146848485890759_3,Step 3: Fruity Blossom Perfume Finish your ritual with a lasting fruity fragrance 15 ml DYiRE 1 [ GvorpApaU,107
purplle,2200676290781222_0,purplle My_ smartest 2349 purchase: 2349 7299 R; cESCANADA Midnight SHOP NOW,76
purplle,2244476156364840_0,ALPS The #1 Hair Growth Spray in India After 12 weeks users saw reduction 97%= in hair fall in just weeks SHOP NOW ROSEMARY WATER Jica 'Bacedan Clinical Study done 2025 py ISO Accredited Globa Rosearch Agency Before ALPS 'VEN,225
purplle,2250384442404353_0,ALPS Fix Hair fall from the Root Powered by Rosemary SHOP NOW Boosts Hair oronrtn Reduesi ALPS ROSEMARY WATeR,109
purplle,2282675735881812_0,purplle Makeup Products[Under ?85 From Everyday to Wedding look 8 Products in Makeup Kitl Shop Now 4.2 RATED BY 4000+ USERS 7999 649 1 1 1 Iset ~Nbse Nypze NEED | ALL MAKEUP,173
purplle,2416372735512654_0,purplle tracked my skin skin transformation for seven full days: Three simple steps for glowing skin. Shop Now Day 1 Dy - Day 7 Hen {599 Epllarin,145
purplle,2452910695213910_0,purplle Instant Ubtan Glow Super Light Gel De-Tans Brightens 0 0 V | B E $ Insta Glow UBJAN 200g MONSOON SALE UPTO 75% OFF,122
purplle,2460498357803346_0,SuGAP 3 Ia 1 1,14
purplle,2474986966347274_0,purplle Velvet Mousse Lipstick Glides on in I swipe stays on for 12 hours 02 Badass Berry Doop Burgundy Red MONSOON SALE UPTO 75% OFF 1,135
purplle,2594730644296510_0,"ALUEhC € RfichOKL 3.16 Ahuktoy GARNICR Color naturals Cremeriche NOURISHING MAIR CCl04 1OX AHhONIA Ta NOURISHED HAIR, BETTER COLOR",130
purplle,2746465299044657_0,"purplle W E E K E N D Get Beauty Product * SALE AT % 829g NYbae 21 ONLY 6 i 3 2 3 ""TEC Offer applicable on order above Rs.499",125
purplle,2758841857833577_0,purplle by pplei ALPS GOODNESS p Tolooe Hal lorn + ALL HAIR TYPES FOR  150 ml MONSOON SALE UPTO 75% OFF,103
purplle,27856029747366246_0,,0
purplle,2986615488345333_0,JOvEES HE RBAL DE- TAN FACE PACK FOR DULL & TANNED SKIN NET VOL. IOOG 3 3,73
purplle,3191242794596833_0,,0
purplle,3230009200520370_0,purplle Complete Vitamin € Skincare Kit at Just 2599 SHOP NOW Ipilgrim Brightening Gel FuceWhah Cenchienng Uolu % 3onn,118
purplle,35542658852048358_0,,0
purplle,3612563618898020_0,purplle 4% NIACINAMIDE ULTRA VIOLET SUNSCREEN IN-VIVO TESTED DERMDOC 465 Macinacide ie aRIGHENANG SUNSCRLDI for bright; protected skin ot MONSOON SALE UPTO 75% OFF,163
purplle,3639103059575674_0,"ALPS The #1 Hair Growth Spray in India Before After 12 weeks users saw reduction 944757"" 97% hair fall in just weeks SHOP NOW BSOAc ALPS Lovi",141
purplle,3994751543988045_0,purplle Pocket Pout Collection 6 MINI COMFY MATTE LIPSTICKS FACESCANADA Doxsa Dat 0uchor 1 GMhz MATTE CAMFY Wow LIGHTWEIGHT TRANSFERPROOF ONE SWIPE COLOR MONSOON SALE UPTO 75% OFF,179
purplle,4041407799496706_0,purplle 8828 Kchlc CLEANSER Rice MONSOON SALE UPTO 75% OFF,58
purplle,4388356698096405_0,purplle Your Complete Vitamin € Glow Routine for Just €599 SHOP NOW fpllgrim',77
purplle,4488556318095050_0,purplle 2 E y FACESCANAC VELVET MATTE TrI Packof} Pack of 03 MONSOON SALE UPTO 75% OFF,86
purplle,850420541433973_0,"""Gloli sun 150}",15
purplle,879915288066395_0,WishCare' Me 8 10X pure OLIVE Lo 3 Premum Gualh Ennte9a digla,61
purplle,880026511485844_0,10% NIACINAMIDE FACE   SERUM DERMDOC 1046 NiacimaMiDE for even toned; spotless skin I5ml FACE SERUM,99
purplle,883491761014475_0,DERMDOC purplle Injust 2 weeksl Before After Check out how,58
purplle,896042726893417_0,purplle Trying an innovative 8-in-1 makeup kit for the first time: Get the complete kit for 7899. Shop Now {899 FACES CANADA,124
purplle,898699726615777_0,ENQAIE; DRIZzLE,15
purplle,903158512440218_0,"ALPS The #1 Hair Growth Spray in India Before After 12 weeks users saw reduction 944757"" 97% hair fall in just weeks SHOP NOW BSOAc ALPS Lovi",141
purplle,910206905355036_0,S,1
purplle,915379834912506_0,"purplle 888488 FRIZZ CONTROL & HEAT PROTECTION, ORGANICALLY HAIR WILL BE HAIRING EVERY DAY juicy chemisly Reduces Frizz, Adds Shine Prolects Irom Heat Damage. cermfied orGame Leave-In HaIA 9p0uuA HEAT pAOTECTAN TOanFED JoJOL4 4 MONSOON SALE UPTO 75% OFF",253
purplle,955647540873337_0,BEAOTY SALE purplle ALPS GOODNESS Wiss Iovi E DRAGON ERUIT - 0 Drachenfrucht Htooltt 'deaaitrnd Veaeni ce idtaltld Aeanatnit EEaoc Heii UP To 80% OFF Starts 5th AUGUST,167
purplle,975616181491579_0,"purplle Get Your Favourite Products Weekend Only forcD SALE 2300 1 H 1 9 88 L Shc Buteeenna Aniniceenn ""TEC Offer valid for minimum order value of ?499 and above",161
purplle,991962130218113_0,purplle Makeup ProductsUnder ?85 From Everyday to Wedding look: 8 Products in Makeup Kitl Shop Now ARAIED 4ppl UsERS Jadd 7649 -I NEED | ALL Sneur 8,148
slice,1024620183692828_0,slice Buk Turn spends into spark with every UPI credit card transaction cGshbock Earn weekly cashback LarasT on brands you love Lahjcr Oe Gulzo Cunoo DtemI,155
slice,1569726924748193_0,r0 Joining fee Lifetime free super slicer Get the slice UPI credit card at zero cost slice,90
slice,1678813686708627_0,slice Buk Turn spends into spark with every UPI credit card transaction cGshbock Earn weekly cashback LarasT on brands you love Lahjcr Oe Gulzo Cunoo DtemI,155
slice,1736264214167964_0,"Earn monies up to 3% 35,15,800 cashback Get rewards on every UPI payment with slice credit 810,230 card slice RtWorile # Redoden",128
slice,1736264214167964_1,Instant card slice super card Buit tor vetyday Parmenta UPI oct? Credi approval Apply in minutes and start using your card right away Ucino Pe Entn UA {0 6[ slice centinud,171
slice,1736264214167964_2,Lifetime free card No joining fee_ No annual fee: No hidden charges: super slicer Scnt LED Ored slice skco Te,109
slice,1736264214167964_3,"Split dues payini Amazon Incia Hned into 3no- Kta,OCo JConi IoDCd D Moceit cost EMIs 7a dao umt Kalo tik Setl 0157 Convert your monthly bill 143n into 3 interest-free EMIs slice Continue ~Toj F lnstan Ciceclalln",211
slice,1736264214167964_4,Pay via UPI Use credit: Scan any QR and pay using your slice credit card super slicer slice,91
slice,1775863406938685_0,slice UPI that pays you back Scan any QR: Pay with credit. Earn cashback: Get the card now tudor Jcu,100
slice,1969036883798999_0,slice Lifetime free slice UPI credit card Utility bills made rewarding Earn on every payment Zero platform fees Apply now super - sicer,135
slice,2425144947976879_0,slice Spend 310 or 31000 Get up to 3% cashback on every UPI payment Apply now SFlY Hee Ce Me,92
slice,2519092665204153_0,Lifetime free card No joining fee_ No annual fee: No hidden charges: super slicer Sanun LD OR coJo slice Orat Oann slice,120
snitch,1001354099257265_0,,0
snitch,1006364452288934_0,,0
snitch,1024092640449639_0,#STCH NEW ARRIVAL C 0 L L E C T | 0 N Raw Edge Olive T-Shirt 2599,65
snitch,1025495053589907_0,#SNITCH PLUS MOVE IN STYLE JEANS FOR EVERY OCCASION SHOP NOW,60
snitch,1025495053589907_1,Light Blue Slim Fit Plus Size Jeans 21789 DRIP FOR ALL DAYS:,60
snitch,1025495053589907_2,Slim Fit Washed Stretch Plus Size Jeans 21049 FOR THE OUTDOORS:,63
snitch,1025495053589907_3,Slim Fit Stretch Plus Size Jeans 22099 EFFORTLESSLY STYLISH:,60
snitch,1025495053589907_4,Slim Fit Stretch Plus Size Jeans 22099 EFFORTLESSLY STYLISH:,60
snitch,1029325816648645_0,,0
snitch,1034135782587776_0,SniTCH The Blue Paisley Shirt Cuban collar Oversized fit Breathable fabric Lightweight feel PERFECT FOR YOUR NEXT GETAWAY,121
snitch,1035166788755374_0,,0
snitch,1038068058729702_0,,0
snitch,1043223361363518_0,,0
snitch,1043802705290932_0,,0
snitch,1043802705290932_1,,0
snitch,1043802705290932_2,T H E R E € E | P T $,21
snitch,1043802705290932_3,T H E R E € E | P T $,21
snitch,1043802705290932_4,H E R E € E | P T $ 35,22
snitch,1049081067584544_0,,0
snitch,1053109910916851_0,SnITCH The Green Palm Shirt Cuban collar Oversized fit Breathable fabric Lightweight feel PERFECT FOR YOUR NEXT GETAWAY:,120
snitch,1115377023744510_0,,0
snitch,1116170177264255_0,SNITCH White Textured Regular Fit Plus Size Shirt Effortless sophistication for every frame: SHOP NOW,101
snitch,1116170177264255_1,SNITCH Black Textured Regular Fit Plus Size Shirt Up to 20% OFF SHOP NOW,72
snitch,1116170177264255_2,#SNITCH Brown Textured Regular Fit Plus Size Shirt SHOP NoW,59
snitch,1116170177264255_3,SNITCH New Shirt Collection Crafted in premium textured cotton with versatile relaxed fit UP TO 20% OFF,103
snitch,1116170177264255_4,# SNITCH CRUSHED PLUS SIZE SHIRT Up to 20% OFF SHOP NOW,55
snitch,1192264582741943_0,,0
snitch,1300775425442423_0,SNITCH Lucia Teal Plain Plus Size Shirts Refined Comfort: Effortless Style; SHOP NOW,84
snitch,1300775425442423_1,SNITCH 100% Cotton Mandarin Stripes Plus Size Shirt Effortless style and comfort: The perfect fit for every occasion: SHOP NOW,126
snitch,1300775425442423_2,#SNiTCH BLUE ELBOW PATCH PLUS SIZE SHIRT SHOP NOW,49
snitch,1300775425442423_3,# SNITCH MAUVE ELBOW PATCH PLUS SIZE SHIRT UP TO 20% OFF SHOP NOW,65
snitch,1300775425442423_4,# SNITCH Regular Fit Stretch Plus Size Kurta Shirt Effortless style and comfort for every occasion: SHOP NOW,108
snitch,1311123727633406_0,SNITCH PREMIUM EDIT Crafted in premium textured cotton with a versatile relaxed fit. UP TO 20% OFF,98
snitch,1311123727633406_1,Regular Fit Textured Black Plus Size Polo T-Shirt SHOP NOW #SNITCH,66
snitch,1311123727633406_2,SNITCH 100% Cotton Plus Size T-Shirt SHOP NOW,45
snitch,1311123727633406_3,SNITCH OLIVE TEXTURED REGULAR FIT PLUS SIZE SHIRT UP TO 20% OFF SHOP NOW,72
snitch,1311123727633406_4,# SNITCH LINEN BLEND STRIPES PLUS SIZE MANDARIN SHIRT Up to 20% OFF SHOP NOW,76
snitch,1331834351806818_0,,0
snitch,1361370922872718_0,#SNITCH Raw Edge Mint Green T-Shirt 8599,40
snitch,1361652675488608_0,SniTCH ABST RACT print shirts Cuban collar Oversized fit Breathable fabric now at 71199,87
snitch,1370578425037907_0,,0
snitch,1378794464393291_0,SnITCH ABST RACT print shirts Cuban collar Oversized fit Breathable fabric now at F1199,87
snitch,1383168913746719_0,#otottak FRIDAYS: NewthiS WEEK '8oko8toF,40
snitch,1383168913746719_1,LOOK OUT OF OFFICE FRIBAYS: Hs,30
snitch,1383168913746719_2,FRIBAYS: NeWTHIS KennQuTQF aeeb worth thet2,43
snitch,1383168913746719_3,8PK8C.2F LOOK = FRIBAYS: IwWThIS,32
snitch,1383168913746719_4,Ela eneof  ' VThiS W,20
snitch,1383168913746719_5,8PK8C.2F LOOK  FRIBAYS: NEW ThIS WEEK,37
snitch,1402080988490415_0,SnITCH ABST RACT print Cuban collar Oversized fit Breathable fabric Shirts at {1199,83
snitch,1407720237858157_0,,0
snitch,1421173329875401_0,"SnITCH The Monochrome Bandana Shirt Cuban collar Oversized fit Breathable fabric Lightweight feel DRAPES LIKE LINEN, BREATHES BETTER 70333",138
snitch,1454420452941167_0,SNITCH REGULAR FIT SELF DESIGN PLUS SIZE SHIRT SHOP NOW,55
snitch,1464381778620018_0,,0
snitch,1505907187519905_0,BUY 3 @ 2499 TOP WEAR,21
snitch,1506244850739205_0,,0
snitch,1518291536437122_0,,0
snitch,1522433098924285_0,,0
snitch,1524213149502313_0,,0
snitch,1562332002343871_0,For E FRIDAYS: LoO OUIOF OFFICE NEW This  Wveek,47
snitch,1562332002343871_1,LOOK OUT OF OFFICE FRIBAYS: NEW ThIS WEEK,41
snitch,1562332002343871_2,8PK98.2F LOOK = FRIBAYS: NEW ThiS WEEK,38
snitch,1562332002343871_3,LOOK OUT OF OFFICE FRIBAYS: EiCCEd WEEK,39
snitch,1562332002343871_4,LOOK OUT OF OFFICE FRIBAYS: NEW ThIS WEEK,41
snitch,1562332002343871_5,LOOK OUT OF OFFICE FRIBAYS: NEW ThIS WEEK,41
snitch,1568564181438153_0,OPKICEDF Look FRIDAYS: New This Week 00 000 000 - 000 000.,58
snitch,1568564181438153_1,LOOK OUT OF OFFICE FRIBAYS: This WEI,36
snitch,1568564181438153_2,LOOK OUT OF OFFICE FRIBAYS: NEWE,32
snitch,1568564181438153_3,LOOK OUT OF OFFICE FRIBAYS: NEW ThIS WEEK,41
snitch,1568564181438153_4,FRIBAYS: NEW ThIS WEEK '8P1F982F,32
snitch,1568564181438153_5,LOOK OUT OF OFFICE FRIBAYS: NEW ThIS WEEK,41
snitch,1578206403801079_0,SNITCH Light Beige Stripes Polo T-Shirt ? 1299 NOW RESTOCKED,60
snitch,1582140089961653_0,LOOK OUT OF OFFICE FRIDAYS: Ne) ThIs WWEEK,42
snitch,1582140089961653_1,8PK8C.2F LOOK  FRIBAYS: NEW ThIS WEEK,37
snitch,1582140089961653_2,8PK9C.2F LOOK = FRIBAYS: NEW ThIS WEEK,38
snitch,1582140089961653_3,LOOK OUT OF OFFICE FRIBAYS: NEW ThIS WEEK,41
snitch,1582140089961653_4,LOOK OUT OF OFFICE FRIBAYS: NEW ThIS WEEK,41
snitch,1582140089961653_5,LOOK OUT OF OFFICE FRIBAYS: NEW ThIS WEEK,41
snitch,1607130894341861_0,SNITCH Knitted Zipper Polo T-Shirt 1409 NOW RESTOCKED,53
snitch,1631029091774054_0,SnITCH The Sage Abstract Shirt Cuban collar Oversized fit Breathable fabric Lightweight feel YOUR GO-TO CHOICE FOR RELAXED OUTINGS,130
snitch,1636708751186138_0,SnITCH The Blue Tie-Dye Shirt Cuban collar Oversized fit Breathable fabric Lightweight feel YOUR GO-TO CHOICE FOR RELAXED OUTINGS,129
snitch,1647804689651084_0,SNITCH PREMIUM EDIT Crafted in premium textured knit with a versatile relaxed fit,81
snitch,1649876299572961_0,,0
snitch,1662959724773797_0,,0
snitch,1688933078845839_0,,0
snitch,1688933078845839_1,,0
snitch,1688933078845839_2,,0
snitch,1688933078845839_3,,0
snitch,1688933078845839_4,JHIHTV,6
snitch,1688933078845839_5,,0
snitch,1688933078845839_6,,0
snitch,1688933078845839_7,,0
snitch,1689696275693189_0,,0
snitch,1696411854990130_0,,0
snitch,1700256424747348_0,# SNITCH Plus Size Stretch Regular Fit Shirt Up to 20% OFF SHOP NOW,67
snitch,1729654785122440_0,,0
snitch,1752944262403358_0,1% 0 : 8 LoOK QUT OF OFFICE FRIDAYS: NeWthiS WEEK,49
snitch,1752944262403358_1,8PK8C.2F LOOK = FRIBAYS: HIS,28
snitch,1752944262403358_2,OK OUT OF 'FICE FRIBAYS: FHI,28
snitch,1752944262403358_3,1K0  t; LOOK OUT OF OFFICE FRIBAYS,34
snitch,1752944262403358_4,LOOKOutOF OFFICE: CRIBAYS; IWThiS EEI,37
snitch,1752944262403358_5,LOOK OUT OF OFFICE FRIBAYS: NEW ThIS WEEK,41
snitch,1858924091361484_0,,0
snitch,1858924091361484_1,,0
snitch,1858924091361484_2,,0
snitch,1858924091361484_3,,0
snitch,1858924091361484_4,,0
snitch,1858924091361484_5,,0
snitch,1858924091361484_6,,0
snitch,1858924091361484_7,,0
snitch,1858924091361484_8,,0
snitch,1858924091361484_9,,0
snitch,1869710863991093_0,,0
snitch,1901397390402180_0,,0
snitch,1944961462857788_0,,0
snitch,1945150052857015_0,,0
snitch,1959703848075608_0,Folhe FRIDAYS LOOK OUT OF OFFICE New thiS WEEK,46
snitch,1959703848075608_1,8PK98.2F LOOK  FRIBAYS:,23
snitch,1959703848075608_2,KOUT OF CE FRIBE ThIS WEEK,26
snitch,1959703848075608_3,LOOK OUT OF OFFICE FRIBAYS,26
snitch,1959703848075608_4,DAYS  NEW ThIS 39 %,19
snitch,1959703848075608_5,LOOK OUT OF OFFICE FRIBAYS: NEW ThIS WEEK,41
snitch,1994099417973534_0,,0
snitch,2018435128773706_0,,0
snitch,2131847000902374_0,SNITCH NEW SHIRT COLLECTION Crafted in premium textured cotton with a versatile relaxed fit: UP TO 20% OFF,106
snitch,2131847000902374_1,SNITCH 100% Cotton Stripes Plus Size Shirt Effortless style and superior comfort for every frame: SHOP NOW,106
snitch,2131847000902374_2,#SNITCH 100% COTTON STRIPES PLUS SIZE SHIRT SHOP NOW,52
snitch,2131847000902374_3,#SNITCH 100% Cotton Plus Size Shirt Up to 20% OFF SHOP NOW,58
snitch,2131847000902374_4,#SNiTCH 100% Cotton Plus Size Shirt SHOPNoy,43
snitch,2179133126280421_0,FoRTHE FRIDAYS: OPKOCEDF LoOk NEW HiS WEEK,42
snitch,2179133126280421_1,LOOK OUT OF OFFICE FRIBAYS: NEW ThIS WEF,40
snitch,2179133126280421_2,LOOK OUT OF OFFICE FRIBAYS: NEW THIS WEEK,41
snitch,2179133126280421_3,OPK8C.2F LOOK  FRIBAYS: NEW TK IWEEK,36
snitch,2179133126280421_4,'8PF88.2F LOQI FRIBAYS: NEW ThIS WEEK,37
snitch,2179133126280421_5,LOOK OUT OF OFFICE FRIBAYS: NEW ThIS WEEK,41
snitch,2184315149076735_0,,0
snitch,2196323177869491_0,,0
snitch,2252841295546894_0,,0
snitch,2287212292095051_0,FOR THE FRIDAYS: LOOK OU 0F OFFICE. New this WeeK,49
snitch,2287212292095051_1,8PK8C.2F LOOK = FRIBAYS:,24
snitch,2287212292095051_2,OOK OUT OF FICE FRIbAv NEW ThIS WEEK o6726,42
snitch,2287212292095051_3,'8PK8C.2F LOOK = FRIBAYS: ThIS WE,33
snitch,2287212292095051_4,L VEW ThIS WE i,15
snitch,2287212292095051_5,LOOK OUT OF OFFICE FRIBAYS: NEW ThIS WEEK,41
snitch,2309406363222955_0,SNITCH Our bestselling polos Crafted in premium textured cotton with a versatile relaxed fit:,93
snitch,2358783691532315_0,,0
snitch,24249075368066677_0,,0
snitch,2452636161854177_0,,0
snitch,2519752841835710_0,,0
snitch,2581816672254353_0,Nel Month Newe Wardjobie Umbc Ilavabla Deal Snitch OJunsct Gfectcty THIS GEIZ Omti; PAYDAY ?2499,96
snitch,2588448371610689_0,$ 8,3
snitch,27848936294733268_0,SniTCH The Navy Floral Shirt Cuban collar Oversized fit Breathable fabric Lightweight feel BOLD IN PRINT EASY IN WEAR,117
snitch,2845393562486511_0,SnITCH LOUDe PRINT quiet price Cuban collar Oversized fit Breathable fabric Shirts at F1199,91
snitch,3052525014940500_0,SNITCH The Coastal Abstract Shirt Cuban collar Oversized fit Breathable fabric Lightweight feel ABSTRACT PRINTS THAT DO THE TALKING FOR YOU.,140
snitch,3597753700362811_0,FOR THE FRIDAYS New thiS WeEK 'OPKOC19F,39
snitch,3597753700362811_1,8PK98.2F LOOK  FRIBAYS:,23
snitch,3597753700362811_2,FRTte WEEL Fe,13
snitch,3597753700362811_3,LOOK OUT OF OFFICE FRIBAYS,26
snitch,3597753700362811_4,~ EWThiS 4!,11
snitch,3597753700362811_5,8PK8C.2F LOOK  FRIBAYS: NEW ThIS WEEK,37
snitch,3956951551270904_0,SNITCH REGULAR FIT SELF DESIGN PLUS SIZE SHIRT SHOP NOW,55
snitch,4388268314768659_0,SNITCH BESTSELLERS RESTOCKEDL Jeans starting at <1999,53
snitch,4711300805783304_0,shitch PAYDAY DEALS SHIRTS Ip  40 %f Sut Ficch Loak Friah,57
snitch,836914242697923_0,#SNITCH LUCIA RUST PLAIN PLUS SHIRTS UP TO 20% OFF SHOP NOW,59
snitch,836914242697923_1,$# SNITCH T Requllar Fi Trentuled CreamiPlus Size Palle T-shimt SHOP NOw,72
snitch,836914242697923_2,SNITCH Lucia Grey Plain Plus Size Shirts Effortless style for every build. The perfect fit: SHOP NOW,100
snitch,836914242697923_3,"SNITCH NEW SHIRT COLLECTION Crafted in premium textured cotton with a versatile relaxed fit, UP TO 20% OFF",106
snitch,836914242697923_4,SNITCH Linen Blend Stripes Plus Size Mandarin Shirt Effortless style for the refined gentleman: Breathable comfort; impeccable fit: SHOP NOw,140
snitch,878514088352711_0,New Month; Neter Wardtobe Umbelievable Deal. Shuch THIS Olos PAYDAY <2499,73
snitch,886430707692212_0,# SNITCH Linen Blend Stripes Plus Size Mandarin Shirt Up to 20% OFF SHOP NOW,76
snitch,886430707692212_1,SNITCH NEW SHIRT COLLECTION Crafted in premium textured cotton with a versatile relaxed fit. UP TO 20% OFF,106
snitch,886430707692212_2,#SNITCH LINEN BLEND STRIPES PLUS SIZE MANDARIN SHIRT SHOP NOw,61
snitch,886430707692212_3,#SNITCH REGULAR FIT STRETCH PLUS SIZE KURTA SHIRT SHOP NOw,58
snitch,886430707692212_4,SNITCH Regular Fit Stretch Plus Size Kurta Shirt Effortless style and superior comfort for every occasion: SHOP NOW,115
snitch,891559633561659_0,FOR THE FRIDAYS: LooK OUT OF OFFICE New ThIs WeeK,49
snitch,891559633561659_1,8PK8C.2F LOOK = FRIBAYS:,24
snitch,891559633561659_2,LOOK OUT OF OFFICE FRIBAYS: NEW ThiS WEEK bexhl bhna,52
snitch,891559633561659_3,LOOK OUT OF OFFICE FRIBAYS: NEW ThIS WEEK,41
snitch,891559633561659_4,Hm FRIBAYS: LOOK OUT OF OFFICE NEW ThiS WEEK,44
snitch,891559633561659_5,LOOK OUT OF OFFICE FRIBAYS: NEW ThIS WEEK,41
snitch,909859818792884_0,,0
snitch,929597526140678_0,# SNITCH LINING DARK BLUE STRIPES PLUS SIZE SHIRTS Up to 20% OFF SHOP NOW,73
snitch,929597526140678_1,# SNITCH New Shirt Collection Crafted in premium textured cotton with a versatile relaxed fit UP T0 20% @FF,107
snitch,929597526140678_2,#SNITCH LINING BLACK STRIPES PLUS SIZE SHIRTS UP TO 20% OFF SHOP NOW,68
snitch,929597526140678_3,# SNITCH DARK BEIGE SOLID REGULAR FIT PLUS SIZE SHIRT UP To 20% OFF SHOP NOW,76
snitch,929597526140678_4,SNITCH LINING WHITE STRIPES PLUS SIZE SHIRTS SHOP NOW,53
snitch,966999308986981_0,"SNITCH Black Elbow Patch Plus Size Shirt Effortless style;, exceptional fit for the modern man SHOP NOW",103
snitch,966999308986981_1,#SNiTCH OLIVE ELBOW PATCH PLUS SIZE SHIRT SHOP Now,50
snitch,966999308986981_2,SNITCH ^ .n.ls ... SHOP NOw,27
snitch,966999308986981_3,"SNITCH Premium Edit Crafted in premium textured cotton with a versatile relaxed fit, UP TO 20% OFF",98
snitch,966999308986981_4,#SNITCH MAROON TEXTURED REGULAR FIT PLUS SIZE SHIRT UP TO 20% OFF SHOP NOW,74
spotify_india,1017110724283309_0,Bhojpuri gaanabaji ta speaker hiljaayi TryHotHitsBhojpuritoday Discover on Spotify Hot Hits Bhojpuri Spotity Dur Nikat Pakenanon Panihit nin CnainirromeDhantini,160
spotify_india,1020897327481005_0,Missedthesong everyoneis talkingabout? Try TrendingNow Indiatoday Ieingta Spotify Discover on Spotify Jaiyt Sajana Shosueol Sachdoy Josminc Bairan Banjaare,155
spotify_india,1030497493278080_0,KSRTC+Mazha =Amsham on loop Try TrendingNowMalayalam today Discover on Spotify 1o3017g Spotify Ananant tauor Cn L Crrt I ainamananA,131
spotify_india,1033032116255987_0,"TheressnoiSai withoutSai Try ThisIs SaiAbhyankkar today His5 Sai Abhyankkar Spotify Discover on Spotify Pavazha Malli Frot-Thtnkin Kiat Ahrieranial Ootum Bodo Fror dm Deidoc AbnynntKnr Faal Dabba God Modo Framekanudou""",218
spotify_india,1041509385418513_0,"Hellogurugarus heardHellallallo? Try TrendingNow Telugutoday Trending Now Telugu Spotify Discover on Spotify"" Houailio Foiv ""Pedd H TEL_ ptenhinan Jnaesadiva RomeManon Par Nan Gninntlayi Puntna Osa Osa",201
spotify_india,1047178921570945_0,"Therets noiSai withoutSai Try ThisIsSai Abhyankkar today Discoveron Spotify HHISUS Sai Abhyankkar Spotity pavathatai Ham Thl Laacuia Rnad Ften""Dudu aalt ""gudenne Lt",164
spotify_india,1048797137527763_0,"Therets noiSai withoutSai Try ThisIsSai Abhyankkar today Discoveron Spotify HHISUS Sai Abhyankkar Spotity pavathatai Ham Thl Laacuia Rnad Ften""Dudu aalt ""gudenne Lt",164
spotify_india,1055707750441595_0,Disappearinto anAlagAasmaan TryThisIsAnuv Jaintoday THISS Anuv Jain Spotify Discoveron Spotify Kiya Hail Coke Stud Anuv Jaln Jo Tum Mere Ho,139
spotify_india,1071301712080055_0,"Thassadiyal Emvibe ayyal TryHotHits Telugutoday Discover on Spotify 1 1 Spotify Thastadiya From ""Mud Anniehnti eanm chinm Chtkiri Chikir] (From ""Po__ AR Ratrnan Mohit Ciauha",173
spotify_india,1073842525314809_0,"KSRTC+Mazha 3 Amshamonloop Try TrendingNow Malayalam today Ini3f7g Spotify Discoveron Spotify Amyhutv ""urooUdo Ctte Torn Ado Bonmalo Cum_ nlanennya Panieko",155
spotify_india,1161121590427611_0,"Thassadiyal Emvibeayyal TryHotHits Telugutoday 1 1 Spotify Discover on Spotify Tnassadiva From ""Mao Santhosh Narayanan Chinm_ Chikiri Chikiri (From Cpe"" AR Rahman Monit Chauhi",175
spotify_india,1216954867225789_0,Disappear intoanAlag Aasmaan Try Thisls Anuv Jaintoday Discover on Spotify Anuv Jain Spotily ArzKiya Hal ( Coke Stud. Tum Merc Ho,129
spotify_india,1289696654216923_0,"iSaiis Trending neenga listening? Try TrendingNow Tamiltoday Discover on Spotify Nowdmngn Spotify Favatha Malle Ttom IhinkIn Sal Autetiieeinelaan Vaet 6iRotunnnFTC""d",165
spotify_india,1348772463575660_0,"iSaiis Trending neenga listening? Try TrendingNow Tamil today Kowdagu  Spotify Discoveron Spotify Dnaennenllc Fonetink In Joon 0fRevengu (From ""DC )",148
spotify_india,1360615689557045_0,"Jabyoplaylist baajega, saara Haryana naachega TryHotHitsHaryanvitoday Discover on Spotify Hot Hits Haryanvi Spotify Kabz HintuPabi Sva cnoudhon Zigant Mnciannnnia Shuta",168
spotify_india,1364045501981803_0,Bhojpuri gaanabaji ta speaker hiljaayi TryHotHitsBhojpuritoday Discover on Spotify Hot Hits Bhojpuri Spotity Dur Nikat Pakenanon Panihit nin CnainirromeDhantini,160
spotify_india,1384761707052821_0,Bhojpuri gaanabaji ta speaker hiljaayi TryHotHitsBhojpuritoday Discover on Spotify Hot Hits Bhojpuri Spotity Dur Nikat Pakenanon Panihit nin CnainirromeDhantini,160
spotify_india,1394568065959845_0,"TheressnoiSai withoutSai Try ThisIs SaiAbhyankkar today His5 Sai Abhyankkar Spotify Discover on Spotify Pavazha Malli Frot-Thtnkin Kiat Ahrieranial Ootum Bodo Fror dm Deidoc AbnynntKnr Faal Dabba God Modo Framekanudou""",218
spotify_india,1560476602242159_0,"iSaiis Trending neenga listening? Try TrendingNow Tamiltoday Discover on Spotify Nowdmngn Spotify Favatha Malle Ttom IhinkIn Sal Autetiieeinelaan Vaet 6iRotunnnFTC""d",165
spotify_india,1577457700669830_0,Disappear intoanAlag Aasmaan Try Thisls Anuv Jaintoday Discover on Spotify Anuv Jain Spotily ArzKiya Hal ( Coke Stud. Tum Merc Ho,129
spotify_india,1585762093124633_0,"Jabyoplaylist baajegassaara Haryananaachega TryHotHitsHaryanvitoday Hot Hits Haryanvi Spotity Discover on Spotify"" Kabze Bintu Pabra  Shiva Choudnar_ Zigane Dhanda Nyoliwala, Shevv",180
spotify_india,1591788299141272_0,Disappearinto anAlagAasmaan TryThisIsAnuv Jaintoday THISS Anuv Jain Spotify Discoveron Spotify Kiya Hail Coke Stud Anuv Jaln Jo Tum Mere Ho,139
spotify_india,1679033473199974_0,"Missedthesong everyoneis talkingabout? Try"" TrendingNowIndiatoday Discover on Spotify Ty Kw di ingia Spotily Jaiye Sojana Shnsht Scndov Karann] Bairan Ratianta",159
spotify_india,1707483307153049_0,Hoodtegaddiy donavich vajje TryPunjabi 1O1today PUNJABI 181 Spotify Discover on Spotify Kath Lagda Navoan sandhu DhandoNy Jackpot Cchaamn Gur Sidhu,147
spotify_india,1723586055350372_0,"Jabyoplaylist baajega, saara Haryana naachega TryHotHitsHaryanvitoday Discover on Spotify Hot Hits Haryanvi Spotify Kabz HintuPabi Sva cnoudhon Zigant Mnciannnnia Shuta",168
spotify_india,1725926788719188_0,"AalumaDoluma energyallday everyday Try ThisIsAnirudhRavichander today ThIsS Hwd Anirudh Ravichander Spotify Discover on Spotify"" Atnaie craie nanttatnnimatez iniuan finchindot Jonto nen Raguof Reverigo (Fromn ""DC ) HntcnaHnttn Aaya Sner (From""The Pardic)u",255
spotify_india,176184194162363_0,Spotify ORIGiNALPODCAST Reedale EoKv INv Tn UsA Listen Free Only on Spotily,75
spotify_india,1767708814571713_0,Bhojpuri gaanabajita speakerhiljaayi TryHotHits Bhojpuritoday Hot Hits Bhojpuri Spotify Discover on Spotify Devra Nihare Ratan Singh; Panshi sind  Chatni (From Dhamaal,167
spotify_india,1787485239096444_0,Hoodte gaddisdona vich vajje TryE Punjabi 1O1today Discover on Spotify PUNJABI 181 Spotiy Kuth L7ddz Nadananinudhnnin Jackpol Gtn Bhi,133
spotify_india,1801144414455513_0,"Hello gurugarus heard Hellallallo? Try TrendingNow Telugutoday Discover on Spotify"" Trending Now Tolugu Spotily Hullallho Fromn  Rouulel Sneat Hahtee=Hath JnaeeeI UrraIntea",172
spotify_india,1845433096422446_0,"AalumaDoluma energyallday everyday Try ThisIsAnirudhRavichander today ThIsS Hwd Anirudh Ravichander Spotify Discover on Spotify"" Atnaie craie nanttatnnimatez iniuan finchindot Jonto nen Raguof Reverigo (Fromn ""DC ) HntcnaHnttn Aaya Sner (From""The Pardic)u",255
spotify_india,1916816969236042_0,"Missedthesong everyoneis talkingabout? Try"" TrendingNowIndiatoday Discover on Spotify Ty Kw di ingia Spotily Jaiye Sojana Shnsht Scndov Karann] Bairan Ratianta",159
spotify_india,1945897319360016_0,"Hello gurugarus heard Hellallallo? Try TrendingNow Telugutoday Discover on Spotify"" Trending Now Tolugu Spotily Hullallho Fromn  Rouulel Sneat Hahtee=Hath JnaeeeI UrraIntea",172
spotify_india,1969032810465483_0,Disappearinto anAlagAasmaan TryThisIsAnuv Jaintoday THISS Anuv Jain Spotify Discoveron Spotify Kiya Hail Coke Stud Anuv Jaln Jo Tum Mere Ho,139
spotify_india,1980077985985438_0,"Jabyoplaylist baajega, saara Haryana naachega TryHotHitsHaryanvitoday Discover on Spotify Hot Hits Haryanvi Spotify Kabz HintuPabi Sva cnoudhon Zigant Mnciannnnia Shuta",168
spotify_india,1984334232225631_0,"AalumaDoluma energysall day everyday Try Thisls AnirudhRavkchander today Discover on Spotify"" This Hud AnirudhRavichander Spotlty KaaEet Haaitin#aatainhniHtt HnnolKovonouinom ""DC ! Maaat L Shnt KFttzi ""Tle Pandrgnn",214
spotify_india,2035092810483931_0,Bhojpuri gaanabaji ta speaker hiljaayi TryHotHitsBhojpuritoday Discover on Spotify Hot Hits Bhojpuri Spotity Dur Nikat Pakenanon Panihit nin CnainirromeDhantini,160
spotify_india,2039594796658511_0,"Thassadiyal Emvibeayyal TryHotHits Telugutoday 1 1 Spotify Discover on Spotify Tnassadiva From ""Mao Santhosh Narayanan Chinm_ Chikiri Chikiri (From Cpe"" AR Rahman Monit Chauhi",175
spotify_india,2044288589809483_0,Missedthesong everyoneis talkingabout? Try TrendingNow Indiatoday Ieingta Spotify Discover on Spotify Jaiyt Sajana Shosueol Sachdoy Josminc Bairan Banjaare,155
spotify_india,2045536692733421_0,Bhojpuri gaanabajita speakerhiljaayi TryHotHits Bhojpuritoday Hot Hits Bhojpuri Spotify Discover on Spotify Devra Nihare Ratan Singh; Panshi sind  Chatni (From Dhamaal,167
spotify_india,2062732174382281_0,"Missedthesong everyoneis talkingabout? Try"" TrendingNowIndiatoday Discover on Spotify Ty Kw di ingia Spotily Jaiye Sojana Shnsht Scndov Karann] Bairan Ratianta",159
spotify_india,2072648866676779_0,KSRTC+Mazha =Amsham on loop Try TrendingNowMalayalam today Discover on Spotify 1o3017g Spotify Ananant tauor Cn L Crrt I ainamananA,131
spotify_india,2082446492629804_0,Bhojpuri gaanabajita speakerhiljaayi TryHotHits Bhojpuritoday Hot Hits Bhojpuri Spotify Discover on Spotify Devra Nihare Ratan Singh; Panshi sind  Chatni (From Dhamaal,167
spotify_india,2109483346302941_0,"Jabyoplaylist baajegassaara Haryananaachega TryHotHitsHaryanvitoday Hot Hits Haryanvi Spotity Discover on Spotify"" Kabze Bintu Pabra  Shiva Choudnar_ Zigane Dhanda Nyoliwala, Shevv",180
spotify_india,2132807024116986_0,Bhojpuri gaanabaji ta speaker hiljaayi TryHotHitsBhojpuritoday Discover on Spotify Hot Hits Bhojpuri Spotity Dur Nikat Pakenanon Panihit nin CnainirromeDhantini,160
spotify_india,2171407257125054_0,"AalumaDoluma energysall day everyday Try Thisls AnirudhRavkchander today Discover on Spotify"" This Hud AnirudhRavichander Spotlty KaaEet Haaitin#aatainhniHtt HnnolKovonouinom ""DC ! Maaat L Shnt KFttzi ""Tle Pandrgnn",214
spotify_india,2192355357995413_0,"AalumaDoluma energysall day everyday Try Thisls AnirudhRavkchander today Discover on Spotify"" This Hud AnirudhRavichander Spotlty KaaEet Haaitin#aatainhniHtt HnnolKovonouinom ""DC ! Maaat L Shnt KFttzi ""Tle Pandrgnn",214
spotify_india,2239491806809487_0,"Missedthesong everyoneis talkingabout? Try"" TrendingNowIndiatoday Discover on Spotify Ty Kw di ingia Spotily Jaiye Sojana Shnsht Scndov Karann] Bairan Ratianta",159
spotify_india,2243862533105555_0,KSRTC+Mazha =Amsham on loop Try TrendingNowMalayalam today Discover on Spotify 1o3017g Spotify Ananant tauor Cn L Crrt I ainamananA,131
spotify_india,2246238279472008_0,Hoodte gaddisdona vich vajje TryE Punjabi 1O1today Discover on Spotify PUNJABI 181 Spotiy Kuth L7ddz Nadananinudhnnin Jackpol Gtn Bhi,133
spotify_india,288244659695822_0,Moose-lows hierarchy Jattitude 1 3 7 Lyrics Kadak Beat,54
spotify_india,288244659695822_1,Our secret to self actualisation Md MeosE Tamaarua,50
spotify_india,3017933048461265_0,Spotify #SPOTIFYWRAPPED Top Artists: India Arijit Singh 2 Pritam 3 AR Rahman 4 BTS 5 Tanishk Bagchi,99
spotify_india,3017933048461265_1,Spotify #SPOTIFYWRAPPED Top Female Artists: India Shreya Ghoshal 2 Neha Kakkar 3 Asees Kaur 4 Alka Yagnik 5 Taylor Swift Lao 2103,129
spotify_india,303505964803324_0,,0
spotify_india,3197030150484012_0,Hoodte gaddisdona vich vajje TryE Punjabi 1O1today Discover on Spotify PUNJABI 181 Spotiy Kuth L7ddz Nadananinudhnnin Jackpol Gtn Bhi,133
spotify_india,3578744545608469_0,"Jabyoplaylist baajegassaara Haryananaachega TryHotHitsHaryanvitoday Hot Hits Haryanvi Spotity Discover on Spotify"" Kabze Bintu Pabra  Shiva Choudnar_ Zigane Dhanda Nyoliwala, Shevv",180
spotify_india,3611840825660266_0,Disappear intoanAlag Aasmaan Try Thisls Anuv Jaintoday Discover on Spotify Anuv Jain Spotily ArzKiya Hal ( Coke Stud. Tum Merc Ho,129
spotify_india,3657960644361089_0,"Jabyoplaylist baajega, saara Haryana naachega TryHotHitsHaryanvitoday Discover on Spotify Hot Hits Haryanvi Spotify Kabz HintuPabi Sva cnoudhon Zigant Mnciannnnia Shuta",168
spotify_india,37390289507252842_0,"iSaiis Trending neenga listening? Try TrendingNow Tamil today Kowdagu  Spotify Discoveron Spotify Dnaennenllc Fonetink In Joon 0fRevengu (From ""DC )",148
spotify_india,386275802766549_0,,0
spotify_india,402075784932873_0,"Spotify #SPOTIFYWRAPPED Top Songs: India ""Raataan Lambiyan"" Asees Kaur; Jubin Nautiyal; Tanishk Bagchi 2 ""Ranjha"" Jasleen Royal, B Praak, Anvita Dutt 3 ""Brown Munde"" AP Dhillon; Gminxr; Gurinder Gill, Shinda Kahlon 4 ""STAY (with Justin Bieber)"" The Kid LAROI, Justin Bieber 5 ""Lut Gaye"" Jubin Nautiyal, Nusrat Fateh Ali Khan, Manoj Muntashir",341
spotify_india,402075784932873_1,"Spotify #SPOTIFYWRAPPED Top Albums: India Shershaah; Various Artists 2 Kabir Singh, Various Artists 3 Moosetape; Sidhu Moose Wala 4 Love Yourself ""3 'Answer; BTS 5 Love Aaj Kal, Pritam 0 R",188
spotify_india,429946208733036_0,Spotify #SPOTIFYWRAPPED Top Artists: India Arijit Singh 2 Pritam 3 AR Rahman 4 BTS 5 Tanishk Bagchi,99
spotify_india,429946208733036_1,Spotify #SPOTIFYWRAPPED Top Female Artists: India Shreya Ghoshal 2 Neha Kakkar 3 Asees Kaur 4 Alka Yagnik 5 Taylor Swift Lao 2103,129
spotify_india,4355546814456434_0,Moose-lows hierarchy Jattitude 1 3 7 Lyrics Kadak Beat,54
spotify_india,4355546814456434_1,Our secret to self actualisation Md MeosE Tamaarua,50
spotify_india,4473365579578498_0,Missedthesong everyoneis talkingabout? Try TrendingNow Indiatoday Ieingta Spotify Discover on Spotify Jaiyt Sajana Shosueol Sachdoy Josminc Bairan Banjaare,155
spotify_india,462248518179949_0,Moose-lows hierarchy Jattitude 1 3 7 Lyrics Kadak Beat,54
spotify_india,462248518179949_1,Our secret to self actualisation Md MeosE Tamaarua,50
spotify_india,475022830449530_0,,0
spotify_india,606247230586131_0,"In2021,it was normal to consume lots of Butter; guilt-free: Butter: 648,684,868+ streams in 2021 Spotify #SPOTIFYWRAPPED",120
spotify_india,642725953428986_0,"Spotify #SPOTIFYWRAPPED Top Songs: India ""Raataan Lambiyan"" Asees Kaur; Jubin Nautiyal; Tanishk Bagchi 2 ""Ranjha"" Jasleen Royal, B Praak, Anvita Dutt 3 ""Brown Munde"" AP Dhillon; Gminxr; Gurinder Gill, Shinda Kahlon 4 ""STAY (with Justin Bieber)"" The Kid LAROI, Justin Bieber 5 ""Lut Gaye"" Jubin Nautiyal, Nusrat Fateh Ali Khan, Manoj Muntashir",341
spotify_india,642725953428986_1,"Spotify #SPOTIFYWRAPPED Top Albums: India Shershaah; Various Artists 2 Kabir Singh, Various Artists 3 Moosetape; Sidhu Moose Wala 4 Love Yourself ""3 'Answer; BTS 5 Love Aaj Kal, Pritam 0 R",188
spotify_india,680681912901836_0,"Spotify #SPOTIFYWRAPPED Top Songs: India ""Raataan Lambiyan"" Asees Kaur; Jubin Nautiyal; Tanishk Bagchi 2 ""Ranjha"" Jasleen Royal, B Praak, Anvita Dutt 3 ""Brown Munde"" AP Dhillon; Gminxr; Gurinder Gill, Shinda Kahlon 4 ""STAY (with Justin Bieber)"" The Kid LAROI, Justin Bieber 5 ""Lut Gaye"" Jubin Nautiyal, Nusrat Fateh Ali Khan, Manoj Muntashir",341
spotify_india,680681912901836_1,"Spotify #SPOTIFYWRAPPED Top Albums: India Shershaah; Various Artists 2 Kabir Singh, Various Artists 3 Moosetape; Sidhu Moose Wala 4 Love Yourself ""3 'Answer; BTS 5 Love Aaj Kal, Pritam 0 R",188
spotify_india,734069002230227_0,"YND 8 Vo 0 INDIA, GET READY TO PLAY YOUR J0: PART v8H PART vO TE",64
spotify_india,790779364092277_0,"Hellogurugarus heardHellallallo? Try TrendingNow Telugutoday Trending Now Telugu Spotify Discover on Spotify"" Houailio Foiv ""Pedd H TEL_ ptenhinan Jnaesadiva RomeManon Par Nan Gninntlayi Puntna Osa Osa",201
spotify_india,820890533188223_0,"YND 8 Vo 0 INDIA, GET READY TO PLAY YOUR J0: PART v8H PART vO TE",64
spotify_india,871787013385077_0,Spotify ORIGiNALPODCAST Reedale EoKv INv Tn UsA Listen Free Only on Spotily,75
spotify_india,873511276697186_0,"In2021,it was normal to consume lots of Butter; guilt-free: Butter: 648,684,868+ streams in 2021 Spotify #SPOTIFYWRAPPED",120
spotify_india,874786952122160_0,Hoodte gaddisdona vich vajje TryE Punjabi 1O1today Discover on Spotify PUNJABI 181 Spotiy Kuth L7ddz Nadananinudhnnin Jackpol Gtn Bhi,133
spotify_india,887934447272946_0,"Hello gurugarus heard Hellallallo? Try TrendingNow Telugutoday Discover on Spotify"" Trending Now Tolugu Spotily Hullallho Fromn  Rouulel Sneat Hahtee=Hath JnaeeeI UrraIntea",172
spotify_india,896693436815532_0,"Thassadiyal Emvibe ayyal TryHotHits Telugutoday Discover on Spotify 1 1 Spotify Thastadiya From ""Mud Anniehnti eanm chinm Chtkiri Chikir] (From ""Po__ AR Ratrnan Mohit Ciauha",173
spotify_india,907761632407865_0,Disappear intoanAlag Aasmaan Try Thisls Anuv Jaintoday Discover on Spotify Anuv Jain Spotily ArzKiya Hal ( Coke Stud. Tum Merc Ho,129
spotify_india,912081768004885_0,Hoodtegaddiy donavich vajje TryPunjabi 1O1today PUNJABI 181 Spotify Discover on Spotify Kath Lagda Navoan sandhu DhandoNy Jackpot Cchaamn Gur Sidhu,147
spotify_india,920131863758626_0,"KSRTC+Mazha 3 Amshamonloop Try TrendingNow Malayalam today Ini3f7g Spotify Discoveron Spotify Amyhutv ""urooUdo Ctte Torn Ado Bonmalo Cum_ nlanennya Panieko",155
spotify_india,946847117780311_0,Hoodtegaddiy donavich vajje TryPunjabi 1O1today PUNJABI 181 Spotify Discover on Spotify Kath Lagda Navoan sandhu DhandoNy Jackpot Cchaamn Gur Sidhu,147
spotify_india,949538011480210_0,Bhojpuri gaanabajita speakerhiljaayi TryHotHits Bhojpuritoday Hot Hits Bhojpuri Spotify Discover on Spotify Devra Nihare Ratan Singh; Panshi sind  Chatni (From Dhamaal,167
sugar_cosmetics,1009337321878584_0,1,1
sugar_cosmetics,1035709865611915_0,these were created by an,24
sugar_cosmetics,1042157852114314_0,1,1
sugar_cosmetics,1042469562028162_0,SUGAR The Perfect Rakhi Surprise Is Here Shop your favourite beauty picks & Get a FREE Premium Glitter Clutch USE CODE: SLINGI699 O STOCKS LAST,143
sugar_cosmetics,1042727521825230_0,,0
sugar_cosmetics,1043838105163978_0,,0
sugar_cosmetics,1063813322870184_0,,0
sugar_cosmetics,1078084858504870_0,~TESTED ( LONG LASTING WEAR 1,29
sugar_cosmetics,1242659897893692_0,SUGAR TRANSFERPROOF LIP GLOSS g 1 AT JUST 7699 #FREE 'GIFT Mevcar High shine: Hydrating Non Sticky,98
sugar_cosmetics,1304366231505806_0,1,1
sugar_cosmetics,1370960365013561_0,"01 Reach Ping 02 Pink Pop 03 Taupe Tick"" O4 Salmon Splash 05 Mauve Murmur 06 Rose Rumbling 07 Brown Buzz",104
sugar_cosmetics,1370960365013561_1,PLUMPING _ 2 3 Fuller; Glossier LiPS 1,38
sugar_cosmetics,1370960365013561_2,BARE LIPS PLUMP LIPS,20
sugar_cosmetics,1370960365013561_3,HOW TO PLUMP IT UP= 2SWIPE JTuRN 3PLUMP,39
sugar_cosmetics,1370960365013561_4,8 8 8 02 Pink Pop 03 Taupe Tick 04 Salmon Splash 05 Mauve Murmur Peach Ping Rose Rumbling Brown Buzz,100
sugar_cosmetics,1370960365013561_5,REASONS TO LOVE LIGHTWEIGHT and Non= Sticky Buildable Tint Deeply MOISTURISES High-Shine Instantly Gloss Plumps Cooling Sensation with Serum Like Care,150
sugar_cosmetics,1372722188321495_0,SUGA R Lisbon 1 Latte,21
sugar_cosmetics,1372722188321495_1,SUGAR Boston 1 Blush,20
sugar_cosmetics,1372722188321495_2,SUGA R Miami 2 Mocha,20
sugar_cosmetics,1372722188321495_3,SUGAR Malta 1 Mauve,19
sugar_cosmetics,1372722188321495_4,SUGA R Tulum 3 Toffee,21
sugar_cosmetics,1375136280633304_0,SUGAR sve; WE SUe AR DARE YOU PICK ONE SUGAE SUEAR SUGAR,56
sugar_cosmetics,1383743310521515_0,SUGAR Dont miss the biggest beauty savings! 71000 OFT ENDS SOONI Above Spend ?4999+ I,85
sugar_cosmetics,1383830496981379_0,1,1
sugar_cosmetics,1385799690402738_0,SUGAR OUR VIRAL IPLUMAPING GLOSS STICK 1 FREE GIFT everv purcha,63
sugar_cosmetics,1392203042825043_0,SUGAR Lush lips; bold eyesl 44047 GLIDE & <899 DEFINE TRIO  12 Hour Wcot Kojal Lip Treatment With SPF 50 Pcptide Infused Lipstick 1 1,133
sugar_cosmetics,1432998572002192_0,SUGAR Enjoy FLAT 15% OFF SITEWIDE Use Code FREEDOMIS ENDS 15TH AUGUST J 1,73
sugar_cosmetics,1555321512752773_0,SUGA R FLAT 7249 STORE WHOOPS! SOMETHING WENT WRONG Looks like you just unlocked our FLAT < 249 STORE ISucar,108
sugar_cosmetics,1562412078863575_0,SUGAR SAME SHADE DIFFERENT' SKIN TONES 08 LISBON LTE 09 Dos BLUSH Hhlani CDlA Malia Mve TuLuM Tof FC INDIAS Ist SERUM LIPSTICK,126
sugar_cosmetics,1577719753986626_0,"SUGAR Festive Shine, Wrapped in Gold Get a FREE Premium GLITTER SLING BAG USE CODE; SLINGI699 Verlecl lor RAKHI GIFTING",119
sugar_cosmetics,1600089648421967_0,SUGAR FLAT 2249 STORE IS LIVE! Mettle Cream To Powder Foundation 21099 2249 SUGai? 80@%,87
sugar_cosmetics,1611153397206223_0,SUGAR Get up to 50% OFF 249store is live 3 PRICE_ 183,53
sugar_cosmetics,1683906173744534_0,SUGAR At Just 799 5 FREE Hydrating coverage with fresh dewy finish 8  2 1 {9Fouhdation SUGAR,92
sugar_cosmetics,1727330011752888_0,SUGAR BOSS BABE KIT 4 SUGAR BESTSELLERS FREE GOLD POUCH,55
sugar_cosmetics,1763265641667259_0,SUGAR Buy Get FREE Buy our Glide Poptide scrum Liostick Gct 7 FREE Lip Giesa plajj SUGAR Aufo #feng Enzi V32 Auauir INDEPENDENC VCE DAY= 'SPECIAL,145
sugar_cosmetics,1867012274705140_0,SUGAR Buy Get FREE Buy our Glide Poptide scrum Liostick Gct 7 FREE Lip Giesa plajj SUGAR Aufo #feng Enzi V32 Auauir INDEPENDENC VCE DAY= 'SPECIAL,145
sugar_cosmetics,1871199987588757_0,"SUGAR Your Teej look, curated in one kit 5 Essentials FREE Gold Pouch Atjust 22180<1699 21% OFF Su6a:",101
sugar_cosmetics,1902675311041583_0,SUGAR Ycur Tcejlook curated ono 5 Essentials FREE Gold Pouch At just_22160 <1699 21% OFF,88
sugar_cosmetics,2027601584785263_0,these were created by an,24
sugar_cosmetics,2092615341350833_0,9,1
sugar_cosmetics,2098105150744852_0,these were created by an,24
sugar_cosmetics,2106959793572088_0,SUGAR Missed it the first time? BACK IN STOCK: But not for long 1 L,67
sugar_cosmetics,2202270593869753_0,~SUGAR,6
sugar_cosmetics,2284326995753241_0,SUGAR Your Teej look; curated in one kit 5 Essentials + FREE Gold Pouch At just 22180 <1699 21% OFF,99
sugar_cosmetics,2299104284255431_0,SUGAR Ycur Tcejlook curated ono 5 Essentials FREE Gold Pouch At just_22160 <1699 21% OFF,88
sugar_cosmetics,2488001598330774_0,SUGAR Ukxt HD Perfecting Foundation Everyday glow or full face finesse ~FREEc GIFT 2 EVERY ORDER 1 Q 2 SUGAR SUGA,113
sugar_cosmetics,26118687414496106_0,SUGAR SAME SHADE DIFFERENT' SKIN TONES 08 LISBON LTE 09 Dos BLUSH Hhlani CDlA Malia Mve TuLuM Tof FC INDIAS Ist SERUM LIPSTICK,126
sugar_cosmetics,2618715731912918_0,SUGAR Ycur Tcejlook curated ono 5 Essentials FREE Gold Pouch At just_22160 <1699 21% OFF,88
sugar_cosmetics,27699165136389066_0,"SUGAR Your Teej look, curated in one kit 5 Essentials FREE Gold Pouch Atjust 22180<1699 21% OFF Su6a:",101
sugar_cosmetics,2882700155432103_0,SUGAR FLAT 8249 STORE IS LIVE! LCELLA 2249 JUOAI,48
sugar_cosmetics,831915436581393_0,SUGAR Find your PERFECT NUDE in 30 seconds: Screenshot your result:,67
sugar_cosmetics,831915436581393_1,What's your undertone? WARM COOL STEP 1OF 3 Let's find your nude,64
sugar_cosmetics,831915436581393_2,What's your skin depth? LIGHT MEDIUM DEEP STEP 2 OF 3 You're halfway there:,75
sugar_cosmetics,831915436581393_3,Which nude do you naturally reach for? PINKY ROSY BROWN NEUTRAL BOTH FINAL STEP Time for the reveal,99
sugar_cosmetics,831915436581393_4,YOUR PERFECT NUDE IS_ 08 LISBON LATTE WARM LIGHTIMEDIUM NEUTRAL 09 BOSTON BLUSH COOL LIGHTIMEDIUM PINKY 10 MIAMI MOCHA WARM MEDIUMIDEEP BROWN 11. MALTA MAUVE COOL MEDIUMIDEEP ROSY 12. TULUM TOFFEE WARM - DEEP BROWN,214
sugar_cosmetics,871556892492606_0,SUGAR Your Teej look; curated in one kit 5 Essentials + FREE Gold Pouch At just 22180 <1699 21% OFF,99
sugar_cosmetics,900376519363555_0,SUGAR Buy Get FREE Buy our Glide Poptide scrum Liostick Gct 7 FREE Lip Giesa plajj SUGAR Aufo #feng Enzi V32 Auauir INDEPENDENC VCE DAY= 'SPECIAL,145
sugar_cosmetics,950434538086379_0,Up to 30% OFF SUGAR Celebrate Rakhi with SUGAR Build Your Own Kit & GETA FREE FESTIVE POUCH Extra Gift on Every Order Iuaa,122
superyou,1003792038867372_0,"INDIA'S IST FERMENTED YEAST PROTEIN; NOW IN A JAR: (7g PROTEIN] CLEAN | COMPLETE | MAaad tasty Truslified' SUPEBVOW SUPERVOW FRVENTED YEAST PROTE PF FEAMENTEd YEAST proted During Iransition, YoU may receive erther pack.",219
superyou,1018199927291130_0,YOUR TRUSTED PROTEIN TOOK A CLASSIC DESL TURN: Miellctu KESAR BADAM SUPERVOV PRO SiRBadAN feaMeMTeD VEAST PROTEI 24g GUT CLEAN MAAAD PROTEN LOVING | compLeTe | TASTY,165
superyou,1019499867656711_0,REAL BADAM SLICES IN EVERY SIP 24g GUT [LOVING PROTEN MAAAD TASTY CLEAMICOKIPLETE SUPERYOV PRO Jeshe RAM FERMEMTED VEAST PROTEIN,128
superyou,1023132543450739_0,THE FLAVOUR EVERY FAMILY MEMBER LOVESL 24g | GUT LOVING CLEAM |complETE FROTEM MAAAD TASTY SueR@V tiluinTID 4 Wst PcpItI,120
superyou,1024790636604564_0,"THE LIGHTEST PROTEIN; IN SMARTER PACKAGING, 24g CUT LOVING PROTEIM CLEAM | COMPLETE MAAAD TASTY Truslified SUPEBVOW FERNENIED VEAST PROIuN ~Du4a Hareen Mceieifnouck BupFRVU eueutniottnscrdie",190
superyou,1029021606438391_0,"THE MOST GUT-LOVING PROTEIN, IN A MESS FREE PACKAGING: 24g  [GUT LOVIG CLEAhICOMPLETE PRQEH MAAAD TASTY SPRWH FERMENTED YEAST chocol PROTEIN 249 95i7"" AU",153
superyou,1032516366362442_0,SMOOTHRICH MAAAD TASTY 24g PROTEIN SUBEBYV GUT LOVING CLEAN ICOMPLETE MAAAD TASTY chgCo HalELL ferMeMTED VEAST PROTEIM,118
superyou,1035949379036554_0,"JUST VOU, YOUR SNACK, AND PERMISSION TO ATTACK 13g MuLT! | BAKED; Paciba GRAIN NOt FRIED DLRvoA SUPERNW LntfUpi WUrgniy SSUPERNON JV UPERYR SUPENN 6 'Jua Eueesy",160
superyou,1045296871728529_0,MEET THE NEW CHOCO HAZELNUT FERMENTED YEAST PROTEIN: 24g PROTEIN SUPERVOW GUT LOVING PRO CLEAM ICOMPIETE MAAAD TASTY Fe kleteh ferMeMted YEAST PROTEIH,150
superyou,1047101274708469_0,SET VOUR OWN GOALS Make VOUR OWN BUNDLE AOg | J NO ADDED PROIEM SUGAR BUY 2 AT BUY 3 AT 3869| 31249 Kcnnem a 1 1 [ [,116
superyou,1050415984082112_0,E MCGnBZE POST A MEGA IORKOUT: 2Og PROTEN [ade WITHATTa & JOwAR Mo ADDED SUGAR,78
superyou,1050971970627275_0,"CRUSH YOUR IORKOUT AND YOUR CRAVINGS: 24g""oww CUT CLEAN MAAad  LOMING COMPLETE TASTY SUPERVOU PRO 1 TUD usT twote",113
superyou,1056142287038069_0,TRY THIS  YOU'RE GONNA LOVE IT! 24g| GUT CLEAN MAAAD PROTEI LOVING | compLETE TASTY PACK OF 5 SACHETS Wdu SUPEBLOW SUPERVOV FERMENTED VEAST PROTEI FerMeXTEd t TeaST PrjteN 1 Dod 534 U5 FLcSE,190
superyou,1056821810473024_0,SCOOP SOME SUNSHINE. 24g GUT CLEAN MAaad Frui LOVING | CoMpLETE TASTY SUPERVOV PRO Jar @ada FeAMEMTED YEAST PROTELY,115
superyou,1103270788720125_0,INTRODUCING SUPERYOU POWER PUFFS  MAAAD ACHAARI SAB PE BHAARIL IZy PROTEM MULTIGRAIN | BAKED; NOt FRIED  SUPERH SUP,115
superyou,1188225474213248_0,MEET THE DESSERT-LIKE WTRodUCING ChocO HAZELNut  PROTEIN 24g CUT LOVING PROTEIN MAAAD TASTY CLEAN | COMPLETE InebvV ChOCO HAZELNUT FERMENTED YEAST ~PROTEIN RECUEE Cc 24g | LOVING Fedlely 9EM4EpnieI,197
superyou,1263778055162373_0,DITCh PLANT SIIITCH TO  (Supebyon ni Tenuna Tus] Frntr 24g GUT LOVING PROJEIL CLEAN | COMPLETE MAAAD TASTY WPERYOW 'SUPEBYOVyoUot FERUYETED VEAST PROIB Pavtzt Ifrui,164
superyou,1273238234999110_0,DITCh PLANT SIIITCH TO  (Supebyon ni Tenuna Tus] Frntr 24g GUT LOVING PROJEIL CLEAN | COMPLETE MAAAD TASTY WPERYOW 'SUPEBYOVyoUot FERUYETED VEAST PROIB Pavtzt Ifrui,164
superyou,1337860747781675_0,"HERE'S ONE MORE REASON TO TRY THE NEW KESAR BADAM PROTEIN Mitul Damani kesar pista with cold milk @Nikunj and ice is phenomena possibly one of my favourite drinks not protein drinks_ like drinks in general so tasty and refreshing great one 7,06PMi Sickkkkk 7,07PM You liked the badam slices 7.07PM Mitul Damani Too good 7.08PM",326
superyou,1340543684433439_0,THIS FLAVOUR IS MAAAD ADDICTIVE: 24g PROIEIN SUPERVOV [GUT TOVING MAAAD TASTY cleMILU PRO 'Veast luttheot Paoit ~Fermemted,122
superyou,1348134087400880_0,IMTRODUCING SUPERYOU POWER PUFFS FULLY CHILLL NO CHILL 13g PROTELH SUPERYO Multl POMER PUFFS GRAIN {50 BAKED 55g NoT FRIED Shop nowat zcpto GHSHLA 139 | UHH BAKED endyour nearest store:,185
superyou,1355597769236142_0,SVpFBYV MICRONISED CREATINE MONOHYDRATE UNFLAVOURED 3g HERAHRG SUPER STRENGTH ABo CFu F3DBU IICS Hdtraceutical FOCUS 10O 9 WNET aI,130
superyou,1360536912892648_0,SKIP THE USUAL 4PM SNACK WITH THE 1OG PROTEIN HACK IOg PROTEIN NO ADDED SUGAR MMADE WITH ATTA & JOMAR  SSUPEBNV 03,114
superyou,1362629185974805_0,ADD US TO YOUR TRAVEL BAG. 24g PROIEM FERMENTED | CUT LOVING | MAAAD TASTY PACK OF 5 Supebvo_ FeAMENTED VeaST PROTEIH fcuD 5 PASSPORI La,136
superyou,1372647831430187_0,YOUR FINISH LINE REWARD: @2Og PROTEH MAde WITH ATTa & JOwAR ND ADDED SUGAR SUPFRYOU] I uca prdnctmufia,102
superyou,1374104404082615_0,INTRODUCING SUPERYOU POWER PUFFS SAY CHEESY CHEESE: SUPERYOH POWER PUFFS 350 55g CHEESY CHEESE [Baer Jicdi zcpto Ton 13g| MULIL | BAKED Romu GRAIN | Nof FRIED Tmanone eetieon,174
superyou,1376421287959529_0,Introducing Kesar Pista Badam THE OG FLAVOUR NOW ALSO HAS PROTEIN 20g ' Made Mh JUHAR | SUGAR NO ADDED PAOTEI MUPERYV 1 1 MEGA PROTEIN WAFER Pog PROTEI,151
superyou,1415779669790298_0,SISILFRVQV CREATINE MICROMISED OHYDRATE ORAMCE KIcK  CREATINE MONOHYDRATE 5upfisaeteu - (Icus UNFLAVOURED 3g #HHu SUPER SIRENETH  EOCUS Fudendtl Iq0,148
superyou,1468103331668442_0,PACK OF ISUPERVOU 10 PROTEIN WAFER  STRAWBERRY ( CREuE ( BOX OF A0 STRAWBERRY CREME MSupaw: 1 1Og PROTEIN 0J Mo ADDED SUGAR) NOPALM @LL Jiuj IuujaNvuiS,151
superyou,1476117330893786_0,Licht On ThE Gut; HEAVY ON PERFORMANCE. '12349 24g (SUPEByOR ] PROTEIN AnticonaMusitltt FERMENTED CLEAM ICOMPETE MAAAD TASTY,124
superyou,1484093419691637_0,Introducing KESAR BADAM FERMENTED YEAST PROTEIM WIth ReaL BADAL SLICES. 24g GUT CLEAM Maaad LOVING | complete TASTY SUPERYO PRC TFSARNANIE ferMEMTED YEAST PROTELL,162
superyou,1492205285478608_0,A MEGA REIARD FOR YOUR MUSCLES: SUPFRYONE 20g Jh MImh NO ADDED SUGAR NO PROTEIK PACH OIL,88
superyou,1508595464382591_0,THE LIGHTEST PROTEIN Trustified POWDER FOR PARANTHAS: SUPERVOV 27g GUT LOVING PRO PEQIEIM Maaad TASTY cleAl cumplele MIOVBED FerwEWTED Veast protelk NOw In JARS Ji During transition; You may receive the older pack,213
superyou,1539583427820514_0,THE SMARTEST PAYDAY SUPERVOV PURCHASE; Mrt Iky JAR STARTING AT SUPERVOV {1999 PPO totnto Ittain 27g PROTEIN SUPERVOV GUT LOVING MAAAD TASTY CLEAMICOMPLETE,154
superyou,1545876640221854_0,ONE LAST REP ONE MEGA BITE: 28g PROTEI [MADE WITHATTa & JOMAR ] [O ADDED SUGAR SUPERVON,87
superyou,1546826236365689_0,"INTRODUCING SUPERYOU POWER PUFFS JITNA MASALEDAAR; UTNA MAZEDAARL SUPERVON POIER [ IPUHF$ 350 55g CHILU Ixibhe Masala 13g PROTEIN MMULTIGRAIN BAKED, NOT FRIED Shop now andyour zcpto nebrest Store",195
superyou,1547618476910661_0,THE FLAVOUR THAT  JUST HITS HOME With real pista & almonds: IBadaM NEW ~KESAR PISTA [ Launch 20g PROTEI 2 H JOWAr SUGAR Added 1 EWLud tisId UVSIN,145
superyou,1558779762419961_0,"Introducing Kesar Pista Badam MAAAD TASTY; OLD SCHOOL; PROTEIN packeD POg PROTEIN  MAdE WITH ATTA & JOWAR] MO ADDED SUGAR"" BUPERVOV 2 8 p2og PROTEIN MEGA PROTEIN WAFER I",169
superyou,1560176954939269_0,INTRODUCING SUPERYOU POWER PUFFS LOOKS LIKE A BOLT; HITS LIKE A BOLT; 13g MuLTL | BAKED; PEDIEIH GRAIN NOt FRIED SUPERND SUPER powu,131
superyou,1569700331230461_0,"THE TASTIEST IAY TO HIt YOUR PROTEIN GOAL 24g""01 mu CLEAM Ad LOVINg  CompLete TaSTN SUPERVOU PRO CMdcD MLzgII FERMENTED YeaST PROTEIN",133
superyou,1574855714426033_0,THE POST picklE PICK 1 SUPFRYOV SMEea Frotem [ 1 ETain 20g MADE Wih NO ADDED Jr SUAR |NQ PRDIIEDI,97
superyou,1575466270653907_0,TRY US FIRST AND THEN GET OBSESSEDL 24g PROIEW FERMENTED | GUT LOVING | MAAAD TASTY SUPERVOV PACK (OF 5 FeruebTED VEAST PROTem Wtlei SUPERVOV` FERMENTED YeaST PROTEI CiucquiL MALHILtta FacICssacei,196
superyou,1604119757944294_0,KULFL WALA PROTEINL 24g [CUT LOVING  SUPERKOV PROTEL MANADoTASTV PRO ferMeNTed YenST PROTEIM,92
superyou,1607442797464494_0,1 SUPFRYAVZ 2og PROTEIN MEGA PROTEIN WAFER,42
superyou,1623404649362255_0,1 ISuPeBvQV 1 PROTEIN WAFER 70g PROTEIN,39
superyou,1627868518246542_0,MAAAD TASTY GUT LOVING    24g PRUIELX FERMENTED MLAAAD UASTY 'PGRVOU ISuPeBvowowblon TDe Utemm {urustified,106
superyou,1641933480257867_0,THE EENDHAN BEHIND BIGGER Honsla; 24276 PROTEINF GUT LOVING CoNan Maaad Iasty SupEsupebyon PEUsupesuov  ees,107
superyou,1665182011306006_0,TASTES LIKE A GUT LOVING Taslack  24g | PAOIEIM CLEAM | COMPLETE UNukE PLAHT PROTEI MAAAd TaSTV SuPiRvOW YRERHOU,112
superyou,1666599174695075_0,"NEVER RUN OUT OF 24g-2lg CUT LOVING MAAAD PROTEIN CLEAM | COMPLETE te MAAAD TASTY! taSTy PROTEIN: 157{1,999 3  '2349 SUPEBVOU ` Meinangstruitu 455{ 2349 SUPEBVOV Rrnanuinie SUPEBYOU ' MAtneat 1",193
superyou,1691392132138493_0,PROTEIN KA KULFL TWIST? 24g CUT LOVING PROTEN CLEAM ICOMIPLETE MAAAD TASTY SUPERYOV PRO JEsaR BaD feAMENTED VEAST PROTEIM,121
superyou,1696231771447453_0,INTRODUCING SUPERVOU POWER PUFFS NO PARTY LIkE PIZZA PARTY? A 13g  MuLT4 | BAKED; GRAIN NOT FRIED,97
superyou,1696986931603027_0,"Introducing Kesar Pista Badam MAAAD TASTY; OLD SCHOOL; PROTEIN packeD POg PROTEIN  MAdE WITH ATTA & JOWAR] MO ADDED SUGAR"" BUPERVOV 2 8 p2og PROTEIN MEGA PROTEIN WAFER I",169
superyou,1714098209652733_0,MEET THE DESSERT-LIKE MatLt (Hazelnut} choco  PROTEIN 24g GUT [OVING PEQIEIN MAAAD TASTY CLEAM I CoMPLEE Iev) Choco HAZELHUT FERMENTED VEAST PROTEIM 24g,152
superyou,1748487299495328_0,YOUR IOg PROTEIN STACK DONE YOUR WAY: BUY 2 AT BUY 3 AT 3869/31249 coffft 1 nOg PROTEI MMADE WITH ATTA & JAIAR] Fliina [NO SUGAR,128
superyou,1775225443921830_0,Introducing Kesar Pista Badam THE CLASSIC FLAVOUR; MAAAD TASTY With real pista & almonds: I FUPERYAV IPROTEH | Wafer 1 1 Mega p0g [PROTEN] 20g PROTEN J SUGAR Adoed,163
superyou,1777529329908960_0,24g PROTEIN IN VOUR DESSERT; NOW THAT'S SWEET! GUT @LOVING CLEAN | COMPLETE MAAAD TASTY SUPERHOH PR chocd HazeMUT FERMEMTED VEAST PROTEIN 241,141
superyou,1786671182520903_0,REAL PISTA REAL ALMONDS. MEGA PROTEIN: VUp= Lg pROTEI FRNU NEW LAUMCH MEGA {PROTEIN ! 'WAFER 1 F20g ' No added PROIEN JUHaR | SuGar,131
superyou,1791316525571162_0,IMtrOdUCING SUPERYOU poweR PUFFS PUFF PUFF MIRCHIL 13g PROTEI MULTIGRAIN | BAKED; NOT FRIED Juper SUPERHRR,106
superyou,1807930930368683_0,PROTEIN THAT TRAVELS IITH YOU: 24g PROTEM FERMENTED | GUT LOVING | MAAAD TASTV PACI OF5 SUPL PLBVOV  ~FERMENTED  ) VEAST F I PROTEIN Jybet Heu colocofie,152
superyou,1833929970917121_0,SVpFBYV MICRONISED CREATINE MONOHYDRATE UNFLAVOURED 3g HERAHRG SUPER STRENGTH ABo CFu F3DBU IICS Hdtraceutical FOCUS 10O 9 WNET aI,130
superyou,1835456057833083_0,SO TASTY YOULL MSS IT ON REST DAYS. 24g PROTEIN KUPRBV GUT OVING MAAAD TASTY CLEAM I COMIPLETE FEA uEMTED Yenst PEDTEIH,119
superyou,1907967493252564_0,"THE FUTURE OF PROTEIN IS FERMENTEDL STARTING FROM IKG 32299 SUPEBYOU "" 24g PROTEN FERMENTED EE VEAST (PROTEIN GUT LOVING CLEAN 24g ChOcolnte COMPLETE PRullt untrba PEAIDroIILL Imscle Recovert Innsoaption Loning CuI ucn Uaa_ unannt",230
superyou,1916717399023294_0,"MIXMATCH, AND MUNCHL [Og 3 NO ADDED PROIEIN SUGAR BUY 2 AT BUY 3 AT 3869| 31249 1 FUPERVNV Eaaift { Ciz 1 SUPERYOW 1 Cod 0 ISUpER pattunaufea @oprotfin] 0",154
superyou,1981650062558291_0,THE CORRECT BALANCE OF TASTE AND RESULTSL 24g| GuT LOVING PRUIEN MAAAD TASTV CLEAIICOMFLEIE 'SUPERVOU ' UP TO % FerHENTED VeasT PROTEl 25 OFF +870 FREPAID BONUS Eenngemt uemi wl,177
superyou,2014663025884956_0,INTRODUCING CHOCO HAZELNUT FERMENTED YEAST PROTEIN: 24g PROTEIN (GUT LOVING CLEAM ICONPLETE Mmlrd TaSTV SUBERVU PR Fepuveuted yeast PROTEIR_,140
superyou,2025335548113111_0,NAYA KESAR BADAM FLAVOUR; ASLI BADAM SLICES KE SAATH: MiRocsciG MESAR BADAM 24g SUPERVOM PROTEIN PRC GUT @OVING MAAAD TASTY CLEAM ICOMPLETE VESAn alamt FERMENTED VEAST PROTEIH,175
superyou,2036799667253254_0,DITCh PLANT SIIITCH TO  (Supebyon ni Tenuna Tus] Frntr 24g GUT LOVING PROJEIL CLEAN | COMPLETE MAAAD TASTY WPERYOW 'SUPEBYOVyoUot FERUYETED VEAST PROIB Pavtzt Ifrui,164
superyou,2067822410501901_0,GO (HAZEL) NUTS ON GAINS: SUPERVQU PRO FERMEMTED YEAST PROTEIN GMdco Mnielau 1 24g  GUT CLEAN Maaad PROTEI LOVING COMPLETE  TaSTy,129
superyou,2093530194935193_0,MUMMY PAPA APPROVED FLAVOURL 24g PROTEIN SUPERVOV GUT LOVING CLELIOOUPLETE PRO Maaad TASTY FERMENTED YEAST PRoIew,113
superyou,2123862251865345_0,INTRODUCING SUPERYOU POIER PUFFS 8g PROIEN SUPERVON SUPERVON  HH 0 10 BakeB FRID SUPERVOU SUPERVOU Shcpnowat Ia? MkutES and yolite Mamnaeehotes,143
superyou,2136281037233773_0,"INTRODUCING SUPERYOU POWER PUFFS MAAAD SNACK; PERMISSION TO ATTACKI PROTEIL MULTIGRAIN | BAKED, NOT FRIED Vu RvO (UPLRVOL I Tnal MUR SE",135
superyou,2151719695399781_0,Introducing KESAR BADAM FERMENTED YEAST PROTEIN: P24g LOUTG | coupuete | MSAP IkB  42499 SUPERYOW PRC FERVENTED VEAST PADTEII,125
superyou,2207682760028935_0,1 ISuPeBvQV 1 PROTEIN WAFER 70g PROTEIN,39
superyou,2234534257394781_0,INTRODUCING SUPERVOU POWER PUFFS PACK KhuLTe HL KHATAM BROL SUPERVOU Pomer PUFFS 350 55g PARTY ieve shopmowdt zcpto 18g | SM HHHBAKED NotFRIEd  and Your neirest slorc,166
superyou,2251712378908626_0,YOUR SNACK JUST GOT A HEALTHY UPGRADEL [Og PROTEM) No MHDA) [No Addnd SUcarj: 2q FIBRE WithAta Mow made IJowar [SUPERYOV CTD L reutaaua UPGRADED,144
superyou,2337957030022914_0,DITCh PLANT SIIITCH TO  (Supebyon ni Tenuna Tus] Frntr 24g GUT LOVING PROJEIL CLEAN | COMPLETE MAAAD TASTY WPERYOW 'SUPEBYOVyoUot FERUYETED VEAST PROIB Pavtzt Ifrui,164
superyou,2388230145042594_0,INTRODUCING SUPERYOU POWER PUFFS  MAAAD ACHAARI SAB PE BHAARIL IZy PROTEM MULTIGRAIN | BAKED; NOt FRIED  SUPERH SUP,115
superyou,2419365571906257_0,Introducing THE FAMILY FAVOURITE FLAVOUR: IKG AT 12499  24g GUT LOVING | CLEAN | COMPLETE PROTEL MAAAD TASTY SupeBYV FERMENTED YEAST PROTEIV Saeah,146
superyou,2505662639903371_0,"INTRODUCING SUPERYOU POWER PUFFS SO PUFFIN' TASTYL Bg PROTEIN MMULTICRAIN  BAKED; NOT FRIED SUPERYOW CUPERYON SUPERYOW SUPERYON # 330 ER 4iaierd Sop"" nowrc Insd Mdn aJyout Manutts Deare StStola",193
superyou,2531994097317449_0,INTRODUCING SUPERYOU POWER PUFFS LOOKS LIKE A BOLT; HITS LIKE A BOLT; 13g MuLTL | BAKED; PEDIEIH GRAIN NOt FRIED SUPERND SUPER powu,131
superyou,2555916958185875_0,INTRODUCING SUPERYOU POWER PUFFS FuLLY CHILLL NO ChILL; SUPERYO) POMER PUFTs 18g {50 PROTEIN 55g H CHILLI MASALA Ibayed BakeD Shop zcpto Ondyou IaatuSt Surd,156
superyou,27042419555432191_0,PROTEIN SHAKE SO GOOD You d Workout Just TO HAvE THS. 24g PROTEIN GUT LOVING CIEA I COMPLETE Wpew MAAAD TASTV YeAST [ 1 PEOTEH FERMENTED,136
superyou,2724078654656186_0,Introducing KESAR BADAM FERMENTED YeAST PROTEIM: SUPERVOU real badam sllcesl Loaded with PRO FeRMEMTED YeaST PROTEIH 24g PRUIEL CUT @ovIng ColaME UlauW TASTY,157
superyou,27242690878719080_0,WHAT IF PROTEIN TASTED LIke THANDAI? Iutacoucid 24g KESAR BADAM PROTEIN GUT OVIG  SUPERVOV MAAAD TASTY CLEAM | CoMPLETE PRO FERMEMTED YeaST PAOTEV,146
superyou,27844951678476817_0,1 ISuPeBvQV 1 PROTEIN WAFER 70g PROTEIN,39
superyou,3538480539650873_0,THE LIGHTEST PROTEIN OUT THEREL 24g PROTEIN   QUT LOVNG | MMAAD TASTVL UP T0 SUPEBYOU ` % 25 FERMENTED VEaST pRoTeIN OFF +3r0 PREPAID BONUS EOLDI 592,149
superyou,36403578715955190_0,OUR LIGHTEST PROTEIN MEETS INDIAS TASTIEST FLAVOUR 24g Miroclcog PROTEIN KESAR (GUT @OVING BADAM MAAAD TASTY CLEAMICOMPLETE SUPERKQ PRO 'FERMEMTED 249 YEAST PROTEIR 25,167
superyou,36834367792844614_0,"BIG GAINS Iky JAR STARTING AT BIG SAVES: 31999 SUBFBYV SUDEBVV flauEKTED Weist Fedim SeL"" Fett[ted EaST FaITe 27g' GUT CLEAN  Maaad Ln LOVING | complete| TASTY",159
superyou,36984513941162587_0,"TASTES LIKE KULFL HITS LIke PROTEIN, KESAR 24g | FERMENTED BADAM PROIELH GHEVBY  SUPERVOV PRO Esak 8au FERMENTED VeAST PROTEL",125
superyou,37172892455690760_0,A SCOOP OF PURE INDULGENCE. 24g CLEAN Maaad LOMING | CoMpLETE TASTY HIEcai HAzECuu ciocq SUPERVOW PRC 0 Fermemted Ghdco Matelme VEAST Proifl,140
superyou,3956028457866894_0,REFILL YOUR PROTEIN STACK 249 PROTEM } FERMIEMTED | CuT LoLO |MRAAD TAESTN UP TO 25 OFF 4393 FREPAID BOHUS BuPEByov | BEByov | Mraniet Jtenst pron SUPEBVOU  Rniesiist emnnt Fetennm Fust dn Dite,193
superyou,4042216006077248_0,"FIRST BITE SO NICE; YOU'LL WANT IT TWICE PACK OF 2 AT 3449, 59 | MAde WHTH | <Q0 NO ADDED PROTEIN ATTA & JOWAR CALORIES SUGAR 1 ISUPERyQW ! 5D 1 1 SUPERVOV ETD I Faoter] % 4MaFB",177
superyou,4360843867461120_0,GHAR KA FAVOURITE GYM KA FAVOURITE 24g [GUT LOVING PROTEIN CLEAM ICOMIPLETE MAAAD = TASTY SBeWV- fenwewTed YEnST PROTEMn,120
superyou,4394727120799218_0,AT LEAST VOUR COFFEE IS CHILLED THIS SUMMERL [24g PROTEI) CLEAN | COMPLETE | MAAAd TaSTV? SUPEBHON FerMENTED VEAST PROTEN,121
superyou,4541456616112630_0,IHAT GOES IN YOUR COOKIE? 24g OF PROTEIN GUT LOVING CLEAN |COMPLETE MAAAD TASTY SUPERYON PRO anban FeaemTEd YeaST 'PROTEM,121
superyou,4602934630032340_0,Introducing Kesar Pista Badam YOUR MITHAI GOES MEGAL With teal prsla almonds; 2Og ADDED Frltt MuR | SuGar SUPERYOW 1 [0g PROTEN Mega WWAFER,139
superyou,4739771612918263_0,"It""S GIVING CLASSIC FLAVOURL P4gPROTEM CUT LOVING | MAaad TASTV! UP T0 25 % OFF +393 PREPHUD BONUS SUPEBYOU FERMEMTED E )VEAST I T PROTEIN Wcoi Dcu",147
superyou,836850332758281_0,"DITCh PLANT SIITCH TO FERMENTED. 24g"" 2ig pRdIEwe CUT LOVING | CLEAN | MAAAd TASTV! 3711,999 10n4 2349 SUPEBYOU tduTtID IL5I NGD 112349 SUPERYDV SUPEBVOV^ 1",156
superyou,857159460351560_0,PROTEIN THAT TASTES STRAIGHT OUT OF THE MITHAI MENU: NroDg KESAR BADAM 24g PROTEIN SUPERHOH CUT @OVING} PRO CLEAM ICOMIPLETE MAAAD TASTY TSAR LLT FEAMEHTED VEAST PAOTELY,169
superyou,858079270479088_0,1 ISuPeBvQV 1 PROTEIN WAFER 70g PROTEIN,39
superyou,871842159139906_0,Flavour that tastes like brownie HITS LIKE PROTEIN ChOco Mioe 24g HAZELNUT PROTEIN GUT LOVIG SUPERVOU MAaad TASTY cleaN IcOMpLETE PRC Fememnanie FeRMEMTED VEAST PROTELH,168
superyou,889632407479544_0,"PROTEIN WIth  PEAK (SuPEBNOW DETAILING 24,215 CUT LOMWNG  PRDEIN QMb iaS0 WPERYON 'SUPERYOWNOUyot",97
superyou,898259843291732_0,INDIAS FAVOURITE FLAVOUR; NOW IN PROTEIN KESAR 24g BADAM PROTEIN GUT LOVING MAAAD TASTY CLEAM ICO VPLETE SUPeBY@V fermemted  Tsadrel VeAST  PROTEI,146
superyou,907116045751160_0,IHAT IF PROTEIN TASTED LIkE THANDAI? HERE VOU GOL Nicdat KESAR 24g GUT LOVING BADAM PROMELN CLEAM I COMPLETE MaAad TaSTVI SUPERHOH PRO Lsaa badL FERMENTED YeaSt PROTEIH 24g,172
superyou,919529464506022_0,"NOSTALGIC TASTE: GUT FRIENDLY PROTEIN; 24g FERMENTED CLEAN Maaad YEAST PROTEIN | COMPLETE TASTY taCDucIG KESAR BADAM SUPFBVV Va dariu FerMeMTED "" VEAST 'PROTEI",159
superyou,920967354370562_0,THE NUTTIEST IAY TO GET JACKED: 24g PROTEIN GUT LOVING SUPERVOW CLEAMICO MpldE PR MAaAD TAST FCREMTED  TEaST 'paoten,116
superyou,940593132263683_0,"PROTEIN THAT""S MAAAD TASTYI UNLIKEPLANTPROTEIN; 24g GUT LOVING PHOJEIN GLEAN | COmpLETE MAAAd TAST SUPEIsuperVot PEMsupebVon  MEtE",130
superyou,944627154720689_0,THE MOST (GUT LOVING PROTEIN ON REPEAT: 35{2349 24g P27g 1e!4999 Lupebvov ]  rmnunana 042349 24g SupebVou ' Fnnrdmanaiea SUPEBYOH Ieuuia testrvIe 1 FERMENTED CLEAN | COMPLETE | MAAAD TASTV!,189
superyou,944871201367780_0,INTRODUCING SUPERYOU POWER PUFFS PIZZA IN A PUFFL SUPERYOU 13g PUFFS PROTELM 'POWER F H BakED 350 L |Baker PHn zepto Snop nowat= mdjou neares ( 5[0fe,149
superyou,945798441826746_0,YOUR GUT S FAVOURITE PROTEIN; NOW IN SMARTER PACKAGING: 24g PROTEIN SUPERVOW FERMEMTED GUT LOVING PRO MAAad TASTY feRMENTED VeASt PROTEL,136
superyou,956603733735124_0,LIGHT ON THE GUT; HEAVY ON PERFORMANCE. 24g PROTEIN  FERMEHTED | CLEAN | COMPLETE | MAAAD TASTY! 05 {2349 SUPEBHOU FERMEMTED VEAST PROTEM DaII MEEIC,148
superyou,974688465193153_0,GUT LOVING . GREAT TASTING. SMARTER PACKAGING. NOW IN JARS  27g   SUPERVOU PROTEIN PRO FERMENTED Uatltidvatd CLEAM ICOMPLETE FeAREMTED YeaST PROTELM MAAAD TASTY Trustified During transition; YOu may receive the older pack:,222
superyou,977073708661933_0,FERMENTED CLEAN | COMPLETE MAAAD TASTYI SUPEBVOU FERMENTED YEAST PROTEIN Aiatt Trustified IeuuRED 27g PROTEM SUPERIOR MUSCLE RECONERY PEAK PROTEI AbSORPTIOM LohrG doed FAI,171
superyou,977540225297295_0,OUT OF OFFICE NOT OUT OF SHAPEL PACK OF 5 SACHETS NFa SUPL SUPEbHV FERmENTED YE FeRMENTED T VeST = IPEOTE Gop7 24g ' QUT CLEAN MAAAD PROTEL LOVING | cOMpLETE TASTY DE aebtd,172
superyou,984841924251057_0,"THE PROTEIN YOU TRUST, IN AN UPGRADED PAcK 27g FERMEMTED  HOM JARS PROTEIM GUT LOVING MAaad TaSTy SUBFBVQV SUPEBVOU FEAMENTED TeAST Trustified FeaNI yted IEAST caotun Dulng transition; YOU Inay receive either pack.",214
superyou,999940342905164_0,THE THANDAIPROTEIN [S HEREL 24g | [GUT TOVING CLEAMICOMPLETE PROTEIN MAAAD TASTY SUPERVO Teana BlnuM FER MERTED VEAST PROTEIM,125
swiggy,1000035812755445_0,Swiggy Food you on time: Starting at 799 Cold coffee; hot deall,63
swiggy,1003552935981893_0,Swiggy Food you time A solid burger: For & solid *99 Oe,55
swiggy,1004576175757209_0,,0
swiggy,1004826868771702_0,Swiggy Food you on time: PcaGela ORigiNAL TASTE 2 1 Refreshing Delicious & cledohaico Alatne Get 66% OFF Tteme,110
swiggy,1007954201796935_0,Swiggy Food Your heart whispered: Cold Coffeel Flat F100 OFF FREE DELIVERY on your first order,94
swiggy,1011341568555056_0,"If taste hada language, Ahmedabad would say; ""Khush Thayi Jao""! Enjoy upto 70% OFF Swiggy Food you on time:",107
swiggy,1018823764240624_0,"Get 70% OFF* at La Pino'z Pizza ""TCA Swiggy Food you on time Pino'",66
swiggy,1019551991061573_0,Swiggy leozz Food you time. This burger means serious business: Flat <125 OFF,77
swiggy,1020533574087629_0,The easier way to eat well: Yaghma kababs Swiggy Food you on time:,66
swiggy,1030489309734693_0,"Swiggy 99 store Food you on time: Items at 899 Hot, steamy; delicious momos? Free delivery on all orders",104
swiggy,1035296145538232_0,"Swiggy Food you' on time: RICH GRAVY, REAL COMFORT Items starting at 99",71
swiggy,1037150862360085_0,Swiggy 99 store Food you Ime - The everyday comfort combo. ITEMS AT ?99 Tee Oco,79
swiggy,1040005828454771_0,"Cashback On Every Fee: CASH"" BACK Delvety F Pockoging = { Platform Fee Swiggy |NO FEE DAYS Food you on time:",108
swiggy,1041638785123370_0,Enjoy Flat ?200 OFF at Punjabi Angihiti Swiggy Food you on time:,64
swiggy,1042748988230925_0,'Swiggy s9Store Food you C Coffee from top brands at r99 Free delivery on all orders,84
swiggy,1044244578082557_0,Swiggy 99 store Food You Hrc. Say cheese: Say Dominos Items starting at 899,75
swiggy,1046319824442965_0,Swiggy 99 store Food You Hrc. Say cheese: Say Dominos Items starting at 899,75
swiggy,1051960650640226_0,Swiggy Food Need a hug in dessert form? Here's Gulab Jamun for youl Flat ?100 OFF FREE DELIVERY on your first order,115
swiggy,1061998396360988_0,Swiggy %9 store Food you on time: SAY CHEESE AT99,49
swiggy,1063466692683781_0,Enjoy 60% OFF at Deliure & The Eatrium DELIURE Upto {120 Swiggy Food you on time:,81
swiggy,1071308228888162_0,Swiggy 99 store Food you time  Items at 899 Taste That Hits Different,69
swiggy,1108266701763671_0,Swiggy Food you on time Sweetness served by the slice: 2320 HAP daily 2249 IIn Sliceit,86
swiggy,1170308026159076_0,Swiggy 99 store Fone Onnam SAY CHEESE 415991,44
swiggy,1185795993626391_0,"Swiggy Food you on time Namma Bengaluru, slide into feast mode with fresh deals:",80
swiggy,1205747531317196_0,"Swiggy Food you on time Namaskara Bengaluru, your feast time starts now:",72
swiggy,1219771886299997_0,Swiggy Food Enjoy steaming 6 momos Flat F1OO OFF FREE DELIVERY on your first order,82
swiggy,1230798115515661_0,,0
swiggy,1249729161552610_0,"Swiggy Food you on time: Items starting at RICH GRAVY, REAL COMFORT: 99 ""TCC opply",82
swiggy,1264000462301835_0,Swiggy Food you on time: Homely feeling served Items starting at ?99* ORDER NOW,79
swiggy,1284213493786766_0,Swiggy 99 store Food you time  Items at 899 Taste That Hits Different,69
swiggy,1288802943232629_0,Swiggy 99 store Food you time BIG BURGER ENERGY Atem 0t 7998,60
swiggy,1346641870949909_0,"Swiggy Food you on timc: RICH GRAVY, REAL COMFORT: Items starting at ? 99",73
swiggy,1349979183227662_0,Swiggy Food you on time  G9store Golden: & Perfeky; 1 R99,57
swiggy,1367412751978345_0,Swiggy Food you on tlme: Tn Hottoms Get 66% OFF,47
swiggy,1386119553411743_0,Swiggy Food you on time Every Hungry Moment Matters Enjoy 70% OFF,65
swiggy,1403118455207659_0,Swiggy HDFC BANK Lifetime Free Credit Card Save more on every spend with Swiggy ORNGEI How it helps: Liletime Frce No annual Fces Get 5% Cashback on Swiggy;  anstomon Dineout 19 j 1 58 Coshbock on Hmaton Mlptar CLaIk Yours Todat Emone,234
swiggy,1415315783892147_0,Enjoy Flat ?100 OFF at Nandhana Palace nandhana nandhana Swiggy Food you on time:,81
swiggy,1428739779008211_0,Swiggy 99 Store Food you on time. Items starting at 899 Cake it easyl Free delivery on all orders,97
swiggy,1429679425885409_0,Spicy Paneer Burger Wrap chipotle Chichen Burger Wrap Faasos Experience With Mess-Free Burger BURGER WRAPS jWDJS Vaw @olupt iWDJS V LAantoh bons Jav FLAT 8125*OFF 1 Swiggy Food you on time,188
swiggy,1432348132097325_0,Enjoy Flat 7125 OFF at Gulab Gulab 'TCA Swiggy Food you on time,63
swiggy,1438870341599234_0,"Swiggy Food you"" on time: 49 Store Simple: Crispy: Legendary: Items starting at 899",83
swiggy,1442631410597804_0,"Swiggy Food you on time Namaskara Bengaluru, turn hunger into @ feast with top offers.",86
swiggy,1444512497723444_0,Swiggy Food you on time: G9Store BIRYANI At 'TECs pply,54
swiggy,1457294392782998_0,"Swiggy Food you "" on time; Store Delicious deals € meals: ITEMS@<99 Zero packaolng charges""",91
swiggy,1466743118822324_0,Get Flat ?150 OFF at Pista House (ista Etouse Swiggy Food you on time:,70
swiggy,1469236884978112_0,Swiggy Food you on time: FLAT *2008 <o perfection 1,51
swiggy,1477025080774973_0,Welcome to Flat out Fabulous offers? Get Flat ?125 OFF sefl a8ud Malhura UIFUNi Reea FOKNLE Swiggy Food you on time:,116
swiggy,1484682346771763_0,"Swiggy Food you on time: Phata toaster; nikla hero Items starting at <99* ORDER NOW ""TEC Apply",94
swiggy,1506520024169446_0,Swiggy Food you on time: Starting at 799 Cold coffee; hot deall,63
swiggy,1510936540616813_0,Swiggy 99 Store Food you on time- PEAK INDULGENCE JUST FOR 899 : ( 8 TTDErnr,76
swiggy,1513979959929876_0,"Ghar me bani h tinde? Fikar not, hum hai nal Get Upto Flat ?200 OFF"" Swiggy Food you on time:",93
swiggy,1520512043140100_0,,0
swiggy,1520977519278272_0,Swiggy Food you on time: Big BIRTHDAY BASH ITEMS STARTING AT ?29,64
swiggy,1532460908388021_0,Swiggy 99 store Food you time  Items at 899 Taste That Hits Different,69
swiggy,1537542631445237_0,Swiggy Food you on time: G9Store BIRYANI At 'TECs pply,54
swiggy,1539569263792193_0,,0
swiggy,1539580130937138_0,Welcome to Flat out Fabulous offers? Get Flat ?125 OFF FOOD BreadSi= ory punjabi Rasoi MR 4i Swiggy Food you on time:,117
swiggy,1543078200756306_0,Swiggy 99 Store Food you on time. Items starting at 899 Cake it easyl Free delivery on all orders,97
swiggy,1548081416162910_0,Swiggy Foodyou IulfI Wi Get 66% OFF Tteme,41
swiggy,1561028578803239_0,"Swiggy G9store Food you @matme, Fries: Items startingat Burger: Repeat: R MYES8",79
swiggy,1568396898209032_0,Swiggy Et cln Onninal Baked for Obsession teobren  & FLAT r2008 theobroma,73
swiggy,1577975003268881_0,"Swiggy Food you on time: LOOKING TOO MATCHA-FINEI Se STARTING AT H 2 S 899 5 ""TEC apply",87
swiggy,1579199877005250_0,Swiggy HDFC BANK Finally; someone commits The Ornge Credit Card is now LIFETIME FREE! F0 joining fees F0 annual fees FO hidden charges Roheen { ornge ISHAH[ Moround],165
swiggy,1579502373964623_0,Swiggy Food You on tlmc: LUNCH BOX SHRAVAN SPECIALS NO:r= 7007 SeNdha,69
swiggy,1598394561837669_0,"Get Flat 60% OFF at Mr Phillys American Cheeseburgers 4us ""Pu ~APuta ARu8 ""eAse Fne nie i Swiggy Food you on time:",114
swiggy,1604726674140351_0,Swiggy Food you on time Namma Bengaluru; flip on feast mode with big-time savings.,82
swiggy,1617768680056035_0,,0
swiggy,1644811099913623_0,"Mood off? Thodu khai lo, everythings fine: Enjoy upto 70% OFF Swiggy Food you on time:",86
swiggy,1667592434389642_0,"Swiggy 99 store Food ~Ol Ume: Items at 299 Hot, steamy; delicious momos? Free delivery on all orders",100
swiggy,1695886801500880_0,Welcome Back. Flat out Fabulous offers for your cravings. Get Flat ?125 OFF Chaitanya Chitale Nulbue CIRCLEC )CRUST Swiggy Food you on time:,140
swiggy,1714419903113506_0,Bring home the taste of Nagpur: Enjoy Upto 50% OFF Swiggy Food you on time:,75
swiggy,1716408322739907_0,"Swiggy Food you"" on time: 49 Store Simple: Crispy: Legendary: Items starting at 899",83
swiggy,1723654048776323_0,Swiggy Food you on time Meals at free delivery Itn,50
swiggy,1732150954356601_0,"Swiggy G9store Food you @matme, Fries: Items startingat Burger: Repeat: R MYES8",79
swiggy,1732265868016795_0,Swiggy Food you on time: Wendys Sinco - 1969 FLAVOR FRESH BURGERS Use Code NOFOMO Grab 60%OFF eanErt Chicken Burger Ghenihinn Drnnchcken Cheniunalu Vec llroit Hlucder,166
swiggy,1736723010879325_0,Swiggy 99 Store Food you on time; Straight from the tandoor: 6 ! R99,68
swiggy,1736805000842931_0,Swiggy 99 store Fone Onnam SAY CHEESE 415991,44
swiggy,1744177123378935_0,Swiggy Food you on time RICE: SPICE: REPEAT: BIRYANI STARTING AT 249!,69
swiggy,1745387349696531_0,Swiggy 99 store Food You Hrc. Say cheese: Say Dominos Items starting at 899,75
swiggy,1761260498362848_0,Swiggy Food Need a hug in dessert form? Here's Gulab Jamun for youl Flat ?100 OFF FREE DELIVERY on your first order,115
swiggy,1767668204496429_0,REDY 7O Faass WRAP & ROLL? Now delivering in your cityl Swiggy Food you on time,79
swiggy,1789867822371066_0,Swiggy Food you on time This burger means serious business. Flat ?125 OFF leonz,79
swiggy,1834126084390551_0,Swiggy %9 Store Food you time: Crunchy; tangy; irresistible: Items at ?99,73
swiggy,1853210798690206_0,"Swiggy 99 store Food ~Ol Ume: Items at 299 Hot, steamy; delicious momos? Free delivery on all orders",100
swiggy,1870516587240012_0,"Swiggy HDFC BANK More than a card: A Premium Membership: Flat 11% Off on Flights Flat 249 Off on Hotels Up to 10% Cashback SiGn Todayi Global Golf Access L, 12 Complimentary Golf Lessons BLCK aohtem sham",203
swiggy,1904123926927052_0,Swiggy 99 Store Food you on time- PEAK INDULGENCE JUST FOR 899 : ( 8 TTDErnr,76
swiggy,1939399576753371_0,"Swiggy G9store Food you @matme, Fries: Items startingat Burger: Repeat: R MYES8",79
swiggy,1996375074294772_0,,0
swiggy,2022505001717059_0,"Swiggy Food you' on time: RICH GRAVY, REAL COMFORT Items starting at 99",71
swiggy,2030544637814977_0,Swiggy Food you on time Meals at free delivery Itn,50
swiggy,2031088921153116_0,Swiggy Food you on time: FLAT *2008 <o perfection 1,51
swiggy,2036993290245152_0,Swiggy Food you On Lime You just unlocked peak cravings Items starting at,73
swiggy,2044484319429142_0,Swiggy Food you on time Meals at free delivery Itn,50
swiggy,2051852198702796_0,Welcome Back. Flat out Fabulous offers for your cravings: Get Flat ?125 OFF SHVANIALI AFiO} Swiggy Food you on time:,116
swiggy,2054382721818301_0,Welcome Back Flat out Fabulous offers for your cravings: Get Flat ?125 OFF CaF Dure Bkw ISREVAG BOWLS Swiggy Food you on time:,126
swiggy,2055635341735477_0,Swiggy 99 store Food you Ime - The everyday comfort combo. ITEMS AT ?99 Tee Oco,79
swiggy,2068653180404500_0,Swiggy Food you on tlre. G9 store MEZZE MOOD STARTING AT R99 Zero packaging fee on all orders,93
swiggy,2089426332449628_0,Swiggy LC Protein FOODS Chef Food you on time The Taste Of Feeling Good Items starting at ?39,93
swiggy,2090770988531102_0,"Mood off? Thodu khai lo, everythings fine: Enjoy upto 70% OFF Kem Choll Ahmedabad Swiggy Food you on time:",106
swiggy,2097270877783803_0,"Swiggy Food you on time: Meals at free delivery ""TSCs apply 'Exclusive of platform fee",86
swiggy,2112390159715759_0,Swiggy HDFC BANK Finally; someone commits The Ornge Credit Card is now LIFETIME FREE! F0 joining fees F0 annual fees FO hidden charges Roheen { ornge ISHAH[ Moround],165
swiggy,2127713981464755_0,"Swiggy Food you"" on time: 49 Store Simple: Crispy: Legendary: Items starting at 899",83
swiggy,2148853372617937_0,Swiggy Food Enjoy steaming 6 momos Flat F1OO OFF FREE DELIVERY on your first order,82
swiggy,2169314023907154_0,"Swiggy Food you on time store Items at Food for the soul 899 Free delivery on all orders""",89
swiggy,2174151326663409_0,nagy Food,9
swiggy,2207175183377963_0,"Swiggy Food you on time store Items at Food for the soul 899 Free delivery on all orders""",89
swiggy,2253090365452597_0,Swiggy Food you on time: Get 66% OFF Tteme,42
swiggy,2264855587256031_0,Swiggy 99 Store Food you on time- PEAK INDULGENCE JUST FOR 899 : ( 8 TTDErnr,76
swiggy,2264944394311748_0,"Swiggy Food you on time Namma Bengaluru, switch to feast mode with big savings?",79
swiggy,2276298616237381_0,Swiggy 99 Store Food you on time. A street classic for matchday: Chole kulche at 899 Zero packaging fees,104
swiggy,2323541774799863_0,"Swiggy 99 store Food ~Ol Ume: Items at 299 Hot, steamy; delicious momos? Free delivery on all orders",100
swiggy,2442609152893621_0,"Get Flat *150 OFF at Shah Ghouse Hotel & Restaurant ""TCA Swiggy Food you on time",80
swiggy,25042812788728128_0,Swiggy Food you on time: Homely feeling served Items starting at ?99* ORDER NOW,79
swiggy,2514930128948071_0,"Swiggy Food you on time store Items at Food for the soul 899 Free delivery on all orders""",89
swiggy,2517512212029208_0,BEHIROUZ The Roval Biryani e 30% OFF ON ORDERS ABOVE <179 Roval feast; the Behrouz way Swiggy Food you on time,110
swiggy,25585422851149237_0,Swiggy Food you on time: Homely feeling served Items starting at ?99* ORDER NOW,79
swiggy,26051843981078326_0,Swiggy Food you on time: Starting at 799 Cold coffee; hot deall,63
swiggy,26434939496099048_0,Swiggy Food you on time Namaskara Bengaluru; turn on hunger mode with top deals:,80
swiggy,26887732414238392_0,Swiggy 99 Store Food you on time. A street classic for matchday: Chole kulche at 899 Zero packaging fees,104
swiggy,27430661853266339_0,,0
swiggy,27527370976914687_0,Swiggy 99 store Food You Hrc. Say cheese: Say Dominos Items starting at 899,75
swiggy,2765151073863696_0,Swiggy Food you on time. HANDCRAFTED HAPPINESS: GET FLAT r2008,62
swiggy,27695691933421214_0,Swiggy Food you on time Taste That Keeps Calling Enjoy 70% OFF,62
swiggy,27695789910039838_0,"If taste had a language, Ahmedabad would say; ""Khush Thayi Jao""! Enjoy upto 70% OFF Kem Choll Ahmedabad Swiggy Food you on time:",128
swiggy,27721724060853788_0,'Swiggy s9Store Food you C Coffee from top brands at r99 Free delivery on all orders,84
swiggy,2776494446051839_0,Swiggy 99 Store Food you on time. Items starting at 899 Cake it easyl Free delivery on all orders,97
swiggy,27916485021303703_0,"Swiggy 99 store Food you on time: Items at 899 Hot, steamy; delicious momos? Free delivery on all orders",104
swiggy,27939973935655823_0,Swiggy Food you on time: Gourmet Triple Treats? Earn Upto 8225cashback,70
swiggy,2797681667297365_0,Swiggy Food you on time: Blo BIRTHDAYBASH IT'S PARTY OCLOCK! CELEBRATE WITH MIN <200 OFF 12 Teca,96
swiggy,2864361967245486_0,Swiggy 99 store Food you time  Items at 899 Taste That Hits Different,69
swiggy,2882595051910747_0,Swiggy 99 Store Food you on time. Items starting at 899 Cake it easyl Free delivery on all orders,97
swiggy,3165176170344483_0,"Swiggy Food you on time; Get wholesome meals R99 Simple food, serious comfort",77
swiggy,3198018070587395_0,"Swiggy Food you "" on time; Store Delicious deals € meals: ITEMS@<99 Zero packaolng charges""",91
swiggy,3231031833742555_0,Swiggy Food Need a hug in dessert form? Here's Gulab Jamun for youl Flat F100 OFF FREE DELIVERY on your first order,115
swiggy,3373033906202526_0,"Swiggy Food you on time: Sweet, creamy; irresistible: Enjoy flat r2O0OFF"" on gourmet favourites",95
swiggy,3438118009695151_0,Swiggy Food you on time: G9Store BIRYANI At 'TECs pply,54
swiggy,3493346024160335_0,Arefined take on everyday hunger: FEte Swiggy Food you on time: GALXY ' 'RESTAURANT,83
swiggy,3638227086317797_0,Swiggy Food Need a hug in dessert form? Here's Gulab Jamun for youl Flat F100 OFF FREE DELIVERY on your first order,115
swiggy,3863666177263287_0,"Swiggy 99 store Food ~Ol Ume: Items at 299 Hot, steamy; delicious momos? Free delivery on all orders",100
swiggy,4060227990778399_0,Bringing Napur's heart to your home: Enjoy Upto 50% OFF Swiggy Food you on time:,80
swiggy,4135710303227961_0,Swiggy 99 store Food You Hrc. Say cheese: Say Dominos Items starting at 899,75
swiggy,4234604426852006_0,"Swiggy Food you on time store Items at Food for the soul 899 Free delivery on all orders""",89
swiggy,4256500624612197_0,,0
swiggy,4298957466914484_0,Swiggy Food Need a hug in dessert form? Here's Gulab Jamun for youl Flat F100 OFF FREE DELIVERY on your first order,115
swiggy,4360178160893622_0,Swiggy theobroma Ietd FLAT r2008 Baked for Obsession,52
swiggy,4374086169546887_0,Swiggy Food you on time_ Store Straight from the tandoor: 6 ! R99,65
swiggy,4404289069793034_0,"Swiggy HAP Foodyou OnTime daily Sweet cravings, solved orj d stick 340 ?35 6",76
swiggy,4411690469152113_0,Swiggy 99 Store Food you on time- PEAK INDULGENCE JUST FOR 899 : ( 8 TTDErnr,76
swiggy,4438178576466802_0,Swiggy Food you on time: GOOD FOOD GOOD MOOD_ GET 70%OFF,56
swiggy,4625840634327061_0,"Swiggy Food you' on time: RICH GRAVY, REAL COMFORT Items starting at 99",71
swiggy,4819398074953450_0,Swiggy 99 store Fone Onnam SAY CHEESE 415991,44
swiggy,748719791425699_0,"Swiggy Food you on time Namma Bengaluru, let'$ feast big and save bigger:",73
swiggy,750454964784146_0,"Swiggy Food you on time: LOOKING TOO MATCHA-FINEI Se STARTING AT H 2 S 899 5 ""TEC apply",87
swiggy,762466606819670_0,"Swiggy Foodyou ' on time. Attention, POHA LOVERS? Items starting at ?99' ORDER NOW Tcacoy",89
swiggy,812112364818072_0,Swiggy Food Need a hug in dessert form? Here's Gulab Jamun for youl Flat ?100 OFF FREE DELIVERY on your first order,115
swiggy,826547139942723_0,Swiggy Food you on time: Homely feeling served Items starting at ?99* ORDER NOW,79
swiggy,843905624665438_0,Swiggy Food you on time: Just Pav No Zyada Bhaav_. Items starting at 799 ORDER NOW,82
swiggy,857663660548998_0,"The answer to ""what'$ next?"" is usually food_ STA MALABA Restaurant Paidoia Poiotta hub Full (n Cale Swiggy Food you on time:",125
swiggy,870949865846036_0,Swiggy Food you on time Meals at free delivery Itn,50
swiggy,901276415931489_0,Swiggy Food you on time: Eiid Burgers starting at 829,53
swiggy,901877796297308_0,The Taste Of Feeling Good Items starting @t 539' Protein FOODS Chef Swiggy Food you on time:,92
swiggy,905826825588297_0,Swiggy 99 Store Food you on time. A street classic for matchday: Chole kulche at 899 Zero packaging fees,104
swiggy,911293534623513_0,BEIIROUZ The Roval Biryani e Starting @? 409 Bring home A Roval Behrouz feast Swiggy Food you on time,101
swiggy,918994771243110_0,Swiggy Food you on time: G9Store BIRYANI At 'TECs pply,54
swiggy,919323727146900_0,Swiggy 99 store Food You Hrc. Say cheese: Say Dominos Items starting at 899,75
swiggy,919993587741901_0,"Swiggy Food you on time store Items at Food for the soul 899 Free delivery on all orders""",89
swiggy,926568090053766_0,Swiggy Food you on time: Starting at 799 Cold coffee; hot deall,63
swiggy,941718562120791_0,Swiggy Food you on time: Sweet dreams are made of thisl Items starting at ?99 ORDER NOW,87
swiggy,952560320934041_0,Swiggy 99 Store Food you on time. Items starting at 899 Cake it easyl Free delivery on all orders,97
swiggy,965522299582391_0,"Swiggy Food you "" on time; Store Delicious deals € meals: ITEMS@<99 Zero packaolng charges""",91
swiggy,973807732384033_0,"Swiggy HAP Food you ontme daily Sip your sweet cravings away: 340 ?35 Arww ICE CREAMSH44KE""",91
swiggy,977802254604819_0,Swiggy Food you on time: Sweet dreams are made of thisl Items starting at ?99 ORDER NOW,87
swiggy,978464311714920_0,Swiggy 99 store Food you time  Items at 899 Taste That Hits Different,69
swiggyinstamart,1004061255592442_0,"ina? Fresh produce at the lowest prices. Corander Leoves"" Sans toun Jouach Green Chilll Storta Tron 89 I0o 0 Curry Leoves Starte am {10- nnuncr Insta delivered to your doorstep_",177
swiggyinstamart,1011369948013866_0,"iar? All your K-beauty secrets delivered to your doorstep? WONDE: Quench Ior &n Dota, Free Delivery On All Orders",113
swiggyinstamart,1011402961724465_0,"insta mart Curry vekkam:= Tension illathel HRP762 836 ARP: ? 39Q 7360 HAP: 452 7138 Eastem) Kehtsici (Hllli Get <100 free cash on your first order Ghee, oil & chilli delivered in a tap: coconfd DQu}",198
swiggyinstamart,1013834404959736_0,HtH FREE insta DELIVERY mart on orders above ?99 Insta delivered to your doorstep 3O0OO+ products Cash on delivery,114
swiggyinstamart,1014122224672727_0,Cheese Herbs Bakes Uths BUY Get Buy Get cund,44
swiggyinstamart,1017646887664895_0,Bakeia Dozn_ COFFEE cake ZERO PALM O1l LOVE cAdliti #andgr CHEF & €O . Fol YdER,79
swiggyinstamart,1018620994301471_0,inaq BATTERED TTHERIGHTWAY Stone-ground Made in Small Batches GET FLAT <50 OFF NOICEIO with noice STONECRQUND [RLtBOSA BAtubr  Matinculimwidedt E,145
swiggyinstamart,1035192892623433_0,5RyZ Ploter 15X Thon 1 mini soya chunks 100% bw Iol vegetarian (ortnulcodcom Enosoeo,84
swiggyinstamart,1035253415581365_0,insta mart Indoor games delivered to your doorstep? Free delivery on all orders SEQUENCE UNO TAMBOLA,100
swiggyinstamart,1035862672168590_0,"insta mart Your complete campus kit? Eaet Bocheoctoijo 7999 {8713 Menen Dd {1,399 Mnet 82,279 Tol Bags, watches € accessories, delivered instantly",146
swiggyinstamart,1036757285494279_0,"insta mart FREE DELIVERY on orders above ?99r z0,000+ products delivered to your doorstep insta",95
swiggyinstamart,1037287908731003_0,"insta mart Diapers, wipes & more; dollvered t0 youl HuGGIES co ectundioott Rmei Ltties Free Delivery On AIl Orders Mm",117
swiggyinstamart,1038255215285178_0,KENT ATTA MAKER BrEAD  MaKER,28
swiggyinstamart,1038961632261001_0,a)C ',5
swiggyinstamart,1040481631714641_0,"insta mart FREE DELIVERY on orders above ?99 30,000+ products insta delivered t0 your doorstep",94
swiggyinstamart,1041860961661884_0,inat? Farm-fresh fruits; dolivered instantly Robusio ponono Doily Applo Mandarin Orongo R27 [85 k59,99
swiggyinstamart,1042312728328698_0,"""8289 QoicE TOMEET YOU Noice beverages. Available on instamart 989 INDLN TOMIC WATER 5382 3882",94
swiggyinstamart,1044574087934848_0,"insta mart FREE DELIVERY on orders above ?99 30,00O+ products Insta delivered to your doorstep",94
swiggyinstamart,1049444600848064_0,Yumms DIGESTIVEJ,16
swiggyinstamart,1051453787432981_0,"inatq Premium rakhis, mithai, gifts & more: Raksha Bandhan AuguST Insta Mart Everything for Rakshabandhan, delivered instantly",126
swiggyinstamart,1055783063524220_0,iatq B4838 Grab any 1essential at 'DegIgRT Dilicht D Cood CHUNKIES carc fudgelt @ 588 Free delivery on all your orders_,119
swiggyinstamart,1058439326663421_0,FicARO OLIVE OIL VLL SPANISH BRAND Net quantity: Z Oml (182g/,61
swiggyinstamart,1061065842938266_0,Aoagth aboBhuU noice,20
swiggyinstamart,1062660649615616_0,iaq Puja essentials delivered t0 your doorstep? IT] Free Delivery On All Orders Totetcmolr Hon[,95
swiggyinstamart,1066937132424798_0,JALAPENO lima SENOR PEPHTO HORTILLA ( CHIPS,43
swiggyinstamart,1067180749156649_0,FRESH TENDER COCONUT; delivered instantly Starts from 859 pc insta mart,71
swiggyinstamart,1069869989307422_0,"iaq Raksha Bandhan huqusT Premium rakhis, mithai; gifts & more: Insto Idg Everything for Rakshabandhan_ dellvered Instantly",123
swiggyinstamart,1076062845373934_0,a)C ',5
swiggyinstamart,1089844407036377_0,"iaq Raksha Bandhan nuqusT Premium rakhis, mithai; gifts & more: Insto Tdg Everything for Rakshabandhan_ dellvered Instantly",123
swiggyinstamart,1095854632774323_0,insta mart Vrat essentials; just when you need them: Milky Mist Fruit Yogurt Blueberry Daily Apple 80 834 8140 884 Robusta Banana {50 235  mukyMist L Cee Free delivery on all your orders:,187
swiggyinstamart,1145104922026331_0,insta mart UNBEATABLE PRICES ON FRESH VEGETABLES: Starting from {24 Red Cabbage 2pc Starting from {33 Lettuce Iceberg Ipc Broccoli Starting from {25 Free delivery on all your orders,181
swiggyinstamart,1163782980152349_0,inat? Farm-fresh fruits; dolivered instantly Robusio ponono Doily Applo Mandarin Orongo R27 [85 k59,99
swiggyinstamart,1175311361428189_0,insta mart FRESH TENDER COCONUT; delivered instantly Stans 859 Ipc,66
swiggyinstamart,1186732666979212_0,Cadbuu TEMPTATIONS ALMONDI TREAT oos,36
swiggyinstamart,1221324596804759_0,"instg Bahdan august Kickstart the festive season with Rakhi Festive essentials, delivered to your doorstep: Elebeu",114
swiggyinstamart,1233023368949487_0,"inatq Premium rakhis, mithai, gifts & more: Raksha Bandhan AuguST Insta Mart Everything for Rakshabandhan, delivered instantly",126
swiggyinstamart,1234878138745785_0,"XXL With Disposal Covers nua Zero Irritation: PROMISE_ Toxic FAEE Oby Ond tokeycut [C_L @anucunlamorto Night Comfort Pads avtr '#rotectiok"" OVEANIGHT XXL (320 mm) 10 PADS",170
swiggyinstamart,1276374644704462_0,insta mart Kitchen utensils delivered to your doorstep: Free delivery on all orders Pigcon Prozsuro Ccoler Bargnar Tr-Ply Stolnlots Steni Vodol Wondcreaci Dola Vowo,164
swiggyinstamart,1297014475839625_0,"insta mart 30,000+ PRODUCTS All delivered to your door!",55
swiggyinstamart,1309845434570566_0,insta mart Starting from {9 Mint Leaves Ibunch Green Chilli [oog] Coriander Leaves Ibunch Free delivery on all your orders,122
swiggyinstamart,1312325397681654_0,"inaq Upgrade your fruit bowl? Indean Dmcaertin 7205 1209 Promnlum Ouova 739 Drogen Frult {65 Get premium fruits, delivered instantly",132
swiggyinstamart,1327507872891766_0,"inaq NOICE SLICE FOR YOU Get Flat <50 off on your fiIrst ordet; Moice noice"" Noiceio 53' Wopatnoll Cltedwth high qualityingra #icnts Adieeta-eoe",144
swiggyinstamart,1327720069510797_0,insta mart FRESH TENDER COCONUT; delivered instantly Stans 859 Ipc,66
swiggyinstamart,1338292161692585_0,"insta mart 30,000+ PRODUCTS All delivered to your door!",55
swiggyinstamart,1338856588352331_0,"iatq FREE DELIVERY ABOVE 4899 30,0OO+ products Insta delivered to you Cash on delivery ""TeC,apl",95
swiggyinstamart,1341955654709443_0,HtH FREE insta DELIVERY mart on orders above ?99 Insta delivered to your doorstep 3O0OO+ products Cash on delivery,114
swiggyinstamart,1343067547580825_0,insta mart LADDOOING ItRIGLIT: Hondmade Fresh & RAJGIRA CHIKKI mnanicntr ML Kaju 8 noice 8 Ladbod Ju+Oon e 3 free Delivery on all orders.,137
swiggyinstamart,1345256966972753_0,insta mart APPLES AT LOWEST PRICES. Apple 2 Pcs Starting from {85 Royal Gala Apple 2 Pcs Starting from {115 Free delivery on all your orders,140
swiggyinstamart,1351258233501450_0,ADVANCED FORMULA Colgate Jnnnnan Aatrnty Foothenite SUPER SAVER STRONG TEETH 24HouR CAvITY ProtECTION Calcium Boost+ with Arginine 2009 200g 1009,145
swiggyinstamart,1351690043817302_0,Ihdae V I Ihda- V M / Jhol V I/ Ihdae V,39
swiggyinstamart,1352747880182798_0,1 2,3
swiggyinstamart,1355312510064317_0,,0
swiggyinstamart,1355387132942810_0,iatq BU8H8 Pick any breakfast essentialat Lo0 @ 12p 24 500 9 HATSUN Ctt Free delivery on all your orders_ lobcrn,112
swiggyinstamart,1357231603264236_0,KENT ATTA MAKER BrEAD  MaKER,28
swiggyinstamart,1362914049262588_0,"insta mart FREE DELIVERY on orders above ?99r z0,000+ products delivered to your doorstep insta",95
swiggyinstamart,1364639665777670_0,,0
swiggyinstamart,1365999675407356_0,3 noice,7
swiggyinstamart,1367545628904549_0,"iatq Bahdan Roli, chawal, aur pyaar: Rakhi taiyaar: Lon ooeco Festive essentials, delivered to your doorstep_",109
swiggyinstamart,1373219821650205_0,"insta mart Milk, eggs & bread delivered to your door! Brjuah Licious Rnee SANDWiCH Wmitc Brcad Free Delivery On AIl Orders",122
swiggyinstamart,1375325780600426_0,iatq B4838 Grab any 1essential at 'DegIgRT Dilicht D Cood CHUNKIES carc fudgelt @ 588 Free delivery on all your orders_,119
swiggyinstamart,1385989860057760_0,,0
swiggyinstamart,1418983560091078_0,Ihdae V I Ihda- V M / Jhol V I/ Ihdae V,39
swiggyinstamart,1419988246647405_0,iatq BU8H8 Pick any breakfast essentialat Lo0 @ 12p 24 500 9 HATSUN Ctt Free delivery on all your orders_ lobcrn,112
swiggyinstamart,1437239845120771_0,"insta mart FREE DELIVERY on orders above ?99 30,000+ products insta delivered t0 your doorstep",94
swiggyinstamart,1459102692769226_0,iatq BU8H8 Pick any breakfast essentialat Lo0 @ 12p 24 500 9 HATSUN Ctt Free delivery on all your orders_ lobcrn,112
swiggyinstamart,1472274717917775_0,JUSTGOT LAID 79 PrOtDIN NO ANNDIONCS Avallable om instamalt noice,65
swiggyinstamart,1493057379532838_0,instq B4881 Nescafe iced latte at {1 NescAFE LiFTe Delivered t0 your doorstep,77
swiggyinstamart,1497148985538681_0,"insta mart 30,000+ PRODUCTS All delivered to your door!",55
swiggyinstamart,1504495611071528_0,insta mart Scoop-worthy savings GET UP TO 45% OFF Kwalit Wollie Cornotto Danoo DLCL) DOUBLE CHOCOLAT Simply Sitaphal Go 'ZERO siinphx WPLI 3 3 DUEZ Gold],153
swiggyinstamart,1521414736446374_0,insta mart HIGH EGGS PROTEINT THE Right Way DOMEE Zero Antibiotics High Protein noice 5557 HI Paotein GZf NUT & beanfeed Insta delivered to your doorstep,153
swiggyinstamart,1533112475277557_0,"iatq FREE [DELIVERYA ABOVE 2299 Insta delivered to your doorstep 30,000+ products Cash on delivery Tcc APPl",107
swiggyinstamart,1536159371569628_0,inatq MATCH DAY MEETS SNACK DAY Get Flot ( 7100 olt order on VOUr [NOicez] peteto QOicE W5?4: hoicel? 94 Made fresh in small batches No palm oil snacks No calorie beverages,172
swiggyinstamart,1543301864149347_0,iatq 54838 Pick any snack-time favourite at 135 m Hocco BINGoI CC0 M ORIGINAL PEPSE HiD Autar Free delivery on all your orders bhl,130
swiggyinstamart,1543473694120920_0,"insta mart Flawless base , delivered to youl ducaeteaeei M onitmcmti Vtdkuc ate enfruator FIT Me LAKME Folrmteh WwQu Free Delivery On All Orders Lcp?",149
swiggyinstamart,1553206609539622_0,"insta mart FREE DELIVERY on orders above ?99 30,00O+ products Insta delivered to your doorstep",94
swiggyinstamart,1562517631937369_0,iatq 54838 Pick any snack-time favourite at 135 m Hocco BINGoI CC0 M ORIGINAL PEPSE HiD Autar Free delivery on all your orders bhl,130
swiggyinstamart,1564996498624766_0,J2EROY6 ALCOHOL Gsatlntine SODA NON AlcohOLIC CARbONatED WateR,62
swiggyinstamart,1568983251618308_0,iatq BU8H8 Pick any breakfast essentialat Lo0 @ 12p 24 500 9 HATSUN Ctt Free delivery on all your orders_ lobcrn,112
swiggyinstamart,1572436214245953_0,"insta mart 30,000+ PRODUCTS All delivered to your door!",55
swiggyinstamart,1575906747411638_0,"insta mart A NOICE BREAHEAST SERVEEDI Freshly= Ibotches 'mude "" ~smoll t noice Roonm9 E noice 546 Moice n PEANUT noice 5 sder BreAD IhuM 188 Emrnmecro Insta delivered to your doorstep",183
swiggyinstamart,1587110329578198_0,"ia? Roli, chawal, aur pyaar: Rakhi taiyaar: Bahdan dugut Cacooagooscoeceers Festive essentials, delivered to your doorstep_",123
swiggyinstamart,1587535656361094_0,"insta mart Everything you need for @ vrat, all in one place: Popular Essentials Sabudana 725 755 Supreme Harvest Aashirvaad Himalayan Buckwheat Flour (Kuttu) Pink Salt (Sendha Namak) 370 845 POPULAR 7120 885 Lel SurVESf AASHIRVAAD PINR SYAN LLT ub GA WiSt Aecalad Ciecsaod Free delivery on all your orders:",306
swiggyinstamart,1590920035880832_0,"insta mart FREE DELIVERY on orders above ?99 30,00O+ products Insta delivered to your doorstep",94
swiggyinstamart,1610512760752355_0,"inatq Premium rakhis, mithai, gifts & more: Raksha Bandhan AuguST Insta Mart Everything for Rakshabandhan, delivered instantly",126
swiggyinstamart,1611505080561349_0,"ia? Roli, chawal, aur pyaar: Rakhi taiyaar: Bahdan dugut Cacooagooscoeceers Festive essentials, delivered to your doorstep_",123
swiggyinstamart,1613619560172219_0,iatq 54838 Pick any snack-time favourite at 135 m Hocco BINGoI CC0 M ORIGINAL PEPSE HiD Autar Free delivery on all your orders bhl,130
swiggyinstamart,1615745110113864_0,iaq Fresh quality Badhiya prices: Ginger Garlic Stark; 817 Starts - Tram Wmm 23 Lemon Start Tram 739 Zod - 2000 2000  Insta delivered to your doorstep:,151
swiggyinstamart,1619191353197382_0,iatq BU8H8 Pick any breakfast essentialat Lo0 @ 12p 24 500 9 HATSUN Ctt Free delivery on all your orders_ lobcrn,112
swiggyinstamart,1630370571371837_0,"insta mart Jewellery for every look, delivered to youl GlarA Htott Pendunc Chaln Hechoee GIvA Fontt Ennnnds GIva Pcoci Gianct Bracultt Tou Dero Free delivery on all your orders",176
swiggyinstamart,1631757215332933_0,"insta mart Whatever your pooja thali needs, we deliver it! Mangaldeep 3 in Agarbatti {05 749 Shubhkart Nitya Copper Kalash 7350 2299 [uing] SATVIK Rudraksh Jaap Mala {329 <129 31 ""Iect#ool Free delivery on all your orders:",222
swiggyinstamart,1643920310052369_0,ENLIGS realingredienm MadeWIHL noice ~Dark  'chOcoLate Mea Eiuaed 0Ekilu7t0 slowichuwed TW Aallahlecn natamam,109
swiggyinstamart,1644206286649328_0,hoice B E RRY FlZZ WITH BEMEFLTS,32
swiggyinstamart,1645370126571153_0,"insta mart Self-care essentials, delivered to your doorstep: LOREAL TOTAL REPAIR 5 Simple refreshing racial wash BFPAROS 'Dot  SkEY DHconi Free Delivery On All Orders",166
swiggyinstamart,1651618129458011_0,noice  sweET SALTY BIS Cultst BAKERY STYLE BISCUITS MADE WIH WHIe BuTTER aoice No PaLMOiL ' Mo PRESERVATNVES,108
swiggyinstamart,1660395465024287_0,FicARO OLIVE OIL VLL SPANISH BRAND Net quantity: Z Oml (182g/,61
swiggyinstamart,1666282574581932_0,"insta mart Cool sips, cooler prices Starting at 329 Storia Tender Slice Mango Coconut Water Drink Coca Cola Zero Soft Drink Storia eecdoda COCONUT lice",151
swiggyinstamart,1683169346093934_0,insta mart Fresh fruits delivered to your doorstepl Free delivery on all orders,79
swiggyinstamart,1683171132785145_0,Ihdae V I Ihda- V M / Jhol V I/ Ihdae V,39
swiggyinstamart,1686567446811804_0,,0
swiggyinstamart,1688973452302399_0,"insta mart Your summer care favourites at UP TO 60% OFF"" Plum BodyLovln' Gift Set Lakme Sun Expert sunacreen Body Juxa Vanlla Vihes Bath & Body Gilt Set  EMe JA6a",162
swiggyinstamart,1690315765562399_0,"insta mart SNACKS TATYOULOVB HOMESTYLE AUTHENTIC RECIPES MuruK_u | BAAN Inoice  noice | Delivery on all orders  peanbos Vappoora| hoice"" noice",142
swiggyinstamart,1691498235432811_0,"BOROSIL""",8
swiggyinstamart,1695252058435275_0,hoice B E RRY FlZZ WITH BEMEFLTS,32
swiggyinstamart,1699968974665365_0,insta mart Power banks & chargers delivered to your doorstepl bOAT EnergyShroom Powarbank Samsung Original USB Cable Ambrano Port Adapter tErtont Free delivery on all orders,173
swiggyinstamart,1705249140732375_0,iaq Baby care essentials delivered to your doorstepl Aieeno 5 (3Bo #oAbsorb Qacd Free Delivery On All Orders,108
swiggyinstamart,1707534533854069_0,1 2,3
swiggyinstamart,1712167419779176_0,iaq Baby care essentials delivered to your doorstepl Aieeno 5 (3Bo #oAbsorb Qacd Free Delivery On All Orders,108
swiggyinstamart,1719647672643663_0,LOVELE TENDER idazt SLOW CHURNED WMALOVE REAL NGREDTENTS Available on instamart noice ceNUt,91
swiggyinstamart,1724344865484699_0,"insta mart FREE DELIVERY on orders above ?99r z0,000+ products delivered to your doorstep insta",95
swiggyinstamart,1725451571942112_0,"insta mart Diapers, wipes & more; dollvered t0 youl HuGGIES co ectundioott Rmei Ltties Free Delivery On AIl Orders Mm",117
swiggyinstamart,1728731235119373_0,"insta mart Jewellery for every look, delivered to youl GlarA Htott Pendunc Chaln Hechoee GIvA Fontt Ennnnds GIva Pcoci Gianct Bracultt Tou Dero Free delivery on all your orders",176
swiggyinstamart,1731949911455032_0,,0
swiggyinstamart,1736188944210317_0,inaq DaRL Giao-Golate-OgeLatO MadEWH REALINgredieNIS Get Seotlfrse 750 off order Use code NOICEIO slow churned WivhLoVE ~Dark  noice IatokarerfhM] elckis chOcoLate,163
swiggyinstamart,1736251931049972_0,,0
swiggyinstamart,1744880300000599_0,"iatq FREE DELIVERY ABOVE 4899 30,0OO+ products Insta delivered to you Cash on delivery ""TeC,apl",95
swiggyinstamart,1749256719601942_0,Soul NiI 1 & CQ 8 RIBBON MURUKKU 1 8 8 SUPER Taste QualiTM SUPER,64
swiggyinstamart,1752886749075218_0,Nest Ktkao cele break Assorted Pack,35
swiggyinstamart,1765257131156736_0,insta mart FRESH SABZI: LOWEST DAAM: Bottle Gourd Tpc Green Capsicum 2 pc Starting from {24 Starting from {12 Free delivery on all your orders,142
swiggyinstamart,1772298983932917_0,PH ( CONES - 4sminE,19
swiggyinstamart,1774715900550145_0,Sanisk,6
swiggyinstamart,1788005222225694_0,Cadbuu TEMPTATIONS ALMONDI TREAT oos,36
swiggyinstamart,1806795803633299_0,"iatq FREE [DELIVERYA ABOVE 2299 Insta delivered to your doorstep 30,000+ products Cash on delivery Tcc APPl",107
swiggyinstamart,1813951723351364_0,"iatq Bahdan Roli, chawal, aur pyaar: Rakhi taiyaar: Lon dooeco Festive essentials, delivered to your doorstep_",110
swiggyinstamart,1821995982096694_0,inaq NOICE SLICE FOR YOU Get Flot <50 off on Vour E first : order; noicet noice Moiceio #2TE Kpolme Crsiadwimh ghe Jalllly ingh.ants VaacdoAanr,143
swiggyinstamart,1859046472171118_0,iatq 54838 Pick any snack-time favourite at 135 m Hocco BINGoI CC0 M ORIGINAL PEPSE HiD Autar Free delivery on all your orders bhl,130
swiggyinstamart,1889116538714302_0,iatq 54838 Pick any snack-time favourite at 135 m Hocco BINGoI CC0 M ORIGINAL PEPSE HiD Autar Free delivery on all your orders bhl,130
swiggyinstamart,1907141576630713_0,iatq 54838 Pick any snack-time favourite at 135 m Hocco BINGoI CC0 M ORIGINAL PEPSE HiD Autar Free delivery on all your orders bhl,130
swiggyinstamart,1908727636762881_0,insta mart Starting from {9 Mint Leaves Ibunch Green Chilli [oog] Coriander Leaves Ibunch Free delivery on all your orders,122
swiggyinstamart,1929138704433572_0,"iatq FREE [DELIVERYA ABOVE 2299 Insta delivered to your doorstep 30,000+ products Cash on delivery Tcc APPl",107
swiggyinstamart,1963377884371034_0,insta mart Restock on oil & gheel Saeit {166 Ghet Pouch ALnene 2309 500 ml Amul Che? 1 sun Ite 172 Free delivery on all your orders_,132
swiggyinstamart,1983942325589974_0,"noice RICH BUTTER 3 BABERY TST StyLE BISCUTS Hq0%a BUTTER No PALM Oil;, IVATINES 'Presea"" ""tinoesaak coditndittctt",114
swiggyinstamart,1986415471992460_0,inaq NOICE SLICE FOR YOU Get Flot <50 off on Vour E first : order; noicet noice Moiceio #2TE Kpolme Crsiadwimh ghe Jalllly ingh.ants VaacdoAanr,143
swiggyinstamart,1997405090916866_0,"insta mart FREE DELIVERY on orders above ?99 30,000+ products insta delivered t0 your doorstep",94
swiggyinstamart,2021748081778250_0,PH ( CONES - 4sminE,19
swiggyinstamart,2054099388473196_0,ia? Detergents delivered to your doorstep: Surf excel Arlel Matc POWER GEL 10038 Ish Free Delivery On All Orders,112
swiggyinstamart,2071877453729081_0,Marrots  Ne SODA [DLIICIOUS STONEGROUND IDLI DOSA BATTER Available on instamart noice| TONECRQUND DLIDOSA,105
swiggyinstamart,2111727676415914_0,inaq DaRL Giao-Golate-OgeLatO MadEWH REALINgredieNIS Get Seotlfrse 750 off order Use code NOICEIO slow churned WivhLoVE ~Dark  noice IatokarerfhM] elckis chOcoLate,163
swiggyinstamart,2117413495520709_0,250ml) 4700 CRUNCHY CORN Leae BARBEQUE COCKVATLS WHISKEY SouR LLMON CINNAMON ORANge Hnnees Lt mitthoon 40g,106
swiggyinstamart,2124195641519976_0,"iatq Your campus survival kit, upgraded! PlcuonSwil Aecrinechn Hmbiam C1,0r9 71,649 Gontult 7899, Free delivery on all your orders_",131
swiggyinstamart,2125843717959529_0,insta mart Summer ready fridge bottles STARTING AT <199 Borosil Neo Cello Glass Glass Bottle Water Bottle SOLARA Stainless Steel Water Bottle {olid 'HzO,152
swiggyinstamart,2138850373365840_0,"iatq FREE DELIVERY ABOVE 4899 30,0OO+ products Insta delivered to you Cash on delivery ""TeC,apl",95
swiggyinstamart,2155835635174000_0,insta mart Power banks & chargers delivered to your doorstepl bOAT EnergyShroom Powarbank Samsung Original USB Cable Ambrano Port Adapter tErtont Free delivery on all orders,173
swiggyinstamart,2178064812734367_0,iaq Fresh quality Badhiya prices: Ginger Garlic Stark; 817 Starts - Tram Wmm 23 Lemon Start Tram 739 Zod - 2000 2000  Insta delivered to your doorstep:,151
swiggyinstamart,2208164893058399_0,insta mart Raincoats starting from 7149 CITIZEN PVC Fcincodl ZEEL } Rolo ockot RobusTT Woloiprooi polnoot Free delivery on all your orders_,139
swiggyinstamart,2218212932312885_0,inat? Party mixers delivered to your doorstep? Bacardi Free Delivery On All Orders Jonic  tLD Tualct Schweppes,110
swiggyinstamart,2224429924985741_0,insta mart Personal wellness essentials delivered to your door! MAMorce 8 NTens Rhyth Free delivery on all orders,113
swiggyinstamart,2264021067666069_0,"insta mart YOUR FIRST PRINT ORDER IS Delivered to your doorstepl FREE No Peek Policy Ycui documonn {0din pnvoto Security Dinga arofoo 4dpolcia dollyon Safety Docunont dalado""cn prnted:",184
swiggyinstamart,2275783333273833_0,,0
swiggyinstamart,2288339901914370_0,iatq BU8H8 Pick any breakfast essentialat Lo0 @ 12p 24 500 9 HATSUN Ctt Free delivery on all your orders_ lobcrn,112
swiggyinstamart,2291226458349381_0,"insta Raksha mart Bandhan cucu Kickstart the festive season with Rakhi Festive essentials, delivered to your doorstep_",118
swiggyinstamart,2329331317602605_0,Cadbuu TEMPTATIONS ALMONDI TREAT oos,36
swiggyinstamart,2332829714157582_0,82 8 ~0 1 6 2 3 1,17
swiggyinstamart,2389135348277338_0,5RyZ Ploter 15X Thon 1 mini soya chunks 100% bw Iol vegetarian (ortnulcodcom Enosoeo,84
swiggyinstamart,2461968900915060_0,Sumeet,6
swiggyinstamart,2566331843789795_0,,0
swiggyinstamart,2627996314281788_0,"insta Raksha Mart Balahal Small-size rakhis: Full-sized pyaar: JLGm 48 <991 Rakhis for kids, delivered to your doorstep: Hape  Rakhi""",133
swiggyinstamart,26986672144333804_0,Marrots  Ne SODA [DLIICIOUS STONEGROUND IDLI DOSA BATTER Available on instamart noice| TONECRQUND DLIDOSA,105
swiggyinstamart,27001961442816348_0,insta mart APPLES AT LOWEST PRICES. Apple 2 Pcs Starting from {85 Royal Gala Apple 2 Pcs Starting from {115 Free delivery on all your orders,140
swiggyinstamart,2701930020190132_0,"inaq NOICE SLICE FOR YOU Get Flat <50 off on your fiIrst ordet; Moice noice"" Noiceio 53' Wopatnoll Cltedwth high qualityingra #icnts Adieeta-eoe",144
swiggyinstamart,27280491414948556_0,"BOROSIL""",8
swiggyinstamart,27300635682936288_0,"iatq FREE [DELIVERYA ABOVE 2299 Insta delivered to your doorstep 30,000+ products Cash on delivery Tcc APPl",107
swiggyinstamart,27531799159837780_0,hoice B E RRY FlZZ WITH BEMEFLTS,32
swiggyinstamart,27656420157287712_0,inaq DaRL Giao-Golate-OgeLatO MadEWH REALINgredieNIS Get Seotlfrse 750 off order Use code NOICEIO slow churned WivhLoVE ~Dark  noice IatokarerfhM] elckis chOcoLate,163
swiggyinstamart,27798973229791681_0,"insta mart noice 2ii KEEp YOUR WIth 7749 CooL THANDI LASSII 749 noice noice', Ess 0s_ 4Co Free delivery on all your orders",122
swiggyinstamart,28252967487654334_0,iatq 54838 Pick any snack-time favourite at 135 m Hocco BINGoI CC0 M ORIGINAL PEPSE HiD Autar Free delivery on all your orders bhl,130
swiggyinstamart,2866202130408895_0,iaq A GOOD DEAL JUST FOR YOU! 50 on your next order,51
swiggyinstamart,2917332285287952_0,"instg Bahdan august Kickstart the festive season with Rakhi Festive essentials, delivered to your doorstep: Elebeu",114
swiggyinstamart,2920854024914644_0,"noice RICH BUTTER 3 BABERY TST StyLE BISCUTS Hq0%a BUTTER No PALM Oil;, IVATINES 'Presea"" ""tinoesaak coditndittctt",114
swiggyinstamart,3108205739367897_0,QDECATHLON,10
swiggyinstamart,3203639950026497_0,inat? DRV ERUITS THAT HIT THE TASTE BUDS aHo PALM QIL ShACL noice TASHETS CRURchy : SHOKI MOice airioid; ARTIFICAL FLAvOURS  VO ppesebvaTIVES Delivery on all orders,164
swiggyinstamart,3244337302412163_0,insta mart Power banks & chargers delivered to your doorstepl bOAT EnergyShroom Powarbank Samsung Original USB Cable Ambrano Port Adapter tErtont Free delivery on all orders,173
swiggyinstamart,3348522502112892_0,"insta mart FREE DELIVERY on orders above ?99 30,000+ products insta delivered t0 your doorstep",94
swiggyinstamart,3378478249025796_0,"insta mart JUEENS THAT Hit refresh Fresh Cold Pressed No Preservatives @OiCE noice EAPPLEJUI noice, 93848 CT Insta delivered to your doorstep",141
swiggyinstamart,3444771645700551_0,THE BEST ThING SINCE SLICED BREAD 5 seEd MULTIGRAIN BREAD noice SEED GrA BREAD MuL Avallable on Instamart,105
swiggyinstamart,3599080990241328_0,"XXL With Disposal Covers nua Zero Irritation: PROMISE_ Toxic FAEE Oby Ond tokeycut [C_L @anucunlamorto Night Comfort Pads avtr '#rotectiok"" OVEANIGHT XXL (320 mm) 10 PADS",170
swiggyinstamart,36656820620582844_0,insta mart Indoor games delivered to your doorstep? Free delivery on all orders SEQUENCE UNO TAMBOLA,100
swiggyinstamart,3708234026007572_0,inaq BATTERED TTHERIGHTWAY Stone-ground Made in Small Batches GET FLAT <50 OFF NOICEIO with noice STONECRQUND [RLtBOSA BAtubr  Matinculimwidedt E,145
swiggyinstamart,37885461137719629_0,iatq BU8H8 Pick any breakfast essentialat Lo0 @ 12p 24 500 9 HATSUN Ctt Free delivery on all your orders_ lobcrn,112
swiggyinstamart,3930737020560645_0,insta mart Need print outs? Get them at your doorstep Instaprints Safety Documents deleted once printed: Security Prints are scaled before delivery: No Peek Policy Your documents remain private:,194
swiggyinstamart,4019800944987710_0,"""#mob Gala ADVANCED floor CLOTH Easy Dirt Ciean Up Cou ieu)",59
swiggyinstamart,4269104863341467_0,J pirhyer Prenu LLSKIN I6,25
swiggyinstamart,4326224624294790_0,"hoich 8 V € HA Koh MELE""LED0 ~5tout",35
swiggyinstamart,4388743498034578_0,insta mart Personal wellness essentials delivered to your door! MAMorce 8 NTens Rhyth Free delivery on all orders,113
swiggyinstamart,4505332199725124_0,"insta mart Anew phone to kickstart the new semester: OPPoKi4I 716,299/ SaminnnGALMI 516 489 Cenur roolmo PLx 720,99, OPPO Kuu"" 650C "" Goxanet noroPl Fuo Curatdu 45WY Free delivery on all your orders_",199
swiggyinstamart,4701892820043202_0,"insta Raksha mart Bandhan li Kickstart the festive season with Rakhi Festive essentials, delivered to your doorstep_",116
swiggyinstamart,843802438516844_0,insta mart FRESH SABZI: LOWEST DAAM: Bottle Gourd Tpc Green Capsicum 2 pc Starting from {24 Starting from {12 Free delivery on all your orders,142
swiggyinstamart,852158011285343_0,"insta mart Cooking essentials delivered to your doorstepl Free delivery on all orders 4c4gi4d ct DAAWAT ""SUPER Miete Mirtot Mlr 1 0 sun",135
swiggyinstamart,853615827582651_0,inatq MATCH DAY MEETS SNACK DAY Got Flot ! Z100 olt order on VOUr [NOicez] peteto QOiCE W5?A: hoicel? #Y Made fresh in small batches No palm oil snacks No calorie beverages,172
swiggyinstamart,854163807459970_0,HtH FREE insta DELIVERY mart on orders above ?99 Insta delivered to your doorstep 3O0OO+ products Cash on delivery,114
swiggyinstamart,882167221256372_0,"Moice maNdMadB CASKELY 490 IK4 MADE WITH WHITE BUTTER BAKERY STVLE BISCUITS No PALM C O1L, NO PRESERVATIVES",107
swiggyinstamart,887924194360207_0,insta mart FRENCH BEANS starting from ?19 French Beans 250 g Free delivery on all your orders,93
swiggyinstamart,894427003671486_0,insta mart Indoor games delivered to your doorstep? Free delivery on all orders SEQUENCE UNO TAMBOLA,100
swiggyinstamart,897389836721004_0,"insta mart Craving & chocolate? Get it at your doorstep: @I5 Dairy  Mikinis) @"" Ol:h max Panv quid 22 Free delivery on all orders",129
swiggyinstamart,903132809531769_0,FicARO OLIVE OIL VLL SPANISH BRAND Net quantity: Z Oml (182g/,61
swiggyinstamart,907722685715634_0,inaq LADDOOING ItriduT: Hondmode ~Fresh € RajgIRI (Hlkki noioelg Laddoo' 2 3 free Delivery on all orders,104
swiggyinstamart,908409065640054_0,"Grade Finals iaq Powered by deadlines & munchies: Taalsalee, BikolHondmedo bhullc Koralc Poanut Gawis Hiz 749 8149 {60F1o TAALI VuaSIeu  Feuro SalTCU @im Iatdennnemudt MITtut Sounshut on Get your snack favourites, delivered instantly",233
swiggyinstamart,944125568687919_0,"""#mob Gala ADVANCED floor CLOTH Easy Dirt Ciean Up Cou ieu)",59
swiggyinstamart,947373951694357_0,250ml) 4700 CRUNCHY CORN Leae BARBEQUE COCKVATLS WHISKEY SouR LLMON CINNAMON ORANge Hnnees Lt mitthoon 40g,106
swiggyinstamart,954181020983616_0,ina? Laundry essentials deliveredtoyour doorstep: 2I00 Surf excel Tfde Arig_ WMMMA 00r Free Delivery On All Orders 2k9,118
swiggyinstamart,977610188649307_0,"inaq Upgrade your fruit bowl? Indean Dmcaertin 7205 1209 Promnlum Ouova 739 Drogen Frult {65 Get premium fruits, delivered instantly",132
swiggyinstamart,978848194783871_0,"insta mart 30,000+ PRODUCTS All delivered to your door!",55
swiggyinstamart,981925757781383_0,LOVELE TENDER idazt SLOW CHURNED WMALOVE REAL NGREDTENTS Available on instamart noice ceNUt,91
swiggyinstamart,989391800628248_0,0,1
swiggyinstamart,991370877022480_0,insta mart Kitchen utensils delivered to your doorstep: Free delivery on all orders Pigcon Prozsuro Ccoler Bargnar Tr-Ply Stolnlots Steni Vodol Wondcreaci Dola Vowo,164
swiggyinstamart,997594343275386_0,FicARO OLIVE OIL VLL SPANISH BRAND Net quantity: Z Oml (182g/,61
swiggyinstamart,999977983054819_0,insta mart B4838 Grab any 1essentialat Go0 9 WURREI JumL 5000 saumnaun Fina de Free delivery on all your orders.,112
the_souled_store,1003572019172222_0,SHOP NOW Souled Sfore,21
the_souled_store,1013246054950693_0,,0
the_souled_store,1013827541279607_0,OVERSIZED FIT 3[ PREMIUM HEAVY GAUGE FABRIC,43
the_souled_store,1018435664232157_0,OVERSIZED FIT 3[ PREMIUM HEAVY GAUGE FABRIC,43
the_souled_store,1021524407164178_0,COMPRESSION TECH,16
the_souled_store,1023969760524849_0,Souled SPIDeRLRSE SPIDER-MAN; SCARLET WEB GENERAL ACcESs Now LIVE LIMITED PIECES ON,83
the_souled_store,1024887590144561_0,TfeNAGE WutIeMINJB 77z HIGHTOP SNEAKERS Now LIVE SOuled Sfore 2025 Viacom,73
the_souled_store,1029082133372973_0,Now HYDERABAD BANJARA,21
the_souled_store,1031807676410665_0,OFFICIAL D8-ix SNEAKERS GENERALACCESS NOW LIVE Souled Sfore,59
the_souled_store,1035309872423326_0,Escape in Style SHOP SHIRTS (ganad Soded Store,46
the_souled_store,1037685022200784_0,The SOULED SPDERMAN OFFICIAL BACKPACK 20L CAPACITY Built FOR EveryDAY CaRRY EXPLORE NOW,87
the_souled_store,1040327755363724_0,,0
the_souled_store,1043064508473350_0,MADE FOR THE MAIN CHARACTER IN YOU EXPLORE NOW Sodled Sfore @BREADWINNER,72
the_souled_store,1048700524229543_0,836a OWN A PIECE OF THE GRAND LINE JOIN THE WAITLISTI FOR INDIA'$ FIRST OFFICIAL @ IPEC SNEAKERS,96
the_souled_store,1049834548012963_0,GURKHA PANTS ADJUSTABLE WAISTBAND MADE WITH PURPOSE Sog1ed) Sfre,64
the_souled_store,1054854573895380_0,THE D MONEY A E ST AETTC SHOP NOW So8ed Store,45
the_souled_store,1055511224123391_0,Souled Sfore 204480 SP@ErVEse OFFICIAL BRAND NEW DAY DROPs 20L CAPACITY WATER RESISTANT MULTI-FUCTIONAL GEAR NOW LIVE,117
the_souled_store,1057552243987909_0,Look for the day 007.30 09.30 TAP TO EXPLORE Sfore,50
the_souled_store,1058872183206466_0,,0
the_souled_store,1062859176426037_0,NOWVE SURAT VARACHHA,20
the_souled_store,1063600229029919_0,,0
the_souled_store,1063873972831030_0,9814 Hoand= role Sonenyuadimimnola 'InpchMIrOLS  POWER POLOS BY THE SOULED STORE,80
the_souled_store,1065091279201486_0,CHEESE THEDAY,13
the_souled_store,1065112962754380_0,FThat S what she said4 Hicheel Scott,36
the_souled_store,1066357972808577_0,NOW LIVE RAJASTHAN,18
the_souled_store,1067124402654012_0,Cult Classics by The Souled Store,33
the_souled_store,1071033112052959_0,SHOP MEN'S POLOS 87d ouled Sfore,32
the_souled_store,1073132158554690_0,THE NEW PLAID SHIRTS TREND Souled Sfore,39
the_souled_store,1073798225176893_0,,0
the_souled_store,1075941544932739_0,COMFORT IS THE FLEX SHOP MEN SHIRTS So8ted Sfore,48
the_souled_store,1078536691463103_0,KOREAN JOGGERS NOw RESTOCKED,28
the_souled_store,1081643257537339_0,Qu Sotled} Sfore,16
the_souled_store,1097123236074725_0,Conor 'Bul LD MONEY ghop Kom,28
the_souled_store,1279480567427603_0,Cult Classics by The Souled Store,33
the_souled_store,1289054169807821_0,So40 SAbBis phaSe - | @ROP-5 ULED OFFICIAL BRAND NEW DAY DROPS NOW LIVE G@CMAm cL 'ULCD,87
the_souled_store,1303934725288593_0,Soiled Sfore 1OO+ PRRERTYPES WE PERFECTED THE COMFORT; SO YOU DONTHAVE TOTHINK ABOUT YOUR FEET; BE3PP3N8/ PSTAPSRM ENIGRICED LIGHBUEGHT,135
the_souled_store,1324399549458496_0,Now Livi HVDERABAD 3aeul acSut,30
the_souled_store,1326281696162437_0,Vesolleo SpDrriEst THE MOST DEMANDED MERCH OF 2026 POPULAR DEMAND ReSTOCKEDON NOW Live ONLY FOROUR MEMBERs Ortt,111
the_souled_store,1345059154487930_0,KINFOIK KOREAN COLLECTION SHOP NOW Souled Sfore,47
the_souled_store,1345587997758195_0,OVERSIZED FIT 3[ PREMIUM HEAVY GAUGE FABRIC,43
the_souled_store,1350702430485428_0,,0
the_souled_store,1351354666477714_0,OVERSIZED FIT 3[ PREMIUM HEAVY GAUGE FABRIC,43
the_souled_store,1355577742787390_0,SO8led  Store fazy_ MORNING GLUB EXPLORE LQUNGEWEAR,51
the_souled_store,1359086052611283_0,DESIGNED FOR ALL-DAY COMFORT SHOP MEN POLOS Souled Sfore,56
the_souled_store,1360774669510411_0,VELOCITY 2.0 OUTLASTS EVERY ADVENTURE SHOP NOW Souled Sfore,59
the_souled_store,1362734072636687_0,0 FFIC|A L JAR WARS TK-421 NOW LIVE Souled Sjore,48
the_souled_store,1367178582185571_0,OVERSIZED FIT,13
the_souled_store,1369198358676437_0,Souled Sfore,12
the_souled_store,1371252151789942_0,"He,bouleD SPDEsEE WaRRIOR DENIMS ONE LAST Restock DNLY SQ0 PIECES MADE 0 2026 MARVEL",84
the_souled_store,1392849242909806_0,)@ EXPLORE Cult Classics 5T37 shyt:,35
the_souled_store,1394708409246653_0,OVERSIZED FIT PREMIUM HEAVY GAUGE FABRIC,40
the_souled_store,1412164880757357_0,SHOP TTrendy Dresses Sodled Sfore,33
the_souled_store,1420998273216879_0,Premium Cotton Linen Shirts Q E UZUay HAEAAALE MeL SHOP NOw,59
the_souled_store,1433021925428260_0,"BE IN LINE FOR INDIA'S FIRST OFFICIAL RUEP [CG SNEAKERS GOING LIVE ON 16 AUGUST, 12PM Sbuled Sfore",98
the_souled_store,1434441605183337_0,NOW LIVE PUNE ELPRO CITy SQUARE MALL,36
the_souled_store,1438173011477011_0,,0
the_souled_store,1438613618101701_0,CHEESE THEDAY,13
the_souled_store,1490473162838555_0,PANTJAMAS By The Souled Store Crafted With Premium Scuba Fabric Socled ISfore,77
the_souled_store,1496281448520314_0,OVERSIZED FIT PREMIUM HEAVY GAUGE FABRIC,40
the_souled_store,1507728871155275_0,Souled : Sfore,14
the_souled_store,1518103326670302_0,ALL NEW KOREAN JOGGERS Souled Sfore,35
the_souled_store,1525085765778248_0,,0
the_souled_store,1533077027708635_0,OVERSIZED T-SHIRTS WAnDERLUST Sodled Store,42
the_souled_store,1539155471288665_0,OVERSIZED FIT,13
the_souled_store,1541164394692238_0,C@MINGSOON ShLLONG police BAZAR,31
the_souled_store,1541443197528093_0,23722 exPLORE polos Mad To The Bone STRGHT OUtt7 TTC B25 OLD_ ScHOOL,68
the_souled_store,1542705554065493_0,Sotled Sfore Holtest Fits  Style Guides The asati Files Tap to Explore Designs,78
the_souled_store,1551899203094484_0,SHOP MEN'S POLOS 87d ouled Sfore,32
the_souled_store,1553653423170759_0,BE IN LINE FOR INDIA'S FIRST OFFICIAL RUEP [CG SNEAKERS EVERY PIRATE NEEDS A CREW sbuled Sfore,94
the_souled_store,1556432332678982_0,SHADOW DRAGON N | LIMITED DESIGNER drOP SHOP NOW SoEled  Sfore,62
the_souled_store,1558010952526048_0,OVERSIZED FIT PREMIUM HEAVY GAUGE FABRIC,40
the_souled_store,1563008792129053_0,,0
the_souled_store,1564114905359191_0,INSPIRED BY ANIME'$ GREATEST HERO 1 8ided DR43 117/ OFFICIAL COLLECTION EXCLUSIVE MEMBER DROP,93
the_souled_store,1569899307837578_0,The SOULED SPDERMAN OFFICIAL BACKPACK 20L CAPACITY Built FOR EveryDAY CaRRY EXPLORE NOW,87
the_souled_store,1581253106700026_0,PREMIUM EMBROIDERED SHIRTS TAP TO EXPLORE Souled Sfore,54
the_souled_store,1582724410294314_0,Souled SPIDERMAN PERFUME NOW LIVE Aut ue H Souled Sfore 7e0pr Mavee,67
the_souled_store,1586764953110688_0,Shop For KOREAN JOGGERS Now Socled Sfore,40
the_souled_store,1587330143005206_0,COMPRESSION TECH,16
the_souled_store,1588391876346396_0,ALL-NEW PET SHIRTS MADE FOR HAPPY TAILS So8led Siore SHOP NOW,61
the_souled_store,1590621392719169_0,SHOP THE NEW COLLECTION So8led Store,36
the_souled_store,1592352185760012_0,5 THE CUTEST PAIR IN TOWN BUBBLES: HELLO KITTY NOWLIVE Sodted Jfore,67
the_souled_store,1595496305629791_0,THE LOUNGEWEAR EDIT BY THE SOULED STORE TAP TO EXPLORE,54
the_souled_store,1596360755554214_0,He Swakgitty So8led JSfore NOw LIVE Feaenat,43
the_souled_store,1621579082727851_0,So40 SAbBis phaSe - | @ROP-5 ULED OFFICIAL BRAND NEW DAY DROPS NOW LIVE G@CMAm cL 'ULCD,87
the_souled_store,1622233762896706_0,Its all in the details Shop Shirts Soiled Store,47
the_souled_store,1624822405928101_0,Sodled Store,12
the_souled_store,1641144243617540_0,POLOS STITCHED TO PERFECTION Souled Sfore,41
the_souled_store,1649418800527591_0,INSPIRED BY ANIME'$ GREATEST HERO 1 8ided DR43 117/ OFFICIAL COLLECTION EXCLUSIVE MEMBER DROP,93
the_souled_store,1654691805594347_0,SouleD SPDEriErsy SPIDER-MAN PERFUME [EB-SLINGER ERFUKE For Mem EAWDE ? REU NOW LIVE 2020 MARVEL,96
the_souled_store,1673020243806115_0,SoBted JSfore THE INTERNET'S FAVOURITE KOREAN JOGGERS SHOP NOW,62
the_souled_store,1692924541763922_0,L U 1 Q 00 Souled Sfore,23
the_souled_store,1699481747947388_0,INDIA'S LARGEST OFFICIAL Yarly Potter COLLECTION STEP INTO THE MAGICAL WORLD OF HOGWARTS SOuled Sfore,101
the_souled_store,1701755287784268_0,Why ' is the owlet giving you the middle finger? TAP TOFIND OUTI Souled Sfore,77
the_souled_store,1703860843997402_0,ialed SEASON FoR DRESSES EXPLQRH IHE CQLLECLION,47
the_souled_store,1710540396857168_0,"EXPLORE T-SHIRTS Soded ISfore""",30
the_souled_store,1719999208934260_0,OVERSIZED T-SHIRTS WAnDERLUST Sodled Store,42
the_souled_store,1720023419256444_0,Kawaii Umbrella ONLY 50004MADE SHOP Now soed Sfore  92026 SANRIO C0 LTDD KUROMI,79
the_souled_store,1725624752194855_0,SOPHISTICATION IN EVERY STITCH EXPLORE POLOS Sodled Sfore,57
the_souled_store,1730817381270190_0,ouled  Sfore MSNOT STORE ITS EXPERIENCE SNDHu BHNVA AHME DAHAL NOWINE,69
the_souled_store,1743425343573479_0,,0
the_souled_store,1743682396815136_0,'RELAXED FIT,12
the_souled_store,1746650643023814_0,OVERSIZED FIT PREMIUM HEAVY GAUGE FABRIC,40
the_souled_store,1747086882977107_0,,0
the_souled_store,1751693352514918_0,,0
the_souled_store,1755751588788636_0,,0
the_souled_store,1759055385238967_0,FThat S what she said4 Hicheel Scott,36
the_souled_store,1776416303774603_0,OFFICIAL BATMAN SNEAKERS NOW LIVE THE Dhtuae Sdd Sotled iore,60
the_souled_store,1776760303311455_0,)@ EXPLORE Cult Classics 5T37 shyt:,35
the_souled_store,1787329635610013_0,,0
the_souled_store,1798208448161901_0,SOPHISTICATION IN EVERY STITCH EXPLORE POLOS Sodled Sfore,57
the_souled_store,1803861860780612_0,CAUGHT Slaying EXPLORE LATEST COLLECTION,40
the_souled_store,1808984593420266_0,OFFICE EDIT BY THE SOULED STORE WRAP Shiri: REGAL BROWN SOUIDS: CLASSIC CREME COTTION UINEN PANTS: BLUESTONE PANTJAMAS: VANILLA CREAM [,135
the_souled_store,1838185294224572_0,SHRRTS FOR YOUR NEXT GETAWAY EXPLORE NOW Souled Sfore,53
the_souled_store,1842339813596965_0,THOUGHTFULLY MADE TIBETAN TALES The Souled Sfore,48
the_souled_store,1873656000276050_0,"OFFICIAL IRON MAN BACKPACK 25[ CAPACITY STARK INDUSTRIES SMART ORGANIZATION 180"" STORAGE ACCESS NOW LIVE Souled Sfore 2020 MAAVEL",129
the_souled_store,1946552312967252_0,THOUGHTFULLY MADE TIBETAN TALES The Souled Sfore,48
the_souled_store,1957705834908198_0,KOREAN JOGGERS THE EASIEST WARDROBE UPGRADE YOU'LL MAKE_ So2led Sfore 7 ^,73
the_souled_store,2021571358451769_0,,0
the_souled_store,2039943893286220_0,,0
the_souled_store,2067172053918225_0,SET SAIL WITH LUFFY 8ed JOIN THE WAITLIST FOR INDIA'S FIRST OFFICIAL SUEPICC SNEAKERS,85
the_souled_store,2067190837484689_0,,0
the_souled_store,2086942451914687_0,,0
the_souled_store,2097689717841271_0,musali20 BACKPACK Jv Sotled Sfore,33
the_souled_store,2104406600514550_0,HDRaLI SURAT LP SAVANI ROAD Ia,30
the_souled_store,2116332462595458_0,Vesolleo SpDrriEst THE MOST DEMANDED MERCH OF 2026 POPULAR DEMAND ReSTOCKEDON NOW Live ONLY FOROUR MEMBERs Ortt,111
the_souled_store,2119246845659963_0,PANTJAMAS BY THE SOULED STORE CRAFTED WITH PREMIUM SCUBA FABRIC,63
the_souled_store,2131568654370185_0,,0
the_souled_store,2155454325380107_0,Je@dad Rd-Mt SNEAKERS NOW LIVE,30
the_souled_store,2160413734833446_0,THE NEW PLAID SHIRTS TREND Souled Sfore,39
the_souled_store,2213268916187776_0,,0
the_souled_store,2238365126967563_0,TIMELESSLY TAILORED SHOP POLOS Sided Ouled,42
the_souled_store,2273148949890970_0,Souled Sfre SWING INTO STYLE WITH OFFICIAL BRAND NEW DAY DROPS Ferrr Rtu,72
the_souled_store,2312318859515675_0,RESTOCKED LILdwd PIECES OTLY Spiirierse Souled SPIDER-MAN: GWEN STACY Souled Stre 2026 MARVEL,93
the_souled_store,2415959715480070_0,IsHOP NOW Aase Souled Sfore,27
the_souled_store,2490220118118976_0,SebpRES PHASE-4 DROP-IZ GENERAL ACCESS NOW Uve,46
the_souled_store,2491883387946071_0,He Swakgitty So8led JSfore NOw LIVE Feaenat,43
the_souled_store,26855847900757873_0,3824 3i5i Dattt PREMIUM POLOS B Y TM E S 0 U L E D S T 0 R E,60
the_souled_store,2714035955660598_0,WEAR VOUR VIBE EMBROIDERED SHOP SHIRTS Souled Sfore,51
the_souled_store,27273508399016788_0,Why is the crocodile giving you the middle finger? TAP TO FIND OUTI Souled Sfore,80
the_souled_store,27424560627238040_0,"""' . <6",7
the_souled_store,27581152321511427_0,,0
the_souled_store,27802884622698856_0,SHOP FOR KOREAN JOGGERS Souled Sfore,36
the_souled_store,27944759881811375_0,WEAR THE DETAILS SHOP MEN'S EMBROIDERED SHIRTS SoBled Sfore,59
the_souled_store,28008618662066478_0,HOUSE # DRAGON FIRE AND BLOOD PE RFUME FIRE AND BLOOD NOW LIVE Souled Sfore,75
the_souled_store,2806993029700847_0,KOREAN JOGGERS NOw RESTOCKED,28
the_souled_store,28074049215522093_0,LIMITED ED !TI0 N RrMx SNTEAKERS NOW LIVE Souled Sfore,54
the_souled_store,28121401324131055_0,SHIRTS Designed to Stand Apart By The Souled Store,50
the_souled_store,28417169604542416_0,OFFICIAL BATMAN SNEAKERS NOW LIVE THE Dhtuae Sdd Sotled iore,60
the_souled_store,28489627993972371_0,Souled : Sfore,14
the_souled_store,28724658627122063_0,,0
the_souled_store,3044683925728415_0,musalir 20  BACKPACK Souled Sjore MADE FOR THE JOURNEY,54
the_souled_store,3065207243675114_0,,0
the_souled_store,3096406527363722_0,OFFICIAL BATMAN SNEAKERS NOW LIVE THE Dhtuae Sdd Sotled iore,60
the_souled_store,3119096008429279_0,,0
the_souled_store,3145843689139726_0,Courac? cowardly Dog SAME Shit difberavt,40
the_souled_store,3342124375948889_0,OVERSIZED FIT 3[ PREMIUM HEAVY GAUGE FABRIC,43
the_souled_store,3464052420430570_0,POLOS STITCHED TO PERFECTION Souled Sfore,41
the_souled_store,3760401080769095_0,NOTHING BUT THE FINEST POLOS EXPLORE NOW Socled Sfore 02 eet,60
the_souled_store,37655170994073927_0,"""' . <6",7
the_souled_store,38572494319016172_0,PANTJAMAS BY THE SOULED STORE AISHAA This IS The Most COMFORTABLE PURCHASEIHAVE MADE IN LONG TIME: WEAR THESE PANTS LITERALLY ALLDAYI,133
the_souled_store,4213148758998263_0,NOW LIVE BOPAL AHMEDABAD,24
the_souled_store,4369654359922783_0,OVERSIZED FIT This I5 My 35,27
the_souled_store,4623558307924740_0,0 FFIC|A L JAR WARS TK-421 NOW LIVE Souled Sjore,48
the_souled_store,4906579679664417_0,So40 SAbBis phaSe - | @ROP-5 ULED OFFICIAL BRAND NEW DAY DROPS NOW LIVE G@CMAm cL 'ULCD,87
the_souled_store,4939895302903593_0,Belle OVERSIZED FITS3 SHOP NOW Souled Sfore,43
the_souled_store,5375475346011221_0,FThat S what she said4 Hicheel Scott,36
the_souled_store,5513575925533326_0,Why _ is the rhino giving you the middle finger? TAP TO FIND OUTI Souled Sfore,78
the_souled_store,739633345911505_0,Qu Sotled} Sfore,16
the_souled_store,787280511134503_0,Why is the crocodile giving you the middle finger? TAP TO FIND OUTI Souled Sfore,80
the_souled_store,862176876735347_0,71395 JSouled Sfore,19
the_souled_store,864174896516608_0,Souled Store 38ided Monmsur KOREAN MINIMALISM SHOP POLOS,56
the_souled_store,885590620837778_0,)@ EXPLORE Cult Classics 5T37 shyt:,35
the_souled_store,889080943884483_0,PREMIUM EMBROIDERED SHIRTS TAP TO EXPLORE Souled Sfore,54
the_souled_store,889740800849967_0,COMPRESSION TECH,16
the_souled_store,892498926546431_0,CTEIT FERE visit ONLINE,23
the_souled_store,899987682726098_0,Souled Sfore,12
the_souled_store,921482243691965_0,sbuled Sfore OFFICIAL AVATAR _ TH€ LAST AIRBENDER BACKPACK X25 VucoM iETIONN INC,80
the_souled_store,921573810439973_0,SLIDES 2.0 NOW LIVE SOuled Sfore,32
the_souled_store,922352434210866_0,,0
the_souled_store,935292862923941_0,Souled Sfre SWING INTO STYLE WITH OFFICIAL BRAND NEW DAY DROPS Ferrr Rtu,72
the_souled_store,964076013073043_0,"uzilc53212 The Souled Sfore CG ROAD, AHMEDABAD Iowr",51
the_souled_store,965198409871194_0,,0
the_souled_store,971368339283683_0,,0
the_souled_store,976240711587394_0,NOWLIVE KOTA PGUMANPURA,23
the_souled_store,987801774281909_0,NOTHING BUT THE FINEST POLOS EXPLORE NOW Socled Sfore 02 eet,60
urban_company,1002897929409896_0,UC Urban Company The luxury of doing nothing: Spa at home with warm oils; calming aromas & deep unwind: Starts at 18929,119
urban_company,1003439799323567_0,UC Urban Company You relax We handle the rest: Massage at home with the therapist setting up & cleaning upe Starts at 78919,123
urban_company,1016196051318297_0,Beach plans? We come home in just 45 mins Bikini Waxing Starts at {949 10.00 Monday: February 20 Beach ! Wednesday ' Babes Rltika. 9.56 Did you get - PM your [ bikini wax? Reminder Flight- tomortow UC Urban Company Salon at Home,228
urban_company,1023311157008397_0,"Urban (ompany Finally, an hour that's just yours: Massage at home with Jn oils deep unwind: Starts",98
urban_company,1028511503516747_0,"eoqnty Aluxereset for  your handsand feet Mani-Pedi Ritual At home: Rose extracis,rose salt soak callus removal &moe Ahome 45 mins",130
urban_company,1030729423132849_0,%9 DinDOy Gonninonc Leaving by 8. You ready? Not even closell Theresno time fora salonrun Roll-on waxing at homo. Starts {899. Arrives _ 45 mins,144
urban_company,1036212479009984_0,"Itni safai, phir bhi bathroom ganda? Machine-powered deep clean . {100 OFF onyour first order CODE CLEANINGTOO Starts at *399",125
urban_company,1043945811550904_0,"Urban UC Company Mee inti elecaicians. trained Verified, background-checked: 4.8 3 Lakh+ Vizag customers Starts 749",115
urban_company,1047489794663997_0,"Uc Urban Company Salon at Home This Hariyali Teej; the salon comes to you: FACIALS WAXING STYLING by top-rated professionals, in the comfort of home 25% off on any salon service CODE TEEJ25",189
urban_company,1054215514020007_0,"eoqnty Aluxereset for  your handsand feet Mani-Pedi Ritual At home: Rose extracis,rose salt soak callus removal &moe Ahome 45 mins",130
urban_company,1054328370684886_0,Urban Company Salon home salon Aee Big salon savings. UP TO 60 FF LIVE NOW FACIALS WAXING MANI-PEDI DETAN CLEAN-UP,114
urban_company,1056304450088921_0,Sparkle for less: Bathroom deep cleaning- T100 OFF onyour first order CODE CLEANINGTOD Starts at {399,101
urban_company,1061296769838522_0,Urban Company Salon home salon Aeee Every ritual you crave: UP TO 60= FF LIVE NOW FACIALS WAXING MANI-PEDI DETAN CLEAN-UP,121
urban_company,1064431056103931_0,Deep clean; for less: Bathroom deep cleaning 0100 OFF on your first order CODE CLEANINGTOD Starts at {399,105
urban_company,1074168488616866_0,UC Urban Company Electrician kal nahi; aaj hi aayega. Same-day slots available in your city. Starts 749,103
urban_company,1082726340855696_0,"Urban Company This birthday, gift him an hour off: Massage at home,rated 4.8 * by 28L men: Starts . 41919",105
urban_company,1084904690875920_0,"UC Urban Company Trained for every electrical fix. Verified, background-checked 4.8 24 Lakh+ Bookings Starts 749",112
urban_company,1087155540402100_0,Soft on you: Tough on hair: Professional peel-off bikini waxing at home:,72
urban_company,1092175063242254_0,Uc Urban Company Salon at Home Smooth skin sorted for just 6991 Waxing starting at 7699 Full arms + full legs + underarms,121
urban_company,1184686407207966_0,"Itni safai, phir bhi bathroom ganda? Pro tools & chemicals {100 OFF on your first order CODE CLEANINGTOO Startsat *399",118
urban_company,1262466365904103_0,Ucapey Slonachomne Takearaincheck onthesalontip: Full arms legs & underarms waxing Starts at 7699 Extra 25% OFF* COde NEWSALON,126
urban_company,1322523963407194_0,Urban Company Salon at home Lowest prices ever: Korean Facials at home_ Starts at*++55 {1299 Get additional 25% OFF* CODE SALONCARE,131
urban_company,1322523963407194_1,Urban Company Salon at home Korean Glass Facial Deep- cleanse +exfoliation Ultrasonic spatula clears clogged pores Papain extract renews dull skin surface,154
urban_company,1322523963407194_2,Urban Company Salon at home Hydrate + repair Red Algae hydrates skin Ceramides supports moisture barrier Muci Seed Mask locks in deep hydration,143
urban_company,1322523963407194_3,Urban Company Salon at home Korean Facials at home: Starts at !+453 ( ?1299 Get additional 25% OFF* CODE SALONCARE,114
urban_company,1340176404939524_0,"Uc Urban Company Salon at Home This Hariyali Teej; the salon comes to you: FACIALS WAXING STYLING by top-rated professionals, in the comfort of home 25% off on any salon service CODE TEEJ25",189
urban_company,1341364417611794_0,"Urban Company Trained hands you can trust Spa at home with certified, 4.8 rated therapists: Starts at (929",106
urban_company,1341923214693596_0,Moved into a new home? Get your home ready with UC Uobapany Professional Home Cleaning,86
urban_company,1350379493892827_0,"uc] Urban Company The gift no one says no to: Spa at home,rated 4.8 by 37L women Starts at (2929",96
urban_company,1354416446832492_0,Urban Company Your 9-5 causing back pain? Try Full Body Massages at home Urbanany Starts AT Eoe 999,99
urban_company,1357062425856503_0,What happens during Deep Tissue Massage Daed Taae Heiaean Medlum Hgh Kaleeantlor WanVD Arrives in 45 mins Full body massage Starting at *999 Ucbapany,149
urban_company,1358126669289271_0,"Econary Saamrmcrc THE RITUAL JAPAN SWEARS BY. Matcha Glow Facial At home, in 45 mins With matcha; Ginseng; Rice Enzyme  mce; Startsat {1,749",140
urban_company,1369675765360195_0,Urban Company Salon at home salon Aeee Big salon savings: UP TO 60% LIVE NOW FACIALS WAXING MANI-PEDI DETAN CLEAN-UP,116
urban_company,1372311342622957_0,Pro clean at the best price: Bathroom deep cleaning 0100 OFF on your first order CODE CLEANINGTOD Starts at r399,112
urban_company,1377761327136068_0,Ucban @cmocn Ealor homt Notime tositina salon? Waxing at home Ful arrei tullkge & nderains Starts at   7699 EXTRA 25% OFF* CODE NEWWSALON,137
urban_company,1380736020120421_0,E9 DMDO Sonninomc Waxing thatcomestoyou At home waxing: Arrives in 45 mins Full ars legs WnceanS Starts at *699,111
urban_company,1426692432648948_0,UC Urban Company Carpenter kavala? Verified vallane pampistam: 4.8 3 Lakh+ Vizag customers Starting at 789,106
urban_company,1428537009108212_0,Ucapony Slonalhomne Aspa holiday foryour feet Candle Spa Pedicure at Home Starts at (1319 ExtrA 25% OFF* CODE NEWSALON,118
urban_company,1431288349045924_0,Deep Tissue Massage by uc) Urban Company Pain relief in 60 minutes Reduces stress hormones Improves circulation Targets deep tensions Full body massage Starting at (7999,169
urban_company,1441776807782445_0,Deep Tissue Massage uc) Udbapany Pain relief in 60 minutes Raduces struss nonconeg moroves circuation Tergets deep ameal Full body massage Starting at 7999,155
urban_company,1444743100375043_0,Deep Tissue Massage uc) Udbapany Pain relief in 60 minutes Raduces struss nonconeg moroves circuation Tergets deep ameal Full body massage Starting at 7999,155
urban_company,1448483607329772_0,"Urban (ompany Finally, an hour that's just yours: Massage at home with Jn oils deep unwind: Starts",98
urban_company,1463107988881528_0,Deep Tissue Massage Uoapany Make Recovery A Ritual: Regut ar sessions may Reduce muscle stiffness Release muscle tension Improve mobility Full body massage Starting at (999,172
urban_company,1553334793131744_0,Urban Company Kshanallo electrician mee inti mundhu Mce city Gomt dav gloly unnd JLakht Mznocuslomer Starts 749,111
urban_company,1561974719011537_0,"UC Urban Company Verified carpenters; aapke ghar ke liye. Trained, background-checked 4.8 24 Lakht Bookings Starting at 749",123
urban_company,1568138741333217_0,"Your cleanest bathroom, for less: Bathroom deep cleaning] 0100 OFF onyour first order CODE CLEANINGTOD Starts at [399",117
urban_company,1573430794424731_0,Urban Company Elanti electric issue ayina fix chese electricians Poorthiga Irainted backgrotd verilied Ele Ulld]cutlc ictt Starts 849,133
urban_company,1573900840900032_0,UC Uoapany Your living room becomes the spa: Spa at home with the bed; oils & ambience all set up for you: Starts at 70929,122
urban_company,1576907914040996_0,UC Urban Company Teach your body to slow down: Ayurvedic Massage (starts at <899,80
urban_company,1583221999882402_0,Soft on you: Tough on hair. Professional peel-off bikini waxing at home:,72
urban_company,1586065299694636_0,UC Urban Company Plumber aaj chahiye? Aaj hi milega: Same-day slots available Starts 749,88
urban_company,1596195158653035_0,Urban Company Salon at home Does Bikini Waxing always have to hurt this much?,77
urban_company,1596195158653035_1,Uc Urban Company Salon at home Not with stripless waxing - designed for intimate areas:,87
urban_company,1596195158653035_2,"Urban Company Salon at home Stripless wax Grips hair, not skin: Avocado Butter Extract Natural Beewax RICA Vegetable OIl Brazilian Wax Ete aona 4",145
urban_company,1596195158653035_3,Urban Company Salon at home Bikini waxing: Done privately at home Starting at {949 At your door in 45 mins,106
urban_company,1601317538280932_0,Set up Spa Ambience Full body maggag0 Starting at {999 Deep Tissue Massage Massage Relief,89
urban_company,1607621307685102_0,Pro clean at the best price: Bathroom deep cleanigi 0100 OFF on your firsi arder CODE CLEANINGTOD Starts at {399,112
urban_company,1615428910594497_0,Guest aa rahe hain; Bathroom Saaf hai? Guest-ready inone visit {100 OFF on your Ursu erder CODE CLEANINGTOO Starts at {399,122
urban_company,1617932333015375_0,"Urban Company Salon al Home If plans can be last-minute, so can waxing: Professional at your door in 45 minutes {699 For full legs full arms & underarms",152
urban_company,1629880532032755_0,UC Urban Company Premium spa that starts with premium kit: Spa at home using essential oils & disposable kit Starts at 7929,123
urban_company,1633117438390583_0,Lowest prices ever Bathroom deep cleaning] 0100 OFF onyour first order CODE CLEANINGTOD Starts at [399,102
urban_company,1708740650234875_0,Uc Urban Company Salon at Home Teej deserves unhurried preparation: Book an at-home salon session and avoid the rush: 25% off on any salon service CODE TEEJ25,158
urban_company,1712547823221193_0,Urbroany Salon nthomu Lowest prices ever: Roll on waxing; now at 78497649. Get additional 25% OFF* CODE SALONCARE,113
urban_company,1715131846364372_0,Your cleanest bathroom; for less: Bathroom deep cleanigi 0100 OFF on your firsi arder CODE CLEANINGTOD Starts at {399,117
urban_company,1716894722696985_0,Deep clean; for less: Bathroom deep cleaning] 0100 OFF onyour first order CODE CLEANINGTOD Starts at [399,105
urban_company,1717787489449801_0,Uobopony Selon Acet Thus Hariyali Ieej; the salon comes to you: FACIALS WAXING STYLING by top-rated prolesslonals Wng comWviom home. 25% off onany salon setvice CODE TEEJ25,172
urban_company,1725787392022468_0,Sparkle for less: Bathroom deep cleaning: T100 OFF Iyour Hrst order CODE CLEANINGTOD Starts at +399,99
urban_company,1728888164827862_0,"Uoapany The gift that says slow down: Spa at home 4.8 * experience, loved by 37L women: Starts at 77929",103
urban_company,1731272981251914_0,UC Uoapany The spa comes to your door: Spa at home with the therapist setting up & cleaning up_ Starts at 8929,110
urban_company,1736453797498381_0,"Uc Urban Company Salon at Home This Hariyali Teej; the salon comes to you: FACIALS WAXING STYLING by top-rated professionals, in the comfort of home 25% off on any salon service CODE TEEJ25",189
urban_company,1739825397357481_0,"UC Urban Compe Plumber hazir, jab bhi bulao. Same day slots available_ 4.8 24 Lakh+ Bookings Starts 749",103
urban_company,1742877737062230_0,Urbopary Salcnattomt Pedicure that feels lkeabeat Candle Spa Pedicure: Candle wax massage Peppermint oil . Callus removal At home 45 mins,137
urban_company,1756524815358871_0,Uc Urban Company Salon at home Plans tonight? Waxingcant wait,61
urban_company,1756524815358871_1,Uc Urban Company Salon at home RICA wax Madwith cacaobutter: Softer skin Clean pull Zero irritation RICA alfatantaenan Chccolate,128
urban_company,1756524815358871_2,Uc Urban Company Salon at home Plans sortedin 45 mins: Full arms; legs & underarms Starts at {799,97
urban_company,1756524815358871_3,Uc Urban Company Salon at home Waxing coneathome Expert at your door in (45 mins Uton Compony,93
urban_company,1761112098239539_0,Urban Company Salon at home Does Bikini Waxing always have to hurt this much?,77
urban_company,1761112098239539_1,Uc Urban Company Salon at home Not with stripless waxing - designed for intimate areas:,87
urban_company,1761112098239539_2,"Urban Company Salon at home Stripless wax Grips hair, not skin: Avocado Butter Extract Natural Beewax RICA Vegetable OIl Brazilian Wax Ete aona 4",145
urban_company,1761112098239539_3,Urban Company Salon at home Bikini waxing: Done privately at home Starting at {949 At your door in 45 mins,106
urban_company,1766601997801895_0,Urban Company Salon home salon Anee Your salon wishlist: UP TO 60 OFF LIVE NOW FACIALS WAXING MANI-PEDI DETAN CLEAN-UP,118
urban_company,1767989977552794_0,Uobapany Plumber dorakatleda? Mem unnam kadaal Samt day slola #vailoble JLnkhtMiznq cusiomer Starts {49,103
urban_company,1781247706625278_0,E8A0y eon Jancrnt Waxing thatcomestoyou Athome waxing: Starts at €699 Get 25% OFF* CODE UCSALON,95
urban_company,1787293736039541_0,Uc Urban Company Salon at home Plans tonight? Waxingcant wait,61
urban_company,1787293736039541_1,Uc Urban Company Salon at home RICA wax Madwith cacaobutter: Softer skin Clean pull Zero irritation RICA alfalantaenan Chccolate,128
urban_company,1787293736039541_2,Uc Urban Company Salon at home Plans sortedin 45 mins: Full arms; legs & underarms Starts at {699,97
urban_company,1787293736039541_3,Uc Urban Company Salon at home Waxing coneathome Expert at your door in (45 mins Uton Compony,93
urban_company,1802215930771238_0,"Uc Urban Company Salon at Home This Hariyali Teej; the salon comes to you: FACIALS WAXING STYLING by top-rated professionals, in the comfort of home 25% off on any salon service CODE TEEJ25",189
urban_company,1809118450342358_0,Urban Company Trained for every electrical fix. Verilied background-checked Ene nlaa mcnmtt Starts 849,102
urban_company,1842384167114479_0,All you need is a Korean Facial Even skintone Collagen boost Intense hydration Glass skin radiance Starts at (1399 Uc Urban Company Salon at Home,145
urban_company,1843295293681097_0,%9 DMDO Sionninomc Waxing thatcomestoyou At home waxing: Starts at {699 Get 25% OFF* CODE UCSALON,97
urban_company,1861082888205660_0,Urban Company Furniture repair. Fixed charges: No extra cost JLokh Viznocuslomer Starting at {49,96
urban_company,1935797993804961_0,Eoonowy Ganntiotnc Lorest prices ever on Pedicures Start at *859 {699 Get additional 25% OFF* CODE SALONCARE,108
urban_company,2022506188630613_0,Big clean: Small price: Bathroom deep cleaning: {100 OFF oniyour first order CODE CLEANINGTOO Startsatr399,106
urban_company,2030094747712296_0,UC Urban Company One step between you and glowing skin Korean Plant Peptide Facial at home. Starts at 71399,107
urban_company,2047867859269443_0,"eoqnty Aluxereset for  your handsand feet Mani-Pedi Ritual At home: Rose extracis,rose salt soak callus removal &moe Ahome 45 mins",130
urban_company,2055414988400664_0,Urtroany Salon nthomo Price drop alert: At home waxing; starts at 2849*649. Get additional 25% off* CODE NEWSALON,113
urban_company,2103430653544321_0,"Urban Company Bas ek tap mein; verified carpenter hazir: Trained, background-checked: 4.8 24 Lakh+ Bookings Starting at 749",123
urban_company,2107188683550730_0,Urban Company Salon home salon Aeee Every ritual you crave: UP TO 60= FF LIVE NOW FACIALS WAXING MANI-PEDI DETAN CLEAN-UP,121
urban_company,2113783872891966_0,Urban Company You relax We handle the rest: Spa at home with the therapist setting up & cleaning up: Starts at (2929,116
urban_company,2140498529830789_0,"Urban Company Bas ek tap mein; verified carpenter hazir: Trained, background-checked: 4.8 24 Lakh+ Bookings Starting at 749",123
urban_company,2158178051580734_0,Urban Company Salon at home Price Drop Alert: Korean Facials at home: Starts ate+35 {1349 Get additional 25% off* CODE NEWSALON,127
urban_company,2158178051580734_1,Urban Company Salon at home Korean Glass Facial Deep cleanse +exfoliation Ultrasonic spatula clears clogged pores Papain extract renews dull skin surface,153
urban_company,2158178051580734_2,Urban Company Salon at home Hydrate + repair Red Algae hydrates skin Ceramides supports moisture barrier Muci Seed Mask locks in deep hydration,143
urban_company,2158178051580734_3,Urban Company Salon at home Korean Facials at home. Starts ate1453 ( ?1349 Get additional 25% off* CODE NEWSALON,112
urban_company,2180662219456777_0,Urban Company Salon at home Does Bikini Waxing always have to hurt this much?,77
urban_company,2180662219456777_1,Uc Urban Company Salon at home Not with stripless waxing - designed for intimate areas:,87
urban_company,2180662219456777_2,"Urban Company Salon at home Stripless wax Grips hair, not skin: Avocado Butter Extract Natural Beewax RICA Vegetable OIl Brazilian Wax Ete aona 4",145
urban_company,2180662219456777_3,Urban Company Salon at home Bikini waxing: Done privately at home Starting at {949 At your door in 45 mins,106
urban_company,2217545609166255_0,Uc Urban Company Salon at Home Teej deserves unhurried preparation: Book an at-home salon session and avoid the rush: 25% off on any salon service CODE TEEJ25,158
urban_company,2259813698109098_0,%90 omDO Sionninonc Your feets tum to be pampered Crystal Rose Pedicure: At home: kjobacl Crystal so3k Callus remova At homte 45 mins 'Rosc 8 Quure,147
urban_company,2280636992740642_0,(Urbapany Furniture repair; 30-day guarantee emndindutc dJ Maltcpiit Cestam JLakht Miznocuslomer Starting at 749,112
urban_company,2407896636406728_0,Uc Urban Company Salon at Home Teej deserves unhurried preparation: Book an at-home salon session and avoid the rush: 25% off on any salon service CODE TEEJ25,158
urban_company,2459825791172720_0,revamp by Urban Company Transform your home with wall panels inspired by natural textures & modern craft,104
urban_company,2459825791172720_1,Rattan The beauty of hand woven patterns revamp Fall collection 4 panels,72
urban_company,2459825791172720_2,Pastels gentle palette designed for modern living revamp Fall collection 4 panels,81
urban_company,2459825791172720_3,Moulding The easiest way to add timeless details revamp Fall collection 4 panels,80
urban_company,2459825791172720_4,Limewash Luxurious earthy textures with ease revamp Fall collection 4 panels,76
urban_company,2459825791172720_5,Fabrics Fabric feel panels for timeless interiors revamp Fall collection 4 panels,81
urban_company,2476867819422472_0,Urban Company Your 'me-time is long overdue Try Full Body Massages at home suafusau 33 999,90
urban_company,2517307702072270_0,Uc Urban Company Salon at home Plans tonight? Waxingcant wait,61
urban_company,2517307702072270_1,Uc Urban Company Salon at home RICA wax Madwith cacaobutter: Softer skin Clean pull Zero irritation RICA alfalantaenan Chccolate,128
urban_company,2517307702072270_2,Uc Urban Company Salon at home Plans sortedin 45 mins: Full arms; legs & underarms Starts at {699,97
urban_company,2517307702072270_3,Uc Urban Company Salon at home Waxing coneathome Expert at your door in (45 mins Uton Compony,93
urban_company,2711052255964111_0,Uc Urban Company Salon at Home Teej deserves unhurried preparation: Book an at-home salon session and avoid the rush: 25% off on any salon service CODE TEEJ25,158
urban_company,27444274018607772_0,(Ucbapany Mee intiki trained & verified electricians JLakht Miznocutlomer Starts 749,84
urban_company,27638921312455878_0,Urban Company Strong hands: Traditional technique. Real relief Ayurvedic Massage starts at <949,95
urban_company,27773703088956113_0,Korean Glass Skin Facials: Now at home_ Boosts collagen & hydrates skin: Starts at 71399,88
urban_company,2800536420329534_0,Big clean: Small price: Bathroom deep cleaning: {100 OFF oniyour first order CODE CLEANINGTOD Starts at *399,108
urban_company,2845923775757267_0,Urban Company Elanti electric issue ayina fix chese electricians Poorthiga Irainted backgrotd verilied Ele Ulld]cutlc ictt Starts 849,133
urban_company,2937352099941750_0,"Urban Company Salon al Home If plans can be last-minute, so can waxing: Professional at your door in 45 minutes {699 For full legs full arms & underarms",152
urban_company,3140744846136088_0,Uc Urban Company Salon at Home Teej deserves unhurried preparation: Book an at-home salon session and avoid the rush: 25% off on any salon service CODE TEEJ25,158
urban_company,3541355542689841_0,Uenaarwy Salon othno Give your feet the break theydeserve: Candle Spa Pedicure Candle wax massage_ peppermint cl callus removal more: Athoma 45 mins,148
urban_company,4050818285054720_0,Deep Tissue Massage UC Urban Company Pain relief in 60 minutes Reduces stress hormones Improves circulation Targets deep tensions Full body massage Starting at 7999,164
urban_company,4404022293180535_0,Urban Company Electrician repu kadu; ivala vastadul Mce city Io samt day #ol$ unnayi JLokht Mznd cuslomel Starts 749,116
urban_company,4576922769196082_0,%9 Dnot Sionninomc Locest prices ever: At home waxing: Starts at4849 ((649 Get additional 25% OFF* CODE SALONCARE,113
urban_company,799956096478965_0,%90 omDO Sionninonc Your feets tum to be pampered Crystal Rose Pedicure: At home: kjobacl Crystal so3k Callus remova At homte 45 mins 'Rosc 8 Quure,147
urban_company,844920935241319_0,Deep cleaning ka koi shortcut nahi: Pro tools & chemicals {100 OFF on your first order CODE CLEANINGTOO Starts at *399,118
urban_company,870379882800232_0,290 omndoTy Sonminonc Lowest prices ever: Roll-on waxing at home: Starts at 2849 7649 Get additional 25% OFF* CODE SALONCARE,124
urban_company,881810341640213_0,Uc Urban Company Teach your body to slow down: Ayurvedic Massage starts at <899,79
urban_company,891891473566511_0,Lowest prices ever: Bathroom deep cleaning: 0100 OFF onyour irst  order CODE CLEANINGTOD Starts at [399,103
urban_company,926143790530535_0,Urban Company Salon at Home NO TIME FOR THOSE CRACKED HEELS?,60
urban_company,926143790530535_1,Urban Company Salon at Home This pedicure comes home: Candle melt massage Peppermint aphrodae peel-off Candle SPA Peditrix Pedi callus removal Step,147
urban_company,926143790530535_2,"uc  Urban Company Salon at Home Finally, a pedicure that fits your day: Candle Spa Pedicure Starts at *1319 EXTRA 25% OFF* CODE NEWSALON",136
urban_company,946180045176453_0,Urban Company Salon at home salon Aeee Your salon wishlist. UP TO 60= OFF LIVE NOW FACIALS WAXING MANI-PEDI DETAN CLEAN-UP,122
urban_company,954191467697900_0,"Urban Company This birthday, gift him an hour off: Massage at home,rated 4.8 * by 28L men: Starts . 41919",105
urban_company,981536938248613_0,Hard water stains brush se nahi jaate: Pro tools & chemicals {100 OFF oniyour first order CODE CLEANINGTOO Startsatr399,119
wakefit,1015829267703839_0,wakefit Love It; Or Return It; Ilo Questions Asked! 100 Days Risk-Free Returns Know More,88
wakefit,1034886259022567_0,wakefit Study; Ilork or Game At Any Height Notiq Electric Height Adjustable Study Table EMI Starting From 87931,111
wakefit,1034886259022567_1,wakefit Your Vorkspace; Your Size Available in two tabletop surface sizes 120 cm & 160 cm,89
wakefit,1034886259022567_2,wakefit Change Height to Mlatch Your Hustlel Easy Switch from Sit to Stand One-Touch Electric Height Control Adjusts From 70-120cm ISmm/s Effortless Speed Anti-Collision Safety Feature,184
wakefit,1034886259022567_3,wakefit Stability You Can Rely On Sturdy '8mm Thick Tabletop Up To 80KG Load Capacity 80 kg,91
wakefit,1034886259022567_4,wakefit Your height preference on speed diall Memory Settings for Preferred Heights Convenient UpfDown Keys,107
wakefit,1034886259022567_5,"wakefit Your Table, Your Height; Your Rules? 5 Years Warranty Available in 4 Stylish Colours",92
wakefit,1034893659522177_0,"wakefit Office Chairs starting 82y 53,999 SALE SHOP NOW Additional up to 6% off on AXIS BANK QICICI Bank",104
wakefit,1050614200805930_0,,0
wakefit,1061562672869664_0,"wakefit Engineered Wood Beds The Bed Your Bedroom Deservesl No Cost EMVI Available (from 18+ banks) Free Carpenter Installation Starting from 87,919",148
wakefit,1076222414741192_0,"wakefit Office Chairs starting 82y 53,999 SALE SHOP NOW Additional up to 6% off on AXIS BANK QICICI Bank",104
wakefit,1080249347642991_0,,0
wakefit,1080370967634851_0,THIS IS NOT DREAM You can get India's favourite  mattress at up to 39% offl Bestselling Orthopedic Mattresses   ON SALE C?vekefit,129
wakefit,1083035381048104_0,"CJ akefit Flipper Sofa cum-Bed Try "" Out the Sofa that Gives You Mlore Keep it if you love it, return it if you don tI No-Cost EMI Available Starting from 34,800 100 Days Risk-Free Return",187
wakefit,1083035381048104_1,Wakefit Go from Lounging to Sleeping in Seconds Retains Shape after Use High-Quality Zippers 32 Density HD Foam,111
wakefit,1083035381048104_2,"wakefit Built to Keep Up With Your Every Day Removable, Washable Fabric All-Season Usabillty Easily Moveable Floor",114
wakefit,1083035381048104_3,"Wakefit For Your On-Demand Guest Rooml Perfect Tor Lu Compact Homes Ideal for Sudden Guests 2,3 Seater Variants Available",121
wakefit,1083035381048104_4,cwakefit Switch to the Sofa that Does It AIII 100 Days Risk-Free Return,71
wakefit,1245541674398787_0,"wakefit Curtain calll Spruce up your home decor; furnishing; & morel SHOP MOW ""Pricnaublcorto chanot",100
wakefit,1248180510688318_0,,0
wakefit,1254955179445785_0,Don't Postpone wakefit Loungingl SHOP NOW UP TO 39 OFF) Hassle-Free 'I0-Day Returns & Replacements Up to 5 Years Warranty,121
wakefit,1255301093350351_0,"wakefit 100 Days FREE Trial Starting Trom 43,999 Ergonomic Design",65
wakefit,1266052228795898_0,Your Problems Our Solution wakefit Wakefit's Orthopedic Mattress Waking up feeling tired Up To 39% Off on Mlattresses SALE IS LIVE Tossing & turning at night Mattress sagging over time,184
wakefit,1267115945559059_0,,0
wakefit,1288466823151855_0,wakefit Someone Else Might Grab It: BUY NOW UP TO 60 OFF 888 25Lakh+ Customers Wallet Cashback,94
wakefit,1300987155559662_0,,0
wakefit,1315021574092857_0,wakefit Not Sure Which Mattress to Buy? Talk to Our Expert,58
wakefit,1316600300349628_0,wakefit Recline Into Real Comfort UP TO 35% OFF Available in: Manual Push-Back Electric,87
wakefit,1375068514424091_0,"27,455 816,599 wakefit 55o/ OFF",31
wakefit,1377694851068024_0,caketie,7
wakefit,1385223210119680_0,"Lock-in at every angle Multiple positions; one perfect seat for all-day comfort wakefit 100 Days FREE Trial Starting from '3,999 Ergonomic Design 3-Year Warranty",161
wakefit,1399037385356707_0,Still sitting ona chair that sits still? UPGRADE YOUR SEAT > wakefit Way Adjustable Headrest Adjustable Lumbar Support Anti-Fall Multilock Synchro Mechanism 100 Days FREE Trial,176
wakefit,1401310352057559_0,wakefit Love It; Or Return It; Ilo Questions Asked! 100 Days Risk-Free Returns Know More,88
wakefit,1412837684244501_0,Wakefit HOle JSWEETC HOME 8 A L E) 2 9 39% OFF ShapeSense Ortro on Mattresses SHOP NOW Additional up to 6% off on AIs @ANE #ICICIBank,133
wakefit,1414834093279923_0,,0
wakefit,1420317442551176_0,,0
wakefit,1430252082130806_0,"wakefit 'TIME [ 'ofFer OFFER LIMITED"" ILIMITED 'Time FLASH SALE Your dream bed is ready to be brought homel SELECT_ BEDS UP T0 46% OFF LIMITED 'Time 'OfFER LIMITED Iffer",169
wakefit,1431156532361042_0,,0
wakefit,1444974276906330_0,,0
wakefit,1446521126847106_0,wakefit Back Yuoing During Use IalletCash to upgrade to ergonomic support Fix Your Posture Adjustable comfort Cushioned seat G662 UP TO OFF,139
wakefit,1447118540186313_0,,0
wakefit,1449111603596179_0,"wakefit 100 Days FREE Trial Starting from 33,999 Ergonomic Design",65
wakefit,1475111020645116_0,wakefit Handle Adjustment Test Every Angle: For '00 Days _ Seat Adustability 100 Days FREE Trial Recline Feature Try Now,120
wakefit,1481485713342054_0,MAKE WORK FEEL LIGHTeR Wakefit Trivon High Back Office chair Dual Back Support Sliding Seat 100 Days FREE Trial,111
wakefit,1509151210906568_0,,0
wakefit,1509620117057150_0,"cQvakefit This Is What Having Your Oun Back Looks Like CC Iimisha C, (EPD igent) The I100 days trial was good reason t0 try this chair Now thanks to this; my back doesnt feel tight anymore even after full daysl",210
wakefit,1539790061271929_0,wakefit Complete Home Interiors Designed for Rting Bangalore homes 2.5L Factory-Finish Interiors No Hidden Costs 45-Day Delivery,128
wakefit,1542509737676910_0,wakefit Ereedom SALE 5 41% OFF on Beds Additional up to 15% off on Kausutr Jeennl,81
wakefit,1565258745023087_0,wakefit Still Using Old Bedsheets? Use WalletCash savings to refresh your bed Upgrade Sheets Made with 100% cotton Elastic for tucking corners UP TO 452 OFF,156
wakefit,1567284318397542_0,,0
wakefit,1567665091562845_0,,0
wakefit,1570117654066078_0,wakefit Got the BEST sleep of my life with this mattress Up To 39% Off on Mlattresses SALE IS LIVE 4 4 1,104
wakefit,1594363565632153_0,"wakefit Engineered Wood Wardrobes A Wardrobe that Makes Room for Everythingl Starting from {6,529 O% No Cost EMVI Available (from 18+ banks) Free Carpenter Installation",168
wakefit,1594363565632153_1,Wakefit Mlaximize Space Without Compromising Style Multiple Storage Zones 12384- Door Options Hanging Space Shelves & Drawers Mirrors & LED Lighting (on Select Models),167
wakefit,1594363565632153_2,Wakefit A Wardrobe that's Crafted for the Long Runl Moisture & Termite Resistant Wood Premium German Hardware Locks 18 mm Dual-Density Frame (630-750kb/m ),155
wakefit,1594363565632153_3,Wakefit Your Wardrobe; Just the Way You Like It Adjustable Shelves Smooth-Glide Hinges & Drawers Multiple Style Variants,120
wakefit,1594363565632153_4,wakefit Open the Door to Sleek & Stylish Storagel,49
wakefit,1602369434334181_0,,0
wakefit,1611846866791880_0,cvakefit Made To Fit Not Just Sit 100 DAYS risk FAEE RETURN Down Left & Right Front & Back Sliding Scat tof Adjustable Seat Depth,129
wakefit,1632782607751540_0,"RAB , IT no UP T0 66 wakefit Caught You in Bedo Almosti Why just dream about it? Make it yours! MAKE IT YOURS Hassle-Free I0_ Day Returns & Replacements Up to 3 Years Warranty",175
wakefit,1633216801045915_0,,0
wakefit,1654603288889780_0,,0
wakefit,1674515453683802_0,wakefit Your Room Has Changed. Your Bedding Should Too_ Refresh Today UP T0 [45% OFF Pillow Cover Bedsheet Dohar Made with '100% cotton 'I00+ color options,155
wakefit,1677116696842689_0,wakefit Not Sure Which Mattress to Buy? Talk to Our Expert,58
wakefit,1677268090097679_0,,0
wakefit,1679686976716519_0,"Lock-in at every angle Multiple positions; one perfect seat for all-day comfort wakefit 100 Days FREE Trial Starting from '3,999 Ergonomic Design 3-Year Warranty",161
wakefit,1691980621791694_0,cvakefit Your Back Pain Will Log Out Forever 100 DAYS RISK FAEE RETUAN Adjustable Wba Sullant Allgmato Spime & Natura Guirte,124
wakefit,1696845281324094_0,"Wakefit HOle 4SWEETC HOME (8 A L E) Sofas starting @ 75,00 SHOP MOW Additional up to 6% off on 4s DANK JICICIBank",113
wakefit,1768041747765307_0,wakefit You upgraded your phone: Why are you still sitting in 2011? BUY NOW > Starting trom 3999 400 Dayyg FrEE Trial,117
wakefit,1774813140180497_0,"wakefit MEGA Office Chairs MONGOON STARTING FROM SALE 73,999 Additional up to 6% off on AXIS BANK QICICI Bank",109
wakefit,1839040873430969_0,wakefit Still Using Old Bedsheets? Use WalletCash savings to refresh your bed Upgrade Sheets Made with 100% cotton Elastic for tucking corners UP TO 452 OFF,156
wakefit,1927469498138492_0,THIS IS NOT DREAM You can get India's favourite  mattress at up to 39% offl Bestselling Orthopedic Mattresses   ON SALE C?vekefit,129
wakefit,1954488955154433_0,Cevaketit MAKE WORK FEEL LIGHTER irivorilian Ehar Dual Back Support sildlng Scat 100 Days FAEE Trlal,100
wakefit,1974393769827028_0,"wakefit 100 Days FREE Trial Starting Trom 43,999 Ergonomic Design",65
wakefit,2013775462876251_0,,0
wakefit,2016026885762394_0,wakefit Shoulders & Back Remember the Strain. Bring comfort back with Wakefit: Support Your Back Adjustable comfort Cushioned seat G62 UP TO OFF,144
wakefit,2027026001212473_0,,0
wakefit,2027159038146159_0,wakefit Caught You in Bedo Almostl Why just dream about it? Make it yours! MAKE IT YOURS > Mo Up 66r Hassle-Free 10-Day Returns & Replacements Up to Years Warranty,163
wakefit,2033167800953429_0,"cvakefit Don't Buy This Mattress Unless youre tired of being tired NSIDB USIdE Up To"" 39# OFF On Mattresses Best Orthopedic Support 100 Days 100 Free Trial  BenEaster ksidE MER [SIOB",182
wakefit,2057340011535382_0,"wakefit Office Chairs starting 82y 53,999 SALE SHOP NOW Additional up to 6% off on AXIS BANK QICICI Bank",104
wakefit,2064793797400020_0,,0
wakefit,2081459669414116_0,wakefit You upgraded your phone: Why are you still sitting in 2011? BUY NOW > Starting trom 3999 400 Dayyg FrEE Trial,117
wakefit,2111295596389750_0,wakefit Take This Beauty Home Before someone else does_ CLAIM WHAT 'S YOURS > FFor UPTO 440 Hassle-Free 10-Day Returns & Replacements Up to Years Warranty,154
wakefit,2147825546070618_0,Wakefit Sleep Cooler On AlI Breuthable Latex FINISH CHECKOUT UP TO 65 OFF At 100 days risk-free trial  Up to 15 years Warranty,126
wakefit,2194899447945759_0,,0
wakefit,2205839113660380_0,"wakefit FrEEDOM SALE Sofas StaRTING FROM 55,100 Additional up to 15% off on 44 tt ""iciciaank",92
wakefit,2267568044056467_0,"Wakefit HOle 4SWEETC HOME (8 A L E) Office Chairs starting @ 73,999 SHOP NOW Additional up to 6% off on AIs BAn WICICIBank",122
wakefit,2311116929294185_0,Wakefit HOle JSWEETC HOME 8 A L E) 2 9 39% OFF ShapeSense Ortro on Mattresses SHOP NOW Additional up to 6% off on AIs @ANE #ICICIBank,133
wakefit,2369228713586886_0,"Lock-in at every angle Multiple positions; one perfect seat for all-day comfort wakefit 100 Days FREE Trial Starting from '3,999 Ergonomic Design 3-Year Warranty",161
wakefit,2386720545200616_0,"wakefit Office Chairs starting 82y 53,999 SALE SHOP NOW Additional up to 6% off on AXIS BANK QICICI Bank",104
wakefit,2389620134785394_0,"cvakefit Don't Buy This Mattress Unless youre tired of being tired NSIDB USIdE Up To"" 39# OFF On Mattresses Best Orthopedic Support 100 Days 100 Free Trial  BenEaster ksidE MER [SIOB",182
wakefit,2397981370661957_0,wakefit UP TO 40 You Chose This Bedsheet fora reasonl NOW BUY IT 25 Lakhs+ Customers Free Cancellation 0 Till Shipping  Wallet Cashback,135
wakefit,2417896791992970_0,wakefit Shoulders & Back Remember the Strain. Bring comfort back with Wakefit: Support Your Back Adjustable comfort Cushioned seat G62 UP TO OFF,144
wakefit,2466018690493302_0,"wakefit Timeless Curtains Custom-Mlade For You Starting at 345,000 for IBHK I0O0+ Premium Fabrics Free Consultation",115
wakefit,2478554905996783_0,"RAB , IT no UP T0 66 wakefit Caught You in Bedo Almosti Why just dream about it? Make it yours! MAKE IT YOURS Hassle-Free I0_ Day Returns & Replacements Up to 3 Years Warranty",175
wakefit,2549673595459285_0,"Wakefit Engineered Wood Study Tables A Desk that Works as Hard as You Dol O% No Cost EMI Available (from 18+ banks) DIY/Carpenter Installation Starting from {1,759",163
wakefit,2549673595459285_1,Wakefit Everything You Need; at Your Fingertips FA Built-In Shelves & Drawers Smart Cable Management Dedicated Keyboard Tray (on Select Models) 7,145
wakefit,2549673595459285_2,Wakefit Ready for Long Hourss Day After Day Moisture & Termite- Resistant Wood Premium German Hardware 18 mm Dual-Density Frame (€80-750kblm ),142
wakefit,2549673595459285_3,Wakefit Your Best Work Ileeds Stable Foundation Strong & Sturdy Constructian Reinforced Side Panelling 1 Height Adjustment Feature (on select models),149
wakefit,2549673595459285_4,waketit Your Perfect Study Table is Waiting for Youl,52
wakefit,2601536410262392_0,100 Days FREE Trial Wno Iumntan D++1-v,38
wakefit,26124660387173257_0,,0
wakefit,2685700178496626_0,,0
wakefit,27592338750462668_0,ciakefit 'Upgrade to Walls Worth Looking Atl Makeover 2+ Walls Get IO% OFF,74
wakefit,27717600721243647_0,"Wakefit Freedom SALE Office Chairs StaRTING FROM 535999 Additional up to 15% off on Antni ""Iciciaank",100
wakefit,3366185510216388_0,,0
wakefit,3847943122003976_0,"Test drive your office throne wakefit 100 Days FREE Trial Starting from 33,999 Ergonomic Design",95
wakefit,4194741300740184_0,,0
wakefit,4373833812861596_0,,0
wakefit,4391613654492470_0,,0
wakefit,4419730138258335_0,,0
wakefit,4686795851551909_0,Dual Comfort CL5,16
wakefit,710676782071849_0,wakefit Back Yuoing During Use IalletCash to upgrade to ergonomic support Fix Your Posture Adjustable comfort Cushioned seat G662 UP TO OFF,139
wakefit,775415758744846_0,wakefit Your Room Has Changed. Your Bedding Should Too_ Refresh Today UP T0 [45% OFF Pillow Cover Bedsheet Dohar Made with '100% cotton 'I00+ color options,155
wakefit,803759818838320_0,"cvakefit Don't Buy This Mattress Unless youre tired of being tired NSIDB USIdE Up To"" 39# OFF On Mattresses Best Orthopedic Support 100 Days 100 Free Trial  BenEaster ksidE MER [SIOB",182
wakefit,826776040447670_0,wakefit Take This Beauty Home Before someone else does_ CLAIM WHAT 'S YOURS > FFor UPTO 440 Hassle-Free 10-Day Returns & Replacements Up to Years Warranty,154
wakefit,830481716745299_0,cRuakotit,9
wakefit,875814122148571_0,"cvakefit Don't Buy This Mattress Unless youre tired of being tired NSIDB USIdE Up To"" 39# OFF On Mattresses Best Orthopedic Support 100 Days 100 Free Trial  BenEaster ksidE MER [SIOB",182
wakefit,895567986625658_0,,0
wakefit,905233189168251_0,"Turns out You can choose to sleep better! Other Mattresses Orthopedic Mattress Thin orthopedic Toam layers Up to 1.75"" Orthopedic Memory Foam Up To 39% Off on Mlattresses SALE IS LIVE 5-10 years warranty Up t0 20 years warranty No trial period; difficult toreturn 100 Days Free Trial - return easily",299
wakefit,915502714445209_0,,0
wakefit,916865631100140_0,,0
wakefit,924186509980061_0,,0
wakefit,931063935996152_0,,0
wakefit,939664505702203_0,"Still Looking For The Perfect Mattress Our 2.5 lakh Reviews Have Something to Say SHOP NOW Wakefit ShapeSense"" Ortho CLASSIC] '100 days risk-free trial 10 years Warranty",169
wakefit,941392778341631_0,wakefit Got the BEST sleep of my life with this mattress Up To 39% Off on Mlattresses SALE IS LIVE 4 4 1,104
wakefit,942179544953238_0,,0
wakefit,942488131608227_0,,0
wakefit,945160544710945_0,,0
wakefit,945940991350605_0,,0
wakefit,948265577711029_0,,0
wakefit,948721638016489_0,"wakefit 100 Days FREE Trial Starting Trom 43,999 Ergonomic Design",65
wakefit,949094094183534_0,wakefit Got the BEST sleep of my life with this mattress Up To 39% Off on Mlattresses SALE IS LIVE 4 4 1,104
wakefit,952216350591068_0,Dual Comfort CL5,16
wakefit,972222962650174_0,wakefit Breakup Alertl Your bed is tired of being your desk: BUY STUDY TABLE Time 8 49ar 10 daue acplacomtent ccarpontor Inszellation Up t0 3 YonrS Wanrniu,155
wow_skin_science,2553506361760600_0,WOW brightening,15
zepto,1017271261133924_0,"J@""Maxn created with _ 'Swato#' C Cmtk ` Cdd_97"" Saaronk ""Crytab Rcatrdt with = Crystals, Swaroiski"" wth created = J""Mr created , ""Crystals with Swarorski g9Bioom (HUUcu = w uhi (stls SI;Iiski"": 2l created with = Swaruski "" 1",225
zepto,1025324057144332_0,"zepto Raksha) Bandhan get = evil eye rakhis for good luck in mins* 3199  2499 Eak 2131"" 3499  f 1 r0 delivery fees above ?149",125
zepto,1031288263023624_0,"zepto everything you need for Shravan pooja get all pooja essentials dclivercd in mins"" 755"" 765 muturcpup 289 7400 Aas 31 FREE 732 740 728 449 =0 delivery fees above =99",170
zepto,1034489239185517_0,SUPER SAVER PACK 100% rolled oat? Certifed Cluten-free; Kon-CMO Colen Oata  HELPS Reduce SNod aXUnole CHMn Yeza,111
zepto,1051556424402400_0,"zepto INDEPENDENCE DAY DEALS get ready for flag-hoisting with accessories delivered in mins* 239 2149 2 "" 869 2105 <170 {499 r0 delivery fees above <149",152
zepto,1052004447700417_0,zepto INDEPENDENCE DAY DEALS get instant meals & tea-time snacks at great prices Intdlas Oats Brand BUY 3 ALOO GET 1 PARATHA McCain Ftennn (HEESE Stoiz id BUY 2 Saffola GET 1 a Classi Masald GOL r0 delivery fees above ?149,222
zepto,1055495993752406_0,"zepto Raksha) Randhan get evil eye rakhis for 'good luck in mins* 2199 7499 2131"" 7499 70 delivery fees above 799",113
zepto,1055681206950188_0,"COLLECTORS FIRST TIME IN INDIA EDITION GCalet with Suaoiski"" Gysals DUAL TONE RAKHI True Silver Plating Carat Gold Plating Swarovskio Crystal",141
zepto,1061179569996383_0,zepto INDEPENDENCE DAY DEALS get all your favourites at just =80 Hungritos frerch [ries CNutisum  Vhole WhEAT RUSK MLcier 2 duewhte 983 18G 70 delivery fees above ?149,167
zepto,1063158829631248_0,"zepto Raksha) Randhan get sacred rakhis in mins* 059"" 0249 76o 769"" 34155 70 delivery fees above 799",100
zepto,1064786649352256_0,"zepto everything you need for Shravan pooja get all pooja essentials dclivercd in mins"" 755"" 765 muturcpup 289 7400 Aas 31 FREE 732 740 728 449 =0 delivery fees above =99",170
zepto,1066299932480763_0,"COLLECTORS EDITION FIRST TIME IN INDIA MCalet with Suaoiski"" Gysals DUAL TONE RAKHI True Silver Plating Carat Gold Plating Swarovskia Crystal",141
zepto,1076665308170106_0,zepto everything delivered in mins' trending styles you'Il love delivered in mins* 3234' 21299 2107' 7599 3142' 7399 8 31z4 1 r0 delivery fees above <149,153
zepto,1079429071153851_0,"zepto INDEPENDENCE DAY DEALS get ready for flag-hoisting with accessories delivered in mins* 239 2149 2 "" 869 2105 <170 {499 r0 delivery fees above <149",152
zepto,1082211527734593_0,zepto INDEPENDENCE DAY DEALS get all your favourites at just ?80 Hungritos Cuol RUSK A 0 {0 delivery fees above <149,116
zepto,1083309674116279_0,"zepto INDEPENDENCE DAY DEALS get ready for flag-hoisting with accessories delivered in mins* 239 2149 2 "" 869 2105 <170 {499 r0 delivery fees above <149",152
zepto,1097017346317863_0,zepto INDEPENDENCE DAY DEALS get all your favourites at just =80 Hungritos frerch [ries CNutisum  Vhole WhEAT RUSK MLcier 2 duewhte 983 18G 70 delivery fees above ?149,167
zepto,1173628709176520_0,zepto Raksha  Bandhan get elegant peacock rakhis in mins* 759' 3445 769 3299 259 Tdd 70 delivery fees above 799,111
zepto,1250954328105465_0,"zepto everything you need for Shravan pooja get all pooja essentials dclivercd in mins"" 755"" 765 muturcpup 289 7400 Aas 31 FREE 732 740 728 449 =0 delivery fees above =99",170
zepto,1273660119163507_0,"zepto Raksha) Bandhan get beautiful rakhis for bhaiya & bhabhi in mins* 7209 3599 7449"" 7899 {0 delivery fees above ?149",120
zepto,1347363437381663_0,zepto INDEPENDENCE DAY DEALS get all your favourites at just =80 Hungritos frerch [ries CNutisum  Vhole WhEAT RUSK MLcier 2 duewhte 983 18G 70 delivery fees above ?149,167
zepto,1364440381874875_0,"zepto Raksha) Bandhan get beautiful rakhis for bhaiya & bhabhi in mins* 7209 3599 7449"" 7899 {0 delivery fees above ?149",120
zepto,1366421671632460_0,"zepto Raksha) Randhan get sacred rakhis in mins* 059"" 0249 76o 769"" 34155 70 delivery fees above 799",100
zepto,1366957408893808_0,zepto INDEPENDENCE DAY DEALS get all your favourites at just =80 Hungritos frerch [ries CNutisum  Vhole WhEAT RUSK MLcier 2 duewhte 983 18G 70 delivery fees above ?149,167
zepto,1371555967874373_0,"zepto INDEPENDENCE DAY DEALS get ready for flag-hoisting with accessories delivered in mins* 239 2149 2 "" 869 2105 <170 {499 r0 delivery fees above <149",152
zepto,1373033597539856_0,"zepto Raksha) Randhan get evil eye rakhis for 'good luck in mins* 2199 7499 2131"" 7499 70 delivery fees above 799",113
zepto,1373603228271508_0,SUPER SAVER PACK 100% rolled oat? Certifed Cluten-free; Kon-CMO Colen Oata  HELPS Reduce SNod aXUnole CHMn Yeza,111
zepto,1373972404882764_0,"HAFPA aatnu Maanu: @ukizraln ponidge HAPPA under mighty grain Why Pap bs $ooo foodh Pcnsouced Ca um Maavu Fibre mares bibkes Rap Saathu mix Reetyof retural pOrridge  1 pOrridge / mix dry 'fruits Wetl INLMKS ~multigrain / { grains < Mrte =  different  0f7 08"" gralns {atand 3teaor Stage | Fine Cedtaou denre made  With_ ove Ted for the little one",345
zepto,1394378935943311_0,zepto Raksha) Bandhan get sacred rakhis in mins* 759 7249 Crellt 775 4160 L 269' 7155 1 r0 delivery fees above ?149,115
zepto,1397518348952314_0,zepto INDEPENDENCE DAY DEALS get all your favourites at just =80 Hungritos frerch [ries CNutisum  Vhole WhEAT RUSK MLcier 2 duewhte 983 18G 70 delivery fees above ?149,167
zepto,1424634503060372_0,zepto INDEPENDENCE DAY DEALS get all your favourites at just =80 Hungritos frerch [ries CNutisum  Vhole WhEAT RUSK MLcier 2 duewhte 983 18G 70 delivery fees above ?149,167
zepto,1429952459201609_0,"zepto Raksha) Randhan get evil eye rakhis for 'good luck in mins* 2199 7499 2131"" 7499 70 delivery fees above 799",113
zepto,1509026660995180_0,Dove DAUAGe hair fall^ rescue Ra-etccin cem LUco e4oly CONDitioNER,66
zepto,1517753752965974_0,"zepto Raksha) Bandhan get elegant peacock rakhis in mins* 759 7145 69"" 7299 84  1 8 759 7299 r0 delivery fees above <149",120
zepto,1523640796117913_0,"zepto all you need for your [shravan fast get all fasting essentials delivered in mins"" 329 350 736 780 350 2280 7133 3459 0 Mo DoinioUur good Cmucn {0 delivery fees above =99 Vada",180
zepto,1524106642272236_0,"COLLECTORS FIRST TIME IN INDIA EDITION GCalet with Suaoiski"" Gysals DUAL TONE RAKHI True Silver Plating Carat Gold Plating Swarovskio Crystal",141
zepto,1541574740983789_0,zepto Raksha  Bandhan get elegant peacock rakhis in mins* 759' 3445 769 3299 259 Tdd 70 delivery fees above 799,111
zepto,1554215969527744_0,zeRo PReservatives AIR FRgeR FRiendug super value Pack #yia_ Mazaa ~gaya8 FrenchH FRIes escryduves 60 Ikg,105
zepto,1568414544690595_0,"NEW 3 kg Super Value Pack Tfde naturals 4Lemon Chandan 3 kg Super Value Pack""",77
zepto,1570634591407246_0,Packaging might vary WeiKFiELD SincE 1930 PRL4IUA coco4. UNSWEETENED COCOA SPOWDER WWeiKFiELD or Cocoa Powder UNSWEETENED This That,131
zepto,1603795281403682_0,1 9 100 9 Catch) JEERA WHOLE,28
zepto,1608896074186205_0,"zepto everything you need for Shravan pooja get all pooja essentials dclivercd in mins"" 755"" 765 muturcpup 289 7400 Aas 31 FREE 732 740 728 449 =0 delivery fees above =99",170
zepto,1610357763983901_0,"zepto Raksha) Randhan get sacred rakhis in mins* 059"" 0249 76o 769"" 34155 70 delivery fees above 799",100
zepto,1646770720498646_0,zepto INDEPENDENCE DAY DEALS get all your favourites at just =80 Hungritos frerch [ries CNutisum  Vhole WhEAT RUSK MLcier 2 duewhte 983 18G 70 delivery fees above ?149,167
zepto,1678039686596577_0,zepto qvoryaning coiivoicdn this summer; feel cooler with coconuts in mins* r0 handling fees,92
zepto,1678327740960675_0,,0
zepto,1688558245552737_0,"zepto oucrthing dciivotconMins all you need for your shravan fast get all fasting essentials delivered in mins* 329 3133 250 7459 MoM MRWM 1 736"" 7260 750 7280 - good PotatO WAFERS GROUNDNUT OIL JABUDAHA =0 delivery fees above ?149 0 QVMH`",239
zepto,1718364006038896_0,"RICHIIN DRY FRUITS MuTS EAT BETTER ORANGE CHOCOLATE LADDOOS sweetehed With dates Walot lmcnos Cocoru , Locoo nid Seros Wanlia Extrac Wconce Sco Sad: Wwecatbetterco com",167
zepto,1740790443636534_0,"zepto OvorVthing dcinotcoin Mins everything you need for Shravan pooja get all pooja essentials delivered in mins* 755"" 265 - manGaLDEER] 789 7400 779 7451 311 FREE 732"" 740- 328' 7349 QHARDANTUA =0 delivery fees above 7149",223
zepto,1760265775155974_0,"zepto Raksha) Bandhan get = evil eye rakhis for good luck in mins* 3199  2499 Eak 2131"" 3499  f 1 r0 delivery fees above ?149",125
zepto,1766965954482435_0,"zepto all you need for your [shravan fast get all fasting essentials delivered in mins"" 329 350 736 780 350 2280 7133 3459 0 Mo DoinioUur good Cmucn {0 delivery fees above =99 Vada",180
zepto,1767713478143995_0,('( Akshayakalpa Amrutha Organic RICH IN A2 PROTEIN Cicwel Nct Qty: 500g  No antibiotics Untouched by human hands,113
zepto,1769019714299489_0,"zepto INDEPENDENCE DAY DEALS get ready for flag-hoisting with accessories delivered in mins* 239 2149 2 "" 869 2105 <170 {499 r0 delivery fees above <149",152
zepto,1797747304720787_0,"zepto Raksha) Randhan get evil eye rakhis for 'good luck in mins* 2199 7499 2131"" 7499 70 delivery fees above 799",113
zepto,1829436865171609_0,"zepto INDEPENDENCE DAY DEALS get ready for flag-hoisting with accessories delivered in mins* 239 2149 2 "" 869 2105 <170 {499 r0 delivery fees above <149",152
zepto,1832707514765996_0,"zepto Raksha) Bandhan get beautiful rakhis for bhaiya & bhabhi in mins* 7209 3599 7449"" 7899 {0 delivery fees above ?149",120
zepto,2014836639180336_0,zepto Raksha) Bandhan get sacred rakhis in mins* 759 7249 Crellt 775 4160 L 269' 7155 1 r0 delivery fees above ?149,115
zepto,2039568533598303_0,zeRo PReservatives AIR FRgeR FRiendug super value Pack #yia_ Mazaa ~gaya8 FrenchH FRIes escryduves 60 Ikg,105
zepto,2123005448627799_0,zepto INDEPENDENCE DAY DEALS buy get 1 free] on your favourites wing coconut SUPER SAV water Catch aNGFe Simple UNIBIC Cash Loril 70 delivery fees above ?149,157
zepto,2163012854628094_0,"zepto Raksha) Randhan get sacred rakhis in mins* 059"" 0249 76o 769"" 34155 70 delivery fees above 799",100
zepto,2203567860215768_0,"zepto oucrthing dciivotconMins all you need for your shravan fast get all fasting essentials delivered in mins* 329 3133 250 7459 MoM MRWM 1 736"" 7260 750 7280 - good PotatO WAFERS GROUNDNUT OIL JABUDAHA =0 delivery fees above ?149 0 QVMH`",239
zepto,2368910976848140_0,"zepto Raksha) Bandhan get beautiful rakhis for bhaiya & bhabhi in mins* 7209 3599 7449"" 7899 {0 delivery fees above ?149",120
zepto,2389113135164123_0,zepto INDEPENDENCE DAY DEALS get all your favourites at just =80 Hungritos frerch [ries CNutisum  Vhole WhEAT RUSK MLcier 2 duewhte 983 18G 70 delivery fees above ?149,167
zepto,2520237805118298_0,zepto Raksha  Bandhan get elegant peacock rakhis in mins* 759' 3445 769 3299 259 Tdd 70 delivery fees above 799,111
zepto,2577688325981083_0,"NEW 3 kg Super Value Pack Tfde naturals 4Lemon Chandan 3 kg Super Value Pack""",77
zepto,2674790752980189_0,"zepto oucrthing dciivotconMins all you need for your shravan fast get all fasting essentials delivered in mins* 329 3133 250 7459 MoM MRWM 1 736"" 7260 750 7280 - good PotatO WAFERS GROUNDNUT OIL JABUDAHA =0 delivery fees above 749 0 QMI`",237
zepto,27819736510997045_0,"zepto OvorVthing dcinotcoin Mins everything you need for Shravan pooja get all pooja essentials delivered in mins* 755"" 265 - manGaLDEER] 789 7400 779 7451 311 FREE 732"" 740- 328' 7349 QHARDANTUA =0 delivery fees above 7149",223
zepto,28029951746637542_0,"2 blov cicited, with ' Swatovski = ""Crystals 251 created = Iwith Sw BOND TIFD WORN TODAY FOREVER Your , rakhi keepsake  becomes = pendant 4anh Swduna] Cqtiah eralerl with Cystals Swio ski"" ATnc Oak Gutua",203
zepto,3129020847307608_0,"zepto all you need for your [shravan fast get all fasting essentials delivered in mins"" 329 350 736 780 350 2280 7133 3459 0 Mo DoinioUur good Cmucn {0 delivery fees above =99 Vada",180
zepto,3235517653505633_0,zepto INDEPENDENCE DAY DEALS buy get 1 free] on your favourites wing coconut SUPER SAV water Catch aNGFe Simple UNIBIC Cash Loril 70 delivery fees above ?149,157
zepto,37561647766816374_0,"zepto Raksha) Bandhan get elegant peacock rakhis in mins* 759 7145 69"" 7299 84  1 8 759 7299 r0 delivery fees above <149",120
zepto,3936640396644791_0,"zepto Raksha) Bandhan get beautiful rakhis for bhaiya & bhabhi in mins* 7209 3599 7449"" 7899 {0 delivery fees above ?149",120
zepto,4574973666068339_0,"zepto Raksha) Randhan get sacred rakhis in mins* 059"" 0249 76o 769"" 34155 70 delivery fees above 799",100
zepto,4580011375603469_0,zepto Raksha  Bandhan get elegant peacock rakhis in mins* 759' 3445 769 3299 259 Tdd 70 delivery fees above 799,111
zepto,815993901539566_0,Minute Conditioner for stronger; detangled hair Dove D| hair fall^ rescue Beroidin Corc CONDITIONER,99
zepto,895842486523723_0,zepto INDEPENDENCE DAY DEALS get all your favourites at just =80 Hungritos frerch [ries CNutisum  Vhole WhEAT RUSK MLcier 2 duewhte 983 18G 70 delivery fees above ?149,167
zepto,911376481517436_0,"zepto all you need for your [shravan fast get all fasting essentials delivered in mins"" 329 350 736 780 350 2280 7133 3459 0 Mo DoinioUur good Cmucn {0 delivery fees above =99 Vada",180
zepto,975129048918142_0,zepto Raksha) Bandhan get beautiful rakhis for bhaiya & bhabhi in mins* 7209' 2599 {449' 4899 8frs  1 r0 delivery fees above <149,129
zepto,984688151265614_0,"zepto Raksha) Randhan get evil eye rakhis for 'good luck in mins* 2199 7499 2131"" 7499 70 delivery fees above 799",113
zepto,985421641190046_0,zepto Raksha) Bandhan get beautiful rakhis for bhaiya & bhabhi in mins* 7209' 2599 {449' 4899 8frs  1 r0 delivery fees above <149,129
zomato,1004114892251299_0,KFC zomato UP TO 608F +FREE DELIVERY GDC,40
zomato,1006125265451242_0,order something special today? ERE DEUVERY zomato,49
zomato,1014307458050221_0,"POLAR BEAR"" THecgr CRBAN HUNDAezot UP TO 60% FREE DELIVERY Pear Ien tGut",72
zomato,1016046041303402_0,UP TO 60% OFF +FREE DELIVERY momo zomato,40
zomato,1018045251022387_0,KC Co UP TO 60% OFF +FREE DELIVERY zomato,41
zomato,1038393811900474_0,GET UPTo 60%  OFF DELIVERY +FREE zomato,39
zomato,1057638600286012_0,up to 60% off free delivery MEHROUZ Rleean zomato,49
zomato,1177979397856448_0,AT JUST zomato 289,18
zomato,1203588051881532_0,FREE FOOd DELIVERY on your first order zomato,45
zomato,1229483559312467_0,"BIRYANI; 8149 STARTING AT FREE DELIVERY ON YOUR 1""ORDER zomato",62
zomato,1242408168055244_0,60V OFF +FRee deliverY ON YOUR FIRST OrdER zomato,49
zomato,1251212620326531_0,zomato GcaGela burGer Ery LIVERY UPTO 602 +FREE 'DELIVERY OFF,61
zomato,1254114026874106_0,DOSA AT JUST {109 ORDER NOW ON zomato TTECPPLT,46
zomato,1274440727931609_0,zomato [iad UP TO 60% OFF FREE delveRy @ca Gcla | DEE,53
zomato,1286061603419662_0,GET UPTO 60% ( OFF DELIVERV +FREE zomato,40
zomato,1293541782982161_0,TRAVELLING SOON? GET ZOMATO ON THE WAYI UPTO 60d OFF zomato FOOD ON TRAIN AUTHORISED IRCTC PARTNER IRGTTC,105
zomato,1315918647247687_0,"zomato (CrAVINGS, TOp TIER ~BIRYANI  0 UP TO 60o/ OFF BEEFery",61
zomato,1321938876203688_0,zomato GOLD ONLYATT1 FREE DELIVERY ON ORDERS ABOVE ?99,54
zomato,1328078289392235_0,"cohaayos zomato UP T0- 60""64 +FREE DELIVERY",43
zomato,1332222548941342_0,UP T0 6o1  OFF #FREE DElVERY zomato,35
zomato,1333452462203283_0,STARTING AT PIZZAz99 FREE DELIVERY ON YOUR 17 ORDER zomato,58
zomato,1336263035224323_0,Dominos UP TO 60% OFF #FREE DELIVERV zomato,43
zomato,1339239875023577_0,TTURNS OUtT BUY 'THAT FYOU [ CAN HAPPINESS  MIN: F1OOOFF ON ORDERS ABOVE 7199_ zomato,85
zomato,1349603306567038_0,PRObHEHHZHHRc THE Hack? A SNACK zomato,38
zomato,1350509203793735_0,BIRYANI DELIVERED TO YOUR TRAIN GET UP TO 60% OFF zomato FOOD ON TRAIN Authorised Jrctc PARTNER WRGTC,101
zomato,1350882129901702_0,"zomato GOLD ORDERS , S NBOVE ONLY FREE 6 DELIVERY ATt "" ORDERS  FABONE ` For 3[ MONTHS",86
zomato,1379482577477393_0,KFC FLAT 4509 OFF FREE DELIVERY FREE DELIVERY * zomato endng .,62
zomato,1382600610385716_0,UP TO OUPROFF ORDER NOW ON zomato,33
zomato,1391697286152980_0,zomato 7109 STARTINGAT,22
zomato,1396741062213562_0,"Shn SLrulUhg OH OUR App SCROLLHg AdS S0 BecauSe` 60u065 theRe""$ UPTOS zomato",76
zomato,1396965312478311_0,UP T0 60v OFF #FREE DELIVERY zomato,35
zomato,1405082291497247_0,send ghewar' 'don t said no one ever up to 60% OFF +FREE delivery zomato,72
zomato,1411837904189343_0,UPTO 60% OFE +FREE DELIVERY ab.coffee ab.coffee zomato,54
zomato,1411911587446713_0,UP To 6Ov OFF +FReE DELIVERY ON YOUR FIRST ORDER zomato,55
zomato,1439279470943416_0,"STARTINGAT BURGER=69 FREE DELIVERY ON YOUR 1"" ORDER zomato",58
zomato,1444445347453646_0,"EVERY JOURNE"" NEEDS SOMEFUEL zomato FOOD ON TRAIN Authorised IacTC parthcp IRCTC UPTO 602 ""OFF",94
zomato,1458294606102430_0,UP T0 60v OFF #FREE DELIVERY zomato,35
zomato,1471051128050736_0,zomato UP To 608 OFF +Free DELIVERY ON YOUR FIRST ORDER 8,57
zomato,1492047629180802_0,GET BURGERS STARTING AT r69 zomato,34
zomato,1492210526007063_0,chaat at {59 FREE delivery zomato,33
zomato,1494467812452819_0,"GET 60% SAY OFF"" CHEESEL DELIVERY FREE DELIVERY FREE DELIVERY FREE DELI",71
zomato,1512521980087085_0,bakingo zomato UPTO 6O%OFF FREE DELIVERY enery  bt,50
zomato,1528396592302746_0,WEa AMAZING TASTE AMAZING VALUE acla Nd UPTO 60% OFF FrEE DELIVERY zomato,73
zomato,1544232477357332_0,"zomato GOLD ORDERS _ ABOVE ONLY FREE DELIVERY ATtei ""ORDERS ' ABOUE _ FOR 3 [ MONTHS",84
zomato,1550149573242461_0,up to 60% off free delivery MEHROUZ Rleean zomato,49
zomato,1551080893140135_0,first order? let's party get up to FREE 60% OFF delivery 8 Panty  zomato,72
zomato,1560515802249001_0,UP TO 60v OFF +FREE DELIVERY zomato,35
zomato,1560868172235509_0,zomato [iad UP TO 60% OFF FREE delveRy @ca Gcla | DEE,53
zomato,1561366665559455_0,UP T0 600 OFF +FREE DELIVERY zomato,35
zomato,1575652827673166_0,"UP TO JK JUMBOKING  69% +FREE OfF DELIVERY JKE ""nnori zomato @C NKk  urcular 1",78
zomato,1576201004023797_0,"zomato GOLD ORDERS , S NBOVE ONLY FREE 6 DELIVERY ATt "" ORDERS  FABONE ` For 3[ MONTHS",86
zomato,1596832092097974_0,zomato UP TO 60% OFF DELIVERY +FREE,35
zomato,1633569564381024_0,"zomato , GOLD ORDERS , { ABOVE , ONLy FREE DELIVERY Aa ""ORDERS ! ABOVE ` FOR= 3 MONTHS",86
zomato,1640286743942104_0,WEa AMAZING TASTE AMAZING VALUE acla Nd UPTO 60% OFF FrEE DELIVERY zomato,73
zomato,1664636491283956_0,Dominos UP TO 60% OFF #FREE DELIVERV zomato,43
zomato,1665621854507024_0,UPTO 60% OFF +Free delivery dont turn lunch Into luggage order food on train zomato,83
zomato,1676269860151617_0,SidhiSuuss zomato upto 60% OFF bvee delively,44
zomato,1697848001441487_0,cohaayos FLAT 609 OFF FREE DELIVERY zomato,42
zomato,1701887234390764_0,zomato cMatu sutt UP TO  600 OFF +FREE DELIVERY,47
zomato,1724445915416671_0,TURNS OUT THAT CAN BUY 'YOU _ (HAPPINESS FLAT {750FF DN ORDERS ABOVE {149 zomato,80
zomato,1765473304617015_0,GET zomato GOLD ONLY AT ?1 FOR 3 MONTHS FREE DELIVERY ON ORDERS ABOVE ?99 Fecapat,81
zomato,1772005177312666_0,up to 60% off free delivery MEHROUZ Rleean zomato,49
zomato,1806689670701792_0,STARTING AT 7149 zomato,23
zomato,1809958836339090_0,UP TO 609 OFF +FREE DELIVERY ON YOUR FIRST ORdER zomato,55
zomato,1878714863540540_0,zomato UP To 608 OFF +Free DELIVERY ON YOUR FIRST ORDER 8,57
zomato,1925018654849194_0,460% OFF FREE DELIVERY KFC zomato KFC KFC,41
zomato,1983785728966399_0,50% 0FF +FREE E DELIVERY abcoffee zomato,40
zomato,2045076402735817_0,BBK BIRYANI LAYERED WITH FLAVOURFUL SPICES UPTO 6O%OFF Free delivery zomato 9,77
zomato,2089794048296276_0,STAY ON TOACK WELLBE RIGHT THERE UPTO 601 OFF zomato FOOD ON TRAIN AuthoriSed Iacic Parineh,91
zomato,2118499842378176_0,UP T0 60v OFF #FREE DELIVERY zomato,35
zomato,2120539435246467_0,UP TO 604 OFF +FREE DELIVERY zomato,35
zomato,2129685337579119_0,UP TO 60% OFF +FREE DELIVERY KHADAK SINGH DA DHABA zomato,57
zomato,2184515482372097_0,"SNACKS: 819 FREE DELIVERY ON YOUR 1""ORDER zomato",48
zomato,2202534740308344_0,IRANICAFE Frh+0 zomato UP TO 60% OFF +FREE DELIVERY,51
zomato,2237122897090150_0,UP T0 60v OFF #FREE DELIVERY zomato,35
zomato,2273676069829734_0,zomato +Free delineru @m Your Firsy order Otl 600 _,51
zomato,2445607422586355_0,zomato STARTING AT 779,22
zomato,26805273402470407_0,"40? QUISIDE 40 4 5 UPTO "" 6005 INSIDE ORDER NOW ON zomato",57
zomato,27452058737788179_0,60v OFF zomato +Free deliveRV,29
zomato,27727386006880337_0,zomato UP TO 600 OFF +FREE DELIVERY,35
zomato,27783915907908672_0,zomato FB UP TO 60% OFF #FREE deliVery,38
zomato,3139801312879687_0,GET UPTO 60% ( OFF DELIVERV +FREE zomato,40
zomato,3260306447477113_0,STARTING AT PIZZAz99 FREE DELIVERY ON YOUR 17 ORDER zomato,58
zomato,3362918913876576_0,KFC zomato UP TO 608F +FREE DELIVERY GDC,40
zomato,36971249162490741_0,zomato to 36% OFF +FREE DELIVERY @Iimia 3 TQULOVE,49
zomato,37300772386236749_0,get flat {1OO OFF on orders above {149 REE delivery FREE delivery FREE zomato,77
zomato,3972743566196496_0,zomato GcaGela burGer Ery LIVERY UPTO 602 +FREE 'DELIVERY OFF,61
zomato,4244731245782271_0,GET UPTO 8024 OFF OELiVERy FREE zomato,38
zomato,650002091541927_0,momo Mho HOT DEALS hotter MOMOS ~UPTO OFF 60%5 DELIVERY +FREE zomato,68
zomato,776560575039990_0,PLUMSTARTINGAT CAKE{199 FREE DELIVERY ON YOUR 1s ORDER zomato,61
zomato,855439574104052_0,UPTO Go% OFF FREE DELIVERY zomato,33
zomato,856357634174685_0,zomato UP TO 60% OFF +FREE DELIVERY,35
zomato,870449975704423_0,'SCROLLNg ADS ShRT Ser0l4hg OH ouR App S0 BECAUSE 'therE'5 Wile FLAT ON ordeRS 'ABOVE  zomato,93
zomato,928957513470964_0,EVERY GOOD JOURNEY DESERVES A GREAT MEAL UPTO 60d OFF zomato FOOD ON TRAIN AUTHORISED IRCTC PARTNER IRGTTC,106
zomato,946918931141803_0,UPTO 60% OFF +Free delivery dont turn lunch Into luggage order food on train zomato,83
zomato,956393043999160_0,KFC zomato IN EVERVONEIS BUTKET LIST UPTO 60% OFF FREE DELIVERV,63
zomato,990925750584885_0,UP To 60% OFF +FREE DELIVERY zomato,35
zomato,993151910068000_0,THALI DELIVERED TO YOUR TRAIN GET UP TO 60% OFF zomato FOOD ON TRAIN Authorised IrctC PARTNER IAMTC,99
