video_id,score,overperformed,labelable
sfBapUJCNJc,0.4860513336654739,nan,False
3aLI_fPUquo,0.41913283859143735,nan,False
1j2SlOCafQ8,0.5541751617558069,nan,False
1VaIaKeugpQ,0.4169112048116782,nan,False
1B0UE61olKc,0.44472505762553105,nan,False
3VYpWxokxps,0.4802164500014955,nan,False
4N5mpIOx4Ak,0.541982182428544,nan,False
IooTBRwce2s,0.34754697761917297,nan,False
Ar4s4H7Pkjw,0.39676529856685155,nan,False
HUH-JIHHQfw,0.45281376700814924,nan,False
KHqS3pnLVwg,0.39964667853601743,0.0,True
MFtIWCYWwGw,0.4459735347092419,0.0,True
P-bY4uFjSHw,0.5984197302423904,1.0,True
PAYHOr73Zr4,0.5798205133673114,1.0,True
eb6ToL9StIQ,0.6871298754611562,1.0,True
eYXpFhoQPgA,0.3978208299169999,0.0,True
h2apnrnZp3s,0.5183208724332669,1.0,True
oUt9u_kEu64,0.6022578341525477,1.0,True
rvv9kUmROIM,0.633403636967163,1.0,True
yqCZ1ii2Jk8,0.5669744768685548,1.0,True
tZFq9Qctf-8,0.31781335243599396,0.0,True
CuAbeADfX8w,0.3595867514507723,0.0,True
pHKhxJnpWo0,0.3377036345676554,0.0,True
msWvsBI5dWU,0.20912495815936438,0.0,True
CJlkakLUVN4,0.41058589210970037,0.0,True
F7iBfTea7CA,0.6366703732775162,1.0,True
K8fjdSzvcfs,0.3978332801978572,0.0,True
QLNtxxgE2sU,0.5907281061658941,1.0,True
UDH8a9NW9UE,0.5876444270638022,1.0,True
V7Uyqus_aYA,0.551579725999101,1.0,True
Pko2vzPLeC0,0.4038040735531889,0.0,True
XRGAEVsd8iM,0.41990208645971244,0.0,True
hOjuzpfqfWY,0.44455601240886733,0.0,True
rU9dk8rlQWE,0.3499850666386637,0.0,True
vfwLAGv7DTI,0.6490093211435723,1.0,True
vLI1_mvd1jI,0.5572972812627984,1.0,True
vtstSSxULOQ,0.2029484875711291,0.0,True
29R2ezr472E,0.2892419238645654,0.0,True
SEvsdtqDvZ8,0.1421911421911422,0.0,True
TJnMPm3eaRk,0.2690136544719389,0.0,True
4iqNU55gJdA,0.17076257076257076,0.0,True
xTQJKDpwiQY,0.27398982302422925,0.0,True
1_5TE5izfDM,0.34618057806128405,0.0,True
sgsUtqLJldQ,0.34618057806128405,0.0,True
9Wr0x9IGedo,0.22374236874236875,0.0,True
C56AdpEWbxQ,0.40431472268523283,0.0,True
kKz22UJZpMA,0.39161038118632435,0.0,True
ggVddpQsaW8,0.5940275313409642,1.0,True
4haZJxpf9Bo,0.6152095669337049,1.0,True
oiDpNqYrXuc,0.3368647437287645,0.0,True
wQza2t9Qs64,0.5808292627239764,1.0,True
Npof29NvXg0,0.7009145520378239,1.0,True
wPSr8iLJKjY,0.6793929083893929,1.0,True
9b5SEQR6ga4,0.7081855353267809,1.0,True
-Hb13KrbZBY,0.604721931666701,1.0,True
I5eNmOfVACk,0.667272581259952,1.0,True
BLxFn_BFB5c,0.7009145520378239,1.0,True
YqAAFX1XXY8,0.7499520740902377,1.0,True
Xg4n60hYfhA,0.6793929083893929,1.0,True
oq_glqQtWho,0.6759905596222487,1.0,True
QOz_CsQKcz8,0.6638836491301336,1.0,True
kFKTIkxI0Qw,0.6793929083893929,1.0,True
z3lHAahgpRk,0.6571543942153949,1.0,True
z275i_6jDPc,0.7009145520378239,1.0,True
_SBn0Iu3K-U,0.3842171815350602,0.0,True
KZW0Oi9P6tA,0.6843005209076638,1.0,True
e1YbEHHc6-M,0.7365305483794463,1.0,True
JvdUcRXI9Jg,0.43570772623136883,0.0,True
_sDHGXfFHEQ,0.5528308204852109,1.0,True
-2AEmTgE-LA,0.6554580898830695,1.0,True
8TuIOy4Xn8Q,0.6687912616484045,1.0,True
WNrn8YW_VGE,0.26416191695474756,0.0,True
wQXu_htHjB4,0.6331829237071173,1.0,True
oQRKThV2HtU,0.6631429083893929,1.0,True
15x_8v8Esd0,0.4044321917606089,0.0,True
HsRmHcJLHFg,0.604721931666701,1.0,True
2PfL01ORtlc,0.5823778894222885,1.0,True
_1XMBiRE9Rw,0.5376219943676384,1.0,True
PP5Y_hh-heY,0.6230746127059491,1.0,True
46sto90Fo3U,0.1458373195882223,0.0,True
G1UZkT0GAmk,0.39161038118632435,0.0,True
B9kwMbnJWXs,0.6385838719652084,1.0,True
T9Y612yikpU,0.2436853776853777,0.0,True
Ntsy-hD2MO4,0.5981142996679261,1.0,True
0dxvejq1v2Y,0.14440623428858723,0.0,True
hyen-kIQl_k,0.5993576354105641,1.0,True
bpKdskh1J_I,0.23885067873303165,0.0,True
-JJuRNn4Nl8,0.5319068751495009,1.0,True
ZkPV_iuYIQw,0.19006611836800516,0.0,True
Xb1y3K_JfJ0,0.25375499581745514,0.0,True
x8aHhwSAsZs,0.6237164777216102,1.0,True
PmM2dWQVDbE,0.13848847926267283,0.0,True
h8pFZlCr0RY,0.2056358735604019,0.0,True
7G3TmVQQ7Mk,0.1683410527949106,0.0,True
fCbNxTDGh6I,0.1170590015128593,0.0,True
mXIQm6S8C50,0.09848847926267282,0.0,True
YEGWUlTiUB0,0.1180193850851204,0.0,True
jGGRz7YGM_c,0.12248847926267281,0.0,True
nHmZQQmwFuU,0.2754567086290459,0.0,True
_kGdRDlmY2E,0.10105900151285932,0.0,True
iEpqxTTPmzI,0.0611764705882353,0.0,True
KZBubiTMnSc,0.1410590015128593,0.0,True
RIsVVqzEBuQ,0.09848847926267282,0.0,True
ks32mdMHJaY,0.2987417609450477,0.0,True
ToOjKzO_Rts,0.31416191695474754,0.0,True
ziukKZkhrKs,0.10269942979343498,0.0,True
xpA86OZEYwU,0.1502948086805418,0.0,True
EOTHpI3Eqn4,0.19440623428858722,0.0,True
D4SA7u85X-o,0.12248847926267281,0.0,True
wt3P6TSeNxs,0.15705900151285931,0.0,True
Rxvl9Wn5IyM,0.08,0.0,True
ba0X7QKmM4g,0.2304369668338019,0.0,True
vykPOqYhNy4,0.23320591765977544,0.0,True
b2HRjVKY_zc,0.6571543942153949,1.0,True
ZSoKocQe6Go,0.09,0.0,True
p6T_dqDzBsg,0.09,0.0,True
T5CyZdnkVGs,0.6820559912437794,1.0,True
MtscagODN70,0.6129786267086021,1.0,True
TiTnkC7QTPM,0.14977053054472408,0.0,True
zMzvZ4pUjf8,0.3999300543914056,0.0,True
hhRhM9ykX_I,0.24092668100318032,0.0,True
byn0dg9s2Q8,0.3421233752957125,0.0,True
rpaxsYAg3Pc,0.14977053054472408,0.0,True
MFl0HUlqCmg,0.5834099229922634,1.0,True
-6SOo8pzJY4,0.6213615631985889,1.0,True
jjMlQAFujrM,0.3090818759317293,0.0,True
JfKw3nc4zKw,0.562798617815437,1.0,True
NhFJFI9ftMI,0.32837812458141125,0.0,True
fIVXp2rdu0w,0.604721931666701,1.0,True
hPpkaK2I2Ig,0.5509141750391536,1.0,True
HLm016JhC2Y,0.5931233998975933,1.0,True
plTMyIXGxGQ,0.41313202483475536,0.0,True
YQLEsclV9c4,0.35307726679114093,0.0,True
RGboLEnE9m0,0.29567915833405795,0.0,True
Obo0rcFXqhA,0.6188899944141879,1.0,True
UfGDCLAs8xs,0.24059911731103964,0.0,True
tZBohx5AN1Q,0.35716684306312196,0.0,True
A768NDsm20U,0.24199161606811534,0.0,True
RlUzHfIiUVE,0.2205630446395439,0.0,True
m399nRSMtgQ,0.2531906790713851,0.0,True
XorktdvMzko,0.5921574863613441,1.0,True
MbrqCF-Ax2k,0.33459450817045133,0.0,True
ztF3mL5XasE,0.3923399709067291,0.0,True
gSCGgSs0cpM,0.36875930652236544,0.0,True
QJQCmXaxAZA,0.38574420043504637,0.0,True
OAWzhOuC00w,0.4990665999568475,1.0,True
AyTmsr_f7PE,0.418114502496174,0.0,True
kewQpPnvP_c,0.36443219176060887,0.0,True
WDCmzR2aRRs,0.43321136640799923,0.0,True
cOXonMOaREE,0.47867722084979014,0.0,True
phXijME2Ux4,0.4148572671126779,0.0,True
N-Io58rShUI,0.4362858385412493,0.0,True
F-JjMD0ZA9w,0.29696292839139243,0.0,True
5hW09sql-X4,0.4257432941138043,0.0,True
vb31gkDfdeA,0.43138519557957783,0.0,True
OgI5T2o2bwg,0.4044321917606089,0.0,True
3ZJmNx9rIic,0.5743549432633881,0.0,True
zvqpb-lT8Kw,0.4394798632737219,0.0,True
7hvQgM43fi4,0.41627478941305246,0.0,True
1Yx5xEYHCCs,0.3387174018324928,0.0,True
n1XGzMj4Fmg,0.439821907665028,0.0,True
rtrCoStKCI0,0.45658459696279496,0.0,True
uYQtuFmXIJ8,0.40215292561376936,0.0,True
2IcA-HZzQqw,0.41732015940773176,0.0,True
OGt6jXRwbjQ,0.5659878893118725,0.0,True
1gu5jS9kGB8,0.5220632988435788,0.0,True
YDvOpx-XHYI,0.5887107543304292,0.0,True
owTcNtAZV6A,0.5096963649530796,0.0,True
mL7zyasCfrY,0.5226409339746554,0.0,True
91W6vtI6iRM,0.3381581800222008,1.0,True
J1LN9_irE-g,0.48586258481977174,0.0,True
sETCFnLTx44,0.3988853429935024,1.0,True
lDrPYbMwDD4,0.5929254655135746,1.0,True
ofqqis0jWG4,0.4711014632740326,0.0,True
48e29Ge2Ugo,0.41913283859143735,1.0,True
k55lrt7yA1A,0.41235102003492596,1.0,True
vsvvBcEhZHo,0.5040149109425183,1.0,True
0MA5ouSlqiY,0.5347595241809724,1.0,True
5yWRhRlsuso,0.49529322494671757,0.0,True
Dp52Wi4o8Cc,0.49197439484905703,0.0,True
BUno2fNEi00,0.628490249577095,0.0,True
HPjwlZ6knHg,0.6046164035962864,0.0,True
ez9lIxgWRiE,0.5927133514098349,0.0,True
VCq3a1G4GjI,0.6056717470975743,1.0,True
XV7fM7Z8-_E,0.3318212209433063,1.0,True
eDQA62mQWp0,0.423398411700959,0.0,True
kL4_pMZhnYM,0.4177153162910628,1.0,True
5E_JY7DgvlE,0.36879826559981854,0.0,True
Xw2dQv_3wYo,0.42756832214624163,1.0,True
HW3nKVEM0sU,0.4779842755859437,1.0,True
Yppr9COGl0o,0.5378548997226307,0.0,True
bxt34uNoH94,0.4137685423353005,0.0,True
7Z-Dx6RfVLA,0.5648447365746949,0.0,True
M8PL8ZRMkok,0.5779818663601619,1.0,True
2wU0VqQsxl8,0.46082269433831585,0.0,True
XIPLVh53sKo,0.46276722909369433,0.0,True
gIIQFZ8g354,0.5012269870792263,0.0,True
STok7NC5DIk,0.39379826559981856,0.0,True
3C6vUlziL64,0.44438761472082866,0.0,True
otxhoU2ILTU,0.387161722735421,0.0,True
qtpnaXptn7Q,0.3962867448624914,0.0,True
wfPCsAmGg_g,0.42825551683534524,0.0,True
q7yZmnS8Tfg,0.43007456922399356,0.0,True
j9_QIRdLlsQ,0.42461337539230426,0.0,True
fdMyj-xrIwE,0.38574420043504637,nan,False
5y7E425gpyY,0.38358240336358285,nan,False
wu0EPn0Tqok,0.46847225216522814,nan,False
A9zty9cNrzI,0.3950913447139862,nan,False
uzflE3U6bog,0.40859029416399234,nan,False
qJGr1tKP4ug,0.38358240336358285,nan,False
l4NjkutmMPM,0.31875930652236545,nan,False
yEK5MM7S6_8,0.397704267162866,nan,False
wMsGj6sW_1E,0.4177153162910628,nan,False
vcjwnP_-UNE,0.4434015392936157,nan,False
iFzXCrs4hCA,0.5715902105557278,1.0,True
ZLwrGNktE6c,0.3363876222839012,0.0,True
XDbvezvNGNo,0.6638836491301336,1.0,True
3_BWrk1_bRc,0.6401300198327944,1.0,True
ktZmTvIy8Vs,0.5753047586942615,1.0,True
z0Pmgj6vL5Y,0.5619230705984264,1.0,True
Dmic1EYveEw,0.5781477621260671,1.0,True
74NV88E_apk,0.5834099229922634,1.0,True
a5AnJXNyPJM,0.6670526117393164,1.0,True
kivJ90a2Mhc,0.6089184983378734,1.0,True
qYTixAmlsso,0.6230746127059491,1.0,True
e1wu76vhkrE,0.5814193074706094,1.0,True
3qlliFfCvIk,0.2828648783698728,0.0,True
g3bZ8P6TNg4,0.5263521153176326,1.0,True
Hfo_JHX8G6M,0.6793929083893929,1.0,True
uouNjFuJ3QU,0.612074781805748,1.0,True
yYhVUuWPIJk,0.34555137967346505,0.0,True
MuhB1RMe8tU,0.4259046587787109,0.0,True
leG2zyVdCaU,0.6608223861392064,1.0,True
3m7lyX7eT4U,0.5804935928486129,1.0,True
lZk9OVAiP54,0.7375748935938011,1.0,True
aOyM0rlF13s,0.570823754789272,1.0,True
iNoLH3fDZeI,0.5751882305182676,1.0,True
dd7R5Wp29Gg,0.616195201326471,1.0,True
fUxVGOAUsbg,0.2776782649399282,0.0,True
oBklYEn_f-Y,0.17013416690836045,0.0,True
zvbROEzgy5g,0.41108636878160587,0.0,True
pKGroj6Fckc,0.2936326508740302,0.0,True
7QG5zAwp3vM,0.5229987588509981,0.0,True
s7LPQPXgJ3w,0.7281539981610844,0.0,True
IjJ4q3ll07Q,0.43586689070284795,0.0,True
ZpykCCAQ8WQ,0.3962867448624914,1.0,True
uCQtUjL_4eI,0.37117429402274194,0.0,True
hVf-3OmtVU0,0.4815112750506719,0.0,True
K6mzhTJZTB0,0.41058589210970037,1.0,True
MjNLw-sJymg,0.4554933605066722,0.0,True
M5SrNzCnqLY,0.6012467520944581,nan,False
l_8sIDkIl4g,0.5036364037129031,nan,False
cXAq8N_g0zs,0.5841852790505215,nan,False
05k0LI9UE1U,0.4377033608416239,nan,False
R3xvH8NEJiA,0.5177692304872392,nan,False
NyJnARv3qok,0.451503140652565,nan,False
U83x38-PT6g,0.5804505727217,nan,False
qqeckLOzVeA,0.6027095016954653,nan,False
C6cUZHGZ940,0.6355140262036814,nan,False
Bn1PSMuPzDs,0.6450376323510653,nan,False
-TYnAWJ-03Q,0.6553503355209112,1.0,True
9hRKR8L0WPo,0.4324652414183464,0.0,True
NhVLEdwI3jY,0.4529023658789197,0.0,True
Ryhq7JG9mwI,0.9089387979469429,1.0,True
OotT-p8bQPI,0.6490211808046598,1.0,True
arBcqEC4QdA,0.6630347576160384,1.0,True
H97RFCtsaGI,0.39627575518696373,0.0,True
9bMZRtOceHk,0.7522709775670218,1.0,True
7JaIW0ijYGA,0.5992645278526866,1.0,True
SqFqSywdHzE,0.4422521720881293,0.0,True
ShTY_jkMsVA,0.4479903530495692,0.0,True
zjDYkAcnioc,0.6739194667766096,1.0,True
29eifeHc5Jo,0.6673738618439079,1.0,True
MpE_WjhYz7k,0.3739068034265312,0.0,True
-kH8tXyNkIo,0.8467426276999298,1.0,True
uesPy3Xmfrg,0.9804743226730874,1.0,True
Kq-Bns4alu8,0.7783339068765336,1.0,True
62UZJTg3uWk,0.7047382794893602,1.0,True
HU-wFN42sMs,0.9336302588612316,1.0,True
KqWUMVLJLLo,0.6914661162820349,1.0,True
faiqd9Crpmg,0.6692276021080368,1.0,True
zTdvwUe25lQ,0.7116672402098669,1.0,True
yddr6F34UjQ,0.9346938775510203,1.0,True
QG_4waNX2yk,0.9346938775510203,1.0,True
6-6o1bHKwEA,0.8895345889484275,1.0,True
br1gFtaykyw,0.8309974747474748,1.0,True
zc45nIJkUkw,0.7304688677823006,1.0,True
DtLfDCEF6vQ,0.674080254669333,1.0,True
66wlcKazGwE,0.40708550090472356,0.0,True
LVn3Rxuntk8,0.3397400218361918,0.0,True
1TrtsDxa-DY,0.6703087049132777,1.0,True
or4P0p_ojkM,0.7434632172213611,1.0,True
GFM_3D8GdXs,0.636205322525363,1.0,True
WLkbFQfBr5g,0.7783989533932327,1.0,True
Hbkhtf9pQkc,0.6174460514294741,1.0,True
i2sHGWgQI18,0.4034946109440775,0.0,True
xKvhWTQ0PHM,0.34138478100742253,0.0,True
O5iMvU2pMEM,0.7296310766878543,1.0,True
GaPASPa9mzs,0.3528115941040648,0.0,True
A2Yn0s0sOv0,0.17884337884337884,0.0,True
wSoeGvUYtsk,0.49976614535918057,0.0,True
D6dtKCyhuY4,0.31781335243599396,0.0,True
DpdRznDQbR4,0.3531735850542911,0.0,True
BlvFUsauwqE,0.6646208011375657,1.0,True
2k6Yj4-Wc4g,0.37315642169027174,0.0,True
MkxFgs4-zF8,0.44186700844714616,0.0,True
WbodkJGhqME,0.8801484230055658,1.0,True
kNdMA4LXhSA,0.7070947009588654,1.0,True
hpnrwyR9Y5E,0.2929954523174677,0.0,True
xwfOwg5tB1o,0.33878737841001993,0.0,True
QKWtgO2_5d8,0.6669196517122784,1.0,True
LHtsxXv6bS0,0.642849029365794,1.0,True
UEgxzC6w2Ng,0.3831424527403815,0.0,True
ujUwBLKU0t8,0.6601903967975395,1.0,True
KSXexPK2rnI,0.6186286576662285,1.0,True
XOFDXfXzOWc,0.46300488124399947,1.0,True
_cdKCUKct6A,0.6012490847958828,1.0,True
RQhmFb1iQVk,0.5354010659941012,1.0,True
hnMIdbiXbF8,0.43919171615273045,0.0,True
SnRCi-UBs98,0.6177811606383035,1.0,True
K2D2LCDdS28,0.6264008099476079,1.0,True
zZ6UU0m_e_M,0.39161038118632435,0.0,True
YAHPd7ojNoQ,0.2491632723356096,0.0,True
OP3g1IeoNrU,0.4044321917606089,0.0,True
OnU1gMBvF64,0.41913283859143735,0.0,True
xLbJ0gfkDQw,0.44686165537727696,0.0,True
o9DXw3B_i8w,0.4484367309716949,0.0,True
9tl1ST7HA0A,0.3923399709067291,0.0,True
kfZYGFENfWA,0.30889914302122834,0.0,True
AOXLyLnDzT8,0.506910078706503,0.0,True
03bGOYJFdSA,0.48209420446276285,1.0,True
JabD6biXtM4,0.42461337539230426,0.0,True
pjypYUyZmSo,0.5091849615743033,0.0,True
4eucogj_coA,0.4544374129530345,0.0,True
5APB5APGPWY,0.3962867448624914,0.0,True
IGt6JoNyLaM,0.3909224486063545,0.0,True
qOyGhgjnldI,0.41913283859143735,0.0,True
yfwmpdQznSg,0.481050316178841,0.0,True
A7CJtsEmC68,0.4653207988601957,0.0,True
0pPuW7gU8CM,0.5229987588509981,1.0,True
-jhQRiHwYvk,0.49849270613160596,nan,False
vC14BSU-fno,0.6467104705688598,nan,False
XO04VjKNTjw,0.6379957495027307,nan,False
7fIMpheDNSw,0.4784870018193151,nan,False
vY8HzZetohM,0.45281376700814924,nan,False
j_QGbavOlKc,0.5195767517800384,nan,False
0PM-bW-cf9o,0.549882872709791,nan,False
ps-K6p2DerE,0.6212714328510996,nan,False
Ya8ZhDOPxbo,0.4362858385412493,nan,False
zCTFnuvdKYM,0.49888248343304153,nan,False
S0JTGTunSks,0.26079747942012094,0.0,True
55t_0rpTzqw,0.14320041277356602,0.0,True
2JfSh95D_j0,0.2669739500083562,0.0,True
7seba8UlGdE,0.5946487941655136,1.0,True
WcAU9zqHw2I,0.6602054030625459,1.0,True
rQo6zr1nHvw,0.7320002748574177,1.0,True
iYpEZ5zsNF0,0.3477573781391749,0.0,True
U2BGvFfvL0g,0.36767556268000096,0.0,True
nTQiA5CTOOc,0.6592692341966324,1.0,True
zCY_Wjstea0,0.7560953927025356,1.0,True
UOwGITJEvoA,0.4322877033060178,0.0,True
buFJ-vMmY4g,0.5934924696642916,1.0,True
smWBSKELQi0,0.5427601621137698,1.0,True
wosjgrtJ4XE,0.3004732175030159,0.0,True
nCx5zNfckUc,0.37082490745618174,0.0,True
IEkI8mmIvvU,0.6808428674500102,1.0,True
-XchHXgJA0U,0.6108024305956478,1.0,True
6FVO5r9PQuk,0.6590995724308533,1.0,True
KTQpqTRR9Jc,0.7793628802659394,1.0,True
NHGiy0gNJLM,0.34221489369041025,0.0,True
KBA3Blgzsl8,0.7088808173717631,1.0,True
K0jZ8r3VEi4,0.6085035800209351,1.0,True
PzQnwUnw8SM,0.6446643708941552,1.0,True
KDWN3RUsGlk,0.8332624009258216,1.0,True
XsmBMXdQf1M,0.8320614513377752,1.0,True
HKGQPE0dl0k,0.6056742254674427,1.0,True
8i3l7gM1MhM,0.6085035800209351,1.0,True
0UxtzXWlIdY,0.6382723789620341,1.0,True
O_w95nFQiB8,0.6859815901166588,1.0,True
7uAydWNknvQ,0.6360145555958363,1.0,True
xTfqEr8KFpE,0.5946487941655136,1.0,True
rLY8C2Nlo88,0.6423655203194425,1.0,True
vtxe1KSEHLY,0.6607361021261005,1.0,True
i0hrqvCB5bI,0.6793473686034999,1.0,True
3s2a-9hYKbQ,0.6458891637463066,1.0,True
0F2l-aMwdjc,0.6333799752377288,1.0,True
hlYt82_orI8,0.6423655203194425,1.0,True
knpgBYkBtZk,0.7475095341166769,1.0,True
xIBSMm0m6yE,0.6423655203194425,1.0,True
TY2gUuyymfI,0.7213697226310397,1.0,True
bn_XIvLboUU,0.44393140683188026,0.0,True
midTGIBz8Ik,0.6429548914458371,1.0,True
aoQO441HLCo,0.41243991782171463,0.0,True
rzyZPx-_Vwo,0.6423655203194425,1.0,True
E15lzlzSMAk,0.6372290181132694,1.0,True
zgIZrJTZYZc,0.4324652414183464,0.0,True
BeL6MzkPQy4,0.6630347576160384,1.0,True
X6caV-bRcgA,0.23104250466514617,0.0,True
mMoIu1dKXVo,0.6194740052783838,1.0,True
rsAEuZroWls,0.35813443042137727,0.0,True
U0wrRaY0qw0,0.22882569258626512,0.0,True
mg8vRlMIyMI,0.41097569463158024,0.0,True
SChhwm8-H5M,0.38737640164309894,0.0,True
8NwMXvaY0Fc,0.3522303188834629,0.0,True
Ipz7V_3dEg4,0.6085035800209351,1.0,True
m86cidRtUas,0.45531133514729244,0.0,True
-v8kOCLRABQ,0.3864419713854811,0.0,True
xVn4oGvr9qI,0.42710094516220953,0.0,True
XhaTCzKrEtE,0.6176833171310012,1.0,True
0mhYfwN_Lo8,0.32375231738969223,0.0,True
SaEvkTb7kyU,0.3131880971880972,0.0,True
D35cp6A2ozo,0.3512541101653187,0.0,True
Od7SIomGbVE,0.24078354978354977,0.0,True
_vrcIB0-SiY,0.22404949767213916,0.0,True
ZR2D3sFBGw8,0.23165656565656567,0.0,True
dlDo2wTcAwU,0.2501393242772553,0.0,True
2czTYQj3H00,0.2292802380408106,0.0,True
hdpoKxBKCwU,0.15927784891165173,0.0,True
WBF_Qml2blY,0.23798398712191818,0.0,True
3DkcFxTMqhI,0.16396082772140025,0.0,True
wcmhRCnWrlU,0.3014857911084326,0.0,True
86C_KRAGy4Y,0.27882569258626516,0.0,True
OeB2cxQDodA,0.3950748055989174,0.0,True
AcaLyN6Opys,0.28853550665759203,0.0,True
qiLeJqfcq1o,0.5750951229603901,1.0,True
Oi1_hdEJP1I,0.4290911557722635,0.0,True
hmAgy6MTAvs,0.16396082772140025,0.0,True
7aiKdMXuNDM,0.32398982302422924,0.0,True
FN9lZve0hok,0.14547806910071062,0.0,True
OHrQZyL_ulQ,0.411022518017218,0.0,True
zgFoS3Kyt2E,0.7360685198886973,1.0,True
bSM1Hd013eM,0.2211036848642574,0.0,True
hPt6Rn7lGc0,0.5741627220279891,1.0,True
WhnsKPmHNcQ,0.6140730570202927,1.0,True
ckzwJ51Iqcs,0.23165656565656567,0.0,True
w-kzCpHYK24,0.6466407310336019,1.0,True
HCjWjmOhQms,0.6894287260358689,1.0,True
cO7QrpIWIO0,0.665333608190751,1.0,True
2O2Lg9qoeIQ,0.572372551494456,1.0,True
YDeZR5eIcEE,0.5694706399165522,1.0,True
oInTV7G-R2o,0.38336493150534895,0.0,True
doczmXmQcP4,0.6739194667766096,1.0,True
UMDVD35LQSg,0.6732750896057348,1.0,True
F2AHohqepPc,0.671084972199796,1.0,True
_1FXx2G1Gtg,0.6306136073377452,1.0,True
rtHLO_GYlBA,0.7405861334432763,1.0,True
mWwYbTWf_ds,0.6713290378249465,1.0,True
_L-wVtUT384,0.44105110000420494,0.0,True
oh3lnb9Wj08,0.6446820765767901,1.0,True
zYrXoBhnaaY,0.7662126947553214,1.0,True
OaylI4a82T8,0.8909438775510203,1.0,True
IXYnN0Sbp9c,0.6562612161112215,1.0,True
ayjv0bnVCRA,0.6760635198135199,1.0,True
Uet-GeWdKK4,0.4497755626760361,0.0,True
OITXpjXDWnQ,0.36821483809419425,0.0,True
uU0yb5LnYTc,0.3596732434727482,0.0,True
ubJFKaOUCHg,0.208207434142918,0.0,True
ylYp6ou4cac,0.3455795830200613,0.0,True
0QJEUaICYec,0.2766901927636077,0.0,True
J7YBMquq1gg,0.31972260677719017,0.0,True
nSMrzwDLEAk,0.32919747740874683,0.0,True
fC5FMD_lU4A,0.37133025086185034,0.0,True
POC_eHUQ_kk,0.26302287441886996,0.0,True
1dhl_0pFLv0,0.3174619681580245,0.0,True
2YWIkOlaVyg,0.3834835618158808,0.0,True
PJNLXF7N4oo,0.6726485281101099,1.0,True
tpeAapzrY2c,0.42303321332302424,0.0,True
Rz2FWiJq4Mw,0.6345466536478408,1.0,True
0nIn49ZP_xw,0.4127860687805244,0.0,True
D1MzAMdnoRw,0.6633532909742587,1.0,True
x9WwWzm6Dbc,0.35495189158316587,0.0,True
Q-Q9yp8l0KI,0.5833729260927487,1.0,True
CdCA7YKpmfU,0.4197187947952866,0.0,True
hxYvvYXeQOo,0.1794249084249084,0.0,True
eiM-lXZ16Lg,0.43242313629419515,0.0,True
q8VMYRXhWuw,0.32194033656297805,0.0,True
gOFXgBEUiCw,0.36227039468914535,0.0,True
QmEfoF41awI,0.29711332681048097,0.0,True
rGRd8cryNsc,0.31419134494026635,0.0,True
uBL9fNRJrbo,0.4018084756074809,0.0,True
saWFbonW_aw,0.39472680543958794,0.0,True
1dbuMOPfzyg,0.4159448302263769,0.0,True
sgaYRQXjlVg,0.6269439735300022,1.0,True
tGFiyaCoBdA,0.6716077164003431,1.0,True
SJsqAVfbzks,0.4701429396015384,0.0,True
sJc9P4avOL0,0.3657632220390076,0.0,True
NQknUirtVKk,0.3252065520872581,0.0,True
1jhpgjf6WfQ,0.2805535295879358,0.0,True
uxUlW1Suf18,0.2954183944528007,0.0,True
d0Y8tMieZzg,0.2673588069814485,0.0,True
sokOiOSPz80,0.7370816775596175,1.0,True
_QVBNTPdjEw,0.39161038118632435,0.0,True
TdEXY4pNfEQ,0.36162478679069443,0.0,True
kLRAr2Ayz4M,0.4044321917606089,0.0,True
KiXOaYiUccU,0.30328529879029326,0.0,True
hAOTUhfg7sE,0.33461331694788077,0.0,True
CcQhTjcrr3A,0.19199161606811538,0.0,True
_MluK1KitWg,0.24074971882484117,0.0,True
IF3tfrcwt7E,0.14977053054472408,0.0,True
jt3mWId63vw,0.24752081495093048,0.0,True
TDWz3YPuYH8,0.3962867448624914,0.0,True
koBofTO2d1Q,0.3877397983807544,0.0,True
f1vS5JyE-2M,0.5022867516328631,0.0,True
pJJfWZBTlcU,0.3883729859107212,0.0,True
ln4bbNjtTkQ,0.4073341365285244,nan,False
6_Bi7NKO1pY,0.489411801752452,nan,False
65wzp8VgaOs,0.41913283859143735,nan,False
zREhIPW8CZg,0.5573259012426566,nan,False
cCBVmZN1Qq4,0.4377033608416239,nan,False
FJPuC29DIgQ,0.44491334582467124,nan,False
w3hs6PcwomE,0.3364416217928705,nan,False
rNAuZWNgG5s,0.46367261692056,nan,False
-t45q-tz41w,0.4472456638992136,nan,False
QQxAXIxDs2M,0.5202644779033777,nan,False
Q76zHUZJjDo,0.2847899922219342,0.0,True
bsdWt3jlhkg,0.5582088796381306,1.0,True
MOMFQRVng1M,0.28190368650601383,0.0,True
YSd2UN8XHes,0.19408557034363486,0.0,True
HOwuyX-vKIA,0.6196778174440721,1.0,True
kTjvQkK-xiM,0.3175276415578348,0.0,True
aPoXWHikIzE,0.21256832896432448,0.0,True
X7Qcrz6wkS0,0.28231254287066826,0.0,True
y5s65QJ8p9o,0.2766901927636077,0.0,True
I_d-B-uUdfc,0.14280351906158356,0.0,True
4pAudf-YTs4,0.6011922304411471,1.0,True
yofHxn5R298,0.6501658374792704,1.0,True
mCQkHt_mLSY,0.35265839452241526,0.0,True
33q6qprLeCY,0.30738343517990285,0.0,True
COybOUZq954,0.3003407560368125,0.0,True
p0uu4JGzTac,0.38496659650393855,0.0,True
bZWdupy1e7A,0.19324979321753516,0.0,True
k78IWm7QsnQ,0.4110992420026179,0.0,True
lwg7GZostX0,0.31611579950014385,0.0,True
pAHVeWly9QI,0.49449334494720276,1.0,True
UEyjDKOeJ98,0.5558786988627322,1.0,True
e9cBAduWJLI,0.3116649145133625,0.0,True
1CArbWhtL8M,0.5368165145556977,1.0,True
9gFre_LFWvI,0.3397400218361918,0.0,True
DBgKfV1lYWU,0.2343056553076072,0.0,True
niHTHXnpSfU,0.18975514699652632,0.0,True
lM01ya0LCpU,0.30162066357272543,0.0,True
c878aBva4oo,0.6301967424608934,1.0,True
slLqTXbofOk,0.5257711966284427,1.0,True
jh_iiqbcvyc,0.36094868388810797,0.0,True
La-RfthTICQ,0.6348104276675705,1.0,True
UP-CpqjYpFM,0.3238964143459683,0.0,True
L52jAtcZv3g,0.5884030482971263,1.0,True
apIJBPbIbP8,0.387161722735421,0.0,True
7ez2VNpaFm8,0.35238933421117113,1.0,True
KR30C7LPJjA,0.46104544371015466,1.0,True
8PGOD4G7XZY,0.3693616980165976,1.0,True
mJWLVDi_n94,0.41627478941305246,nan,False
olD-VOEsSC0,0.4950564010555879,nan,False
fPugWckh8bw,0.3860344313119539,nan,False
cOB2jC_u3F4,0.43885894824104205,nan,False
n588ZGYS6Ng,0.4658161861494001,nan,False
5jU3_y3AqCE,0.38187279528929535,nan,False
qiDu2khuZB4,0.42243703548853706,nan,False
26LiO0rjUTE,0.4031848039637328,nan,False
GTg-d7Y7Pjk,0.3923399709067291,nan,False
ixS-2hL-zzU,0.41554526148396376,nan,False
_SPmKly1xzs,0.358828104574512,0.0,True
pFEV3InCKO8,0.5341168557346144,1.0,True
3sJieV7gTkA,0.5764358962291134,1.0,True
Qlff3egga3o,0.5458200766433474,1.0,True
RvlFDwgEQ7k,0.5420541556794559,1.0,True
plDGzbyytBo,0.3592186980182027,0.0,True
-g8KdS-kdrE,0.5753904297937351,1.0,True
xO0b5nYzNIs,0.3645068883058936,0.0,True
x_MDNDvyWvU,0.6176616827221122,1.0,True
EWlHcJjSTTU,0.5990409930669398,1.0,True
UU2_Fdhj7iA,0.6000497424236048,1.0,True
hKN5_99XrcY,0.6085035800209351,1.0,True
YbuKOUcGWtE,0.2757272159177785,0.0,True
J13JjMdzSUg,0.6508417860014871,1.0,True
QSQU3C5DB5c,0.5758803375313082,1.0,True
hzG9WkGWEJs,0.5533499445262123,1.0,True
xSnXArnnVgE,0.6871298754611562,1.0,True
Sm8J8rLRy0A,0.5315271473504182,1.0,True
WfdZ1VNxeCg,0.2366923706923707,0.0,True
9VPsNHmNi3c,0.26819067907138516,0.0,True
73BUxu4n1u8,0.2866734376920747,0.0,True
KKqW2cGr1MM,0.28731877759456315,0.0,True
uBi4S53_ZE0,0.5736510349847564,1.0,True
0-WtmS4wk7Y,0.347211086039863,0.0,True
fzKx1-CV-90,0.31972260677719017,0.0,True
_eMoxb-Rpr8,0.24332338673515147,0.0,True
11RWuorcfv0,0.26488494338438723,0.0,True
PUdCSmU2bLY,0.6423655203194425,1.0,True
03NCPGIQPRs,0.5522297742581035,1.0,True
O5dISZ8Btzo,0.5756139645794819,1.0,True
Z0xssG6D4YA,0.3373002405942515,0.0,True
WN0HhQscf6E,0.2710614139726225,0.0,True
d1RF99pXW34,0.5694706399165522,1.0,True
LmRqEHCf9fE,0.4140261656959948,0.0,True
bVidtZib3N4,0.6176616827221122,1.0,True
Vqx-A5SKdm4,0.35685253135197514,0.0,True
zBdxZg-wPd4,0.5694706399165522,1.0,True
rgPon3XurQQ,0.6432044569516114,1.0,True
PmT4wna9K0w,0.34238270529935766,0.0,True
BTxWga8BUFA,0.6056742254674427,1.0,True
wzGzVCYHCjM,0.32933241963058507,0.0,True
y4AIHZ_Ub8k,0.5784433191329743,1.0,True
5phAhT2WAZ0,0.35842409006710507,0.0,True
0aqT2usXf3g,0.5748715881746433,1.0,True
E6QF_a0WJXk,0.5798486184957727,1.0,True
ltlKwznTQmI,0.37639225848842844,0.0,True
uXoy5VOczJo,0.34433465061043617,0.0,True
4gtjVddfnN4,0.5529375944179895,1.0,True
JExF1JPNc2c,0.5802530892874955,1.0,True
4lhnky58Rfg,0.5694706399165522,1.0,True
PMpQpbl1ziQ,0.6122607344640211,1.0,True
ll-1PdEZBPo,0.5946487941655136,1.0,True
XZ25h21AeGU,0.6000497424236048,1.0,True
m9xtYUf-eAI,0.28855431543502147,0.0,True
-5Z8s9xmBUw,0.38457936411810206,0.0,True
fJ15ztIr96M,0.36584971406098343,0.0,True
ffGC-h73gMI,0.3220378777131508,0.0,True
MxfvlQmdV-Y,0.5202382580055487,1.0,True
KTC0Y3E3u6Q,0.2570371982785776,0.0,True
qHRdRsd86AQ,0.3425611417380049,0.0,True
3xuALlf0wWs,0.3803799041789095,0.0,True
LrJ5xCadmNs,0.2806877615517824,0.0,True
s40PJcDUnLM,0.32114893906559144,0.0,True
p9iLU174tbo,0.5806716930015959,1.0,True
Qcxfqj7NO7Y,0.5815048205751461,1.0,True
NmRdRA17EQc,0.5343438894043189,1.0,True
_kFYnQGfYpY,0.5696827540202919,1.0,True
UgzUv6KKQDo,0.4997344803625028,1.0,True
asCBcITCpJo,0.2757272159177785,0.0,True
4nTIZR2nrKU,0.5817432626861645,1.0,True
gRKYm-CQEO8,0.4031884452088187,0.0,True
YX5V1d44BdQ,0.5440062903541294,1.0,True
CjaTIrXFuuI,0.5804960712184812,1.0,True
bYRo0lwOo1Q,0.23089502057029368,0.0,True
5oL8SFCgVmg,0.29937777919098335,0.0,True
yQOwGAZHl4c,0.3074836131796696,0.0,True
4PJyBqcCb_Q,0.26794033656297805,0.0,True
vm23tEgm4yA,0.2625683289643245,0.0,True
8_YXU_2qE40,0.287071491158529,0.0,True
av3q-f1ys_M,0.31087001724647506,0.0,True
Blz9UWXOrWE,0.262926529537989,0.0,True
xfa3I8SrzL8,0.22902561596109985,0.0,True
UC-5XJG5VOU,0.27255099862441357,0.0,True
1s6GaGLykkQ,0.20550786056049214,0.0,True
QeJ4SvyZe2U,0.20692538286086673,0.0,True
JtInPj8M3sI,0.44982608100773247,0.0,True
ykjcsOpidWU,0.186,0.0,True
Tlbh51NXTWM,0.15290611028315948,0.0,True
PbVDSu2Vt1s,0.24226245068222685,0.0,True
PY3T0v6SPoM,0.29097592883307166,0.0,True
eYacbhUR3RU,0.16597402597402597,0.0,True
9WgeoPmId7U,0.30652138337852625,0.0,True
PeRU4Coq-QQ,0.25112043512043514,0.0,True
TDI7bFMTHqA,0.16240591966173362,0.0,True
yhn2Nzq0WJY,0.3492807644005992,0.0,True
grbKpF2I0P8,0.2469253828608667,0.0,True
sl1vDdUdCAw,0.1569253828608667,0.0,True
AZpRiAaF4AM,0.16903820816864296,0.0,True
oD62ZmSpX4s,0.3511338321282877,0.0,True
RhP__D1HyOI,0.4104174981638719,0.0,True
cKrxUfJetCQ,0.32840002129876067,0.0,True
RNVJysioAVE,0.42096004259131686,0.0,True
uRAjatxXN9M,0.4064608124416876,0.0,True
vGIVoxWsxGM,0.3386688532872818,0.0,True
iMGBnJG2hw4,0.36859545603593435,0.0,True
qsiqCiGA-KM,0.20517512931306037,0.0,True
pohmWd9STcs,0.2757272159177785,0.0,True
SWkaCHcjgLE,0.32731659966580007,0.0,True
Fz4BfL725d4,0.2567899118425434,0.0,True
rminsJkoPOA,0.23983838383838388,0.0,True
57ythW9YJWs,0.21483845018569875,0.0,True
eJ5KKEfffK4,0.26727021044707366,0.0,True
l55ApWnRSaU,0.32560239111213624,0.0,True
US6N_kUeD6Q,0.2909875346059631,0.0,True
gJ1KC1msapk,0.26668726976451845,0.0,True
BcPNaxUhIUk,0.39914245015771377,0.0,True
BXMJgMwO7og,0.3593644504907304,0.0,True
oxKE7N0cKRI,0.3346780142096137,0.0,True
Kf2nV8-3eoE,0.3007953014913579,0.0,True
aVbJvZv6Kz8,0.29538303575484987,0.0,True
TGTKhrDJQzI,0.22727021044707357,0.0,True
d5tFhvax9J0,0.3097694875427392,0.0,True
QJf7teTO2UE,0.33929732708809285,0.0,True
JCKECdaD8Jk,0.2857529690677633,0.0,True
JX-c_l9RgSM,0.3026761792343047,0.0,True
tNYEiHDWRnk,0.3432537570143296,0.0,True
hiJ969NK8xk,0.5562896365898495,1.0,True
8Zl_axCuU4Y,0.3487984089307955,0.0,True
CyiewN7CH8s,0.26341384543233853,0.0,True
jtRQE-H5xtc,0.2337106227106227,0.0,True
w6TN76hno6s,0.244293270292961,0.0,True
5Uv6rse_EcQ,0.2754927536231884,0.0,True
LCAMmK1Sfk0,0.16578354978354976,0.0,True
v9OrnGy7P6g,0.2386709201859004,0.0,True
3LiBA8Uk8c4,0.23677480490523967,0.0,True
5Ta_MhW8uxY,0.14978354978354977,0.0,True
37cgXCFiRfw,0.20866197959746344,0.0,True
5ee-7kJ1WZc,0.16461914708569905,0.0,True
3bRxK_sfs9Q,0.22018816156521073,0.0,True
VZl1Ts5u_mQ,0.15550786056049212,0.0,True
KS5Ta5gLfSs,0.208207434142918,0.0,True
WYRWTjTz7ZI,0.2469253828608667,0.0,True
jjCRcqgYlmY,0.28231254287066826,0.0,True
NyWAisMtylY,0.25866197959746345,0.0,True
gcZwoAmn7Z0,0.4950630977750201,1.0,True
dkpEurxtXEU,0.5153376867176557,1.0,True
uD3RJx6qXZ8,0.4590748202496401,1.0,True
fID2i_jiRi4,0.5072779633761624,1.0,True
0h6h42Vi_4w,0.2771447382181531,0.0,True
8zGvT8cmuvQ,0.35265839452241526,0.0,True
mDGiPP1K0bA,0.3750253413011268,0.0,True
JWabM2iYxQY,0.32560239111213624,0.0,True
tkszHzvBt7k,0.3877860687805244,0.0,True
JfZ0IYf8AfE,0.36869977929016273,0.0,True
Y19IjFRgPw4,0.3286659700452804,0.0,True
m4GUhns2gxM,0.31107571762474984,0.0,True
g-crLJrjGN0,0.30616004247688494,0.0,True
I-G2B0ima94,0.23362670321418816,0.0,True
67gstmbsCls,0.3729352991588809,0.0,True
iKlb9AwTbl0,0.3146719362626124,0.0,True
OVraRksrqzY,0.32167835716306764,0.0,True
F_f9rN8OFCo,0.18533472657610586,0.0,True
r-135ESQBLA,0.2646924510717614,0.0,True
54S6LrNZRrY,0.38460460555371234,0.0,True
-BjsZguGBG8,0.3337931983087274,0.0,True
qi0cJIGoyOA,0.24207698607698608,0.0,True
WgIwHNcFWHo,0.4106396406577895,0.0,True
K-NMx9hrb4Q,0.13224539201029298,0.0,True
8_vCa62rsyI,0.2567522368785167,0.0,True
wxzSloIx9ck,0.26609662636083725,0.0,True
nxO49Rmiexk,0.3909224486063545,0.0,True
I7CqeQzrh_M,0.3179153071820045,0.0,True
7oGL_m21Jxw,0.19279524776298967,0.0,True
ggfz6H1oXWs,0.5777266051806846,1.0,True
tzHbH8pM4dk,0.3788144378669929,0.0,True
LZsrcxL4OPo,0.2911735219224433,0.0,True
5nOZtOOOWMU,0.3170059264176911,0.0,True
4MGgI7youPg,0.2811211379280847,0.0,True
AOU1mcq0lUI,0.2525171005654966,0.0,True
45PvzU6SQZc,0.22830806410073556,0.0,True
kWNZTULw_Nw,0.34078162848740406,0.0,True
bUyJlTV1Vyg,0.2627710200123993,0.0,True
l3H5mY2HEBA,0.31735880698144847,0.0,True
uuUiL20crOM,0.35043617230019314,0.0,True
j3HV7s7QLB8,0.5907281061658941,1.0,True
fdNtX8iRkUU,0.4509667155418672,1.0,True
tvAUSorw2Wo,0.5627808171841224,1.0,True
YlY6QkX_Xek,0.3792297471463995,0.0,True
p_oIxkQdxWM,0.5795437774177394,1.0,True
IQgQHyBbiCU,0.6082324867124831,1.0,True
oFpv30Agd7A,0.321651268425462,0.0,True
0Amx21HHVE4,0.6165730750455376,1.0,True
dnPqPNu0PmU,0.7339383629348475,1.0,True
0VmGOl3zQkM,0.6177103164498122,1.0,True
bEyyjf1-nU8,0.4450836099433425,1.0,True
BDsNHvY-4bE,0.4009787167276381,0.0,True
t2hz2BSh2mE,0.5179324941171382,1.0,True
lDpz7dBfN4c,0.33171910384507447,1.0,True
XJxyf4hOsFw,0.4392120673103941,1.0,True
X6ZZ9SxLS_M,0.3697612424456477,1.0,True
BUGIF9tNX1A,0.4297516105005318,1.0,True
jMxU-Zmp4I0,0.36167637655573276,1.0,True
wsEA7tIcdiM,0.4821032693621733,1.0,True
lI95u_3iYvc,0.4716757089346129,1.0,True
hCT5ymNz4TY,0.44590887693383624,1.0,True
AIfuDGGVqdY,0.4435035233632559,1.0,True
OxRW50qt0-E,0.33122812805046437,0.0,True
jPicWTWZ90w,0.45937653923627175,1.0,True
wLdE6GjSaFo,0.46250729874964114,1.0,True
xogVHAkY6n4,0.34824617899510035,1.0,True
XGFq8qBY0ww,0.5155055235527136,1.0,True
vZS_UDof9X8,0.3603985783152307,1.0,True
txu487boU5I,0.45896559224743605,1.0,True
YGL-NmZDb1w,0.38055137967346503,1.0,True
WziA4UiWbts,0.41150404697380705,1.0,True
XRTZ8890-xE,0.4609533018918702,1.0,True
Dxc-B_BQk-8,0.5430329719497273,1.0,True
9-dQhKF_Q8g,0.397704267162866,1.0,True
08qU7Efx0uk,0.3909224486063545,1.0,True
PChwDO7PidM,0.3749747361880539,0.0,True
c7b4DsTlPu4,0.4057322449856075,0.0,True
_wclMKVGUHM,0.5740821652084451,nan,False
nAG6yyFEEH8,0.3823755021246175,nan,False
SexHya9HDpw,0.48248849917368875,nan,False
pgZbKUqrs6M,0.5288909820107832,nan,False
JXVytM9MbII,0.39446843036470924,nan,False
j-4Iwu8XsIA,0.5270227913108836,nan,False
D6ST1yXPAq8,0.5028689825224751,nan,False
RY7uofZ1TgE,0.5323523130628856,nan,False
XGJy1JDPOsA,0.5306847851350482,nan,False
1Cz5oSldIYE,0.5378750640040962,nan,False
y-QuW0-ZJys,0.35062572662791436,0.0,True
GJVrNKmrEfA,0.538242538706935,1.0,True
iV4oGqqfVzY,0.3503386891381938,0.0,True
taGNeahEdeo,0.622565926225548,1.0,True
tFBwsb4DSLU,0.33570640839081367,0.0,True
lEDXF07qcfw,0.19408557034363486,0.0,True
Kp7johhGKqA,0.29703502034981455,0.0,True
38JU2fhZaF8,0.5694077197374596,1.0,True
DgaTSInuqLQ,0.22669019276360766,0.0,True
_HmiRBErMAg,0.30770217058062604,0.0,True
JOMcb8WufW0,0.3414712730293984,0.0,True
-r7OpmPiFUo,0.3923399709067291,0.0,True
oCdyg3ehooI,0.6021246313735481,1.0,True
hyRaMHV1qS0,0.5947532316109851,1.0,True
8GKMvUcdXE8,0.47824546657778544,0.0,True
JYtAk7AWTXA,0.47867722084979014,1.0,True
jkRfpZ5nRq4,0.47574294854932064,0.0,True
3OkxyCkTSs8,0.4870211053729169,0.0,True
LbUPc5v61Z0,0.5009590751239005,1.0,True
WBta3EdDBWE,0.4546261617987367,1.0,True
SyxG7N2FECU,0.4404441391397057,1.0,True
VBN6EHvMeSE,0.397704267162866,0.0,True
oYnahKLPkKM,0.44705040422297915,0.0,True
2P8fB5grUc0,0.32670324653439786,0.0,True
a8DT_eCI_MU,0.17809262435677528,0.0,True
lnNV5iMNT_4,0.1620926243567753,0.0,True
iu7emLrjNUs,0.17809262435677528,0.0,True
Q_ZZmB7QRhM,0.17019209765499516,0.0,True
E2YhFzCW35I,0.13543282655910643,0.0,True
QILofXhtmy0,0.1450626959247649,0.0,True
xInsmGuhb5U,0.18217996760362676,0.0,True
s4-ZEAb9SDc,0.1867359307359307,0.0,True
EyU_WsDv9Jo,0.12688588007736942,0.0,True
eTZ_8D-L9FY,0.12688588007736942,0.0,True
N_zETmgM5W8,0.13543282655910643,0.0,True
N27BgiyyHlY,0.15419209765499517,0.0,True
FALzBqFFQGI,0.1450626959247649,0.0,True
mZoTEnZqhJQ,0.15419209765499517,0.0,True
MT2lH1NJtL0,0.1450626959247649,0.0,True
WOoFkS6LHnE,0.14568000509607387,0.0,True
qsKOqjEnkWo,0.13543282655910643,0.0,True
qbZnpt3PwOQ,0.13543282655910643,0.0,True
3jnDBfSYVug,0.16223776223776223,0.0,True
8p03ltxzZII,0.1620926243567753,0.0,True
ngpULrkMx5E,0.12489028213166145,0.0,True
99ggTJKofQU,0.12489028213166145,0.0,True
WqTVKKCnmfA,0.13543282655910643,0.0,True
GidhvxQ84G0,0.1450626959247649,0.0,True
99qNUtEitaM,0.40968171970224326,0.0,True
MMdkMdg5ld4,0.39409599823416885,0.0,True
qM1Y06iWLSk,0.4164635382587547,0.0,True
R2QkEMMe6V0,0.6117672474748082,1.0,True
To5vSYIrcgQ,0.5875978425825117,1.0,True
ndAAscUs-7g,0.6048695065453857,1.0,True
JcYUYOEk5us,0.6470703516516323,1.0,True
AjH9iB4az0A,0.6117672474748082,1.0,True
r-0hzZjWwks,0.36879826559981854,0.0,True
z3dsCVe7n8w,0.3194416874486734,0.0,True
KG9FgxGItqI,0.5979124616193867,1.0,True
5R4LV0qOAi0,0.5614301892814616,1.0,True
sHCm1kNSONg,0.32589907736542545,0.0,True
CatT2kVUBns,0.6159961685823754,1.0,True
11uYEuy7SLA,0.606366299216717,1.0,True
FYyU0PODN0I,0.5821968943244207,1.0,True
7vP3qSHvi2A,0.6151472008547614,1.0,True
Vr_0BfxSXzk,0.6252604263601949,1.0,True
KnWOBHW8zJ0,0.4328319092379048,0.0,True
9Mx0cAs0Grs,0.5285471280346935,1.0,True
ZqWYzy1_tVc,0.22636544111436246,0.0,True
bZFFGOIsSW0,0.40199652493594906,0.0,True
_YrXTdffOrs,0.3099895770751161,0.0,True
0Hq62FmZu44,0.6146706439477524,1.0,True
aIMcMSidLoI,0.38102966578503406,0.0,True
dCv34mKJFKo,0.4102778403648781,0.0,True
t-NOFUe4eBk,0.2645667390514495,0.0,True
ws8ShHiGeDY,0.3736256037126415,0.0,True
8gSCNV1PPII,0.6440288829944003,1.0,True
PtiLmEKYRmA,0.6035369446632246,1.0,True
jQjSpSc81gk,0.5790508961007748,1.0,True
owLBli1Rg9A,0.611756659647689,1.0,True
8VCYvY5_Ni4,0.6117672474748082,1.0,True
DsouvgXFOxI,0.3548771950378811,0.0,True
jh6L7qv_7_k,0.6257620677960738,1.0,True
LtTj7f597Ss,0.6372402095062683,1.0,True
IspFKSQ_NJQ,0.6213971168404665,1.0,True
rVcj5mwJmRc,0.6245722594170555,1.0,True
d1cWfrKSTDE,0.3932122727292413,0.0,True
vaIL2MA1J-A,0.6035277591249079,1.0,True
9JuWlRe0pcw,0.633026097014386,1.0,True
rIwHTtT-Rzw,0.6140660980495208,1.0,True
ygTpLVndDjQ,0.6032203009930711,1.0,True
TNWCzAH6qfA,0.5929944002357795,1.0,True
zYeifwvPbRo,0.5807746416745576,1.0,True
XjGxulPHnec,0.5273859393582849,1.0,True
ytxtl7ThvKw,0.3625551190924611,0.0,True
epAZhhigI2E,0.6257754588372225,1.0,True
xJitxHW0rmk,0.6012924149993399,1.0,True
0Hs0M50W7k8,0.562984062083195,1.0,True
IiUipyLw84k,0.5632005122996452,1.0,True
U_bxFIzb4Nc,0.606366299216717,1.0,True
gLcHg9S5HfY,0.5979124616193867,1.0,True
HMpF2gKUQVk,0.4139750589960819,0.0,True
L-6dgyy461M,0.3909224486063545,0.0,True
kRS8zKxBRSQ,0.6129432792431362,1.0,True
URwyqRR1gwc,0.5873699171919416,1.0,True
SzwWSt4Fjxs,0.5929944002357795,1.0,True
docN_yOJsv0,0.6351817934171342,1.0,True
HM4k0kFV1Aw,0.6646302629377898,1.0,True
Uen4XRwz-u0,0.5873699171919416,1.0,True
0fyR-kYg0iw,0.5306359261522162,1.0,True
5IUV_QZqxVQ,0.6117672474748082,1.0,True
jgqIqMrqIJA,0.5873699171919416,1.0,True
6m30SYM7Wuk,0.6105895295103594,1.0,True
8gP6nxqgOz4,0.6035369446632246,1.0,True
aLO95pL8tnQ,0.6213971168404665,1.0,True
82hxM9G8TQc,0.6033134098774778,1.0,True
PDToH6Bva7M,0.5793675397709281,1.0,True
0xPuHWf-O48,0.636205322525363,1.0,True
DGP_TyevZ3M,0.6151472008547614,1.0,True
zYNNZ7rHoP0,0.5523388821540351,1.0,True
yen4XAgJn9A,0.2835724194645762,0.0,True
n95efK35et0,0.13818266813043775,0.0,True
0PswNQtHJrg,0.34824617899510035,0.0,True
Hr_wV6XVeFI,0.3969773782033347,0.0,True
rzdWDJ8AHGU,0.38893019248681415,0.0,True
j3MDZNfKJe0,0.2743518139744555,0.0,True
09xZPtZlV_s,0.6074955735275793,1.0,True
qiosdYnSu_o,0.6033134098774778,1.0,True
sdtBHmAPebs,0.4018084756074809,0.0,True
1aBCBdTny1g,0.3528115941040648,0.0,True
SY-tM_s3NWo,0.5737430567270903,1.0,True
3nf8ZjWNOHM,0.6159961685823754,1.0,True
SkQiv00KBAw,0.5793675397709281,1.0,True
4k65WPf5az8,0.6436356310144646,1.0,True
7BFnbQnBzkI,0.1792979242979243,0.0,True
rOflra1P3d4,0.3450537507290238,0.0,True
RAAk7TGR_dQ,0.4405434901152308,0.0,True
6bH_wrHROlo,0.1854743948861596,0.0,True
f2aAmxFa6e8,0.2954183944528007,0.0,True
fY3JkdmgBT8,0.5937809955051334,1.0,True
Cc7fEes-Uvo,0.5342339010027981,1.0,True
mQSZfPkkANA,0.5725989599123927,1.0,True
CbFBD1f-Gec,0.5663652877173697,1.0,True
BGBNcS_WEDE,0.5441770260717396,1.0,True
DD9DMGdAqx0,0.5403389221615822,1.0,True
t99X_yMjWAA,0.4882990659555119,0.0,True
zd4EY6qC4wQ,0.5842092161039296,1.0,True
1mBpTkKUTxk,0.43007456922399356,1.0,True
wbfqzTKHD2I,0.3385258798183506,0.0,True
JxK4CfMaXXo,0.35917115276768263,0.0,True
al2fX22YNhY,0.38183125128985007,0.0,True
QjopWai38Wk,0.5242386238229163,1.0,True
yIT1JQ-vijY,0.4148572671126779,1.0,True
TzssWnamm7E,0.4148572671126779,1.0,True
2aH5WR17kqg,0.5956118484689913,1.0,True
J2DTzxjHfZQ,0.4884401323568877,1.0,True
5Z1Z92x7We4,0.31645883524458057,0.0,True
JE2WKnyJTnM,0.3137839356479565,0.0,True
zfW-Ty1QUIg,0.3137839356479565,0.0,True
2mC5J5VRkNM,0.3137839356479565,0.0,True
H6cu3ODvrbU,0.3137839356479565,0.0,True
dL0mPXy1PI8,0.3137839356479565,0.0,True
zZLAt_qL9N0,0.3137839356479565,0.0,True
m8CiKCRMvvo,0.1776046271678862,0.0,True
YiSXZceF144,0.12756132756132757,0.0,True
qR5GKhJcx9g,0.12756132756132757,0.0,True
8m0I7lMDAQw,0.12756132756132757,0.0,True
N0jbyvyLPfI,0.12756132756132757,0.0,True
RFJoicyVfDQ,0.14898989898989898,0.0,True
68dJcCBUCwo,0.12756132756132757,0.0,True
O8Jcpq0E6WU,0.12756132756132757,0.0,True
DPdTIkSujf0,0.20249394211658361,0.0,True
GO40i8d-UOI,0.12756132756132757,0.0,True
vA1vRXsc-U0,0.12756132756132757,0.0,True
Dpxbls_gIOw,0.12756132756132757,0.0,True
MJEnmTUreKI,0.12756132756132757,0.0,True
iymGw9Px-LI,0.12756132756132757,0.0,True
a8SpLgv-GI0,0.12756132756132757,0.0,True
svQEzHKJdqM,0.12756132756132757,0.0,True
pJk9qShmAdY,0.12756132756132757,0.0,True
IyTUnCJ9RyA,0.17884337884337884,0.0,True
36l1bbZy4P8,0.32807728698849553,0.0,True
SjmE8iGVm1E,0.3857569873151127,0.0,True
MDkEO19W7RQ,0.410966770143134,0.0,True
yQ1fEXzyxzo,0.3229845602426248,0.0,True
2ESaBY9wbgE,0.455131829244895,0.0,True
dv8yDDewKHI,0.41235102003492596,0.0,True
cnDHkxJV2LA,0.5510724796222894,1.0,True
B7CqaBJVcpI,0.5141255580423134,1.0,True
8iu-x-LdRec,0.3628881300772643,0.0,True
hAo0aCt_0VE,0.39235663172077795,0.0,True
_8nCNLiGqUY,0.4090500572613266,0.0,True
oW4auh6PGcI,0.6553059874044846,1.0,True
e814UdjGMzI,0.6553059874044846,1.0,True
ApWJ3ETZGPY,0.3381581800222008,0.0,True
MjgNoEV3ebs,0.40859029416399234,0.0,True
COfe0gFFgiE,0.3466351235158295,0.0,True
HRU_kwfyChw,0.4264873746538219,0.0,True
oW5-eCA4Wkw,0.384060957067943,0.0,True
A8bpwTQO3ws,0.37315642169027174,0.0,True
tNAU0eVFM18,0.26916060878325027,0.0,True
_Dh3sfJ_0YQ,0.3466351235158295,0.0,True
hxgm2yuZyks,0.6689489847428579,1.0,True
UmIjpKtphRA,0.6361197744510552,1.0,True
JFBRnu4xIvw,0.5940275313409642,1.0,True
hhZjYRC7hrI,0.611274994877315,1.0,True
ZLqOPQYUrEk,0.6067557293363744,1.0,True
0SW30J8s5sA,0.31781335243599396,0.0,True
fifgJB9THvg,0.6056377875325012,1.0,True
9LNq_DtKNG8,0.7408640712396258,1.0,True
YSF_aPad_1U,0.6874978353175705,1.0,True
hO-HfO7s8ag,0.5738936687877467,1.0,True
tOOobzmnlcc,0.5454528332201238,1.0,True
D9ehIY8EEsk,0.6601311160153672,1.0,True
AL3LGsLQPLw,0.5603727452668232,1.0,True
zYGrrhMpLa0,0.5386502244941854,1.0,True
rtOYUlmUYSw,0.33512965889023144,0.0,True
dYKjfZBJqsw,0.16396082772140025,0.0,True
TObonJTZgSw,0.37303985893613784,0.0,True
TxMEVVUaE40,0.41235102003492596,0.0,True
QM5GUUqC3xs,0.3962867448624914,0.0,True
EC4obBwznIk,0.3131947358665169,0.0,True
vvEANNGu154,0.5019946827052552,1.0,True
0XYBbiDWWLw,0.4687745099468213,1.0,True
THkONTgCSk0,0.5500009393002959,1.0,True
fJbb_JrCs_I,0.3749747361880539,0.0,True
dxRPm6OQD-I,0.3450492889683995,1.0,True
AgpUA6K8F2o,0.3450492889683995,1.0,True
0RVH3njoCvE,0.387161722735421,1.0,True
Red1Sx1M2VA,0.5355918271719649,1.0,True
3eJgjFNRLj4,0.4546261617987367,1.0,True
66GJbAFeveI,0.4889458368463102,1.0,True
UWwz7350Uow,0.5193498939216347,1.0,True
S8HiiRvV_So,0.44686165537727696,0.0,True
t0EEsZ4ppEY,0.4740706062431812,0.0,True
bZ40VILh6YU,0.44478376178121515,1.0,True
O7oEtwKZNHs,0.41008652467343243,1.0,True
7_Grtd29FzI,0.5566877548816186,1.0,True
T-hlWxHt1WA,0.5480063851144006,nan,False
6Lc440p8PZ0,0.47593310050484117,nan,False
1rdzA7KdayM,0.41913283859143735,nan,False
H9tE17UfGvg,0.44478376178121515,nan,False
Cr13CQFX_dI,0.44478376178121515,nan,False
ZXBlZICuYHc,0.5060221919960146,nan,False
OGFkGKLDcbU,0.5226232463285214,nan,False
vreI03Zdslc,0.44113714178217966,nan,False
osTUzFaIYuk,0.40002253395034765,nan,False
pgjychTeOOY,0.48838795608319324,nan,False
zE69hOJ-gPU,0.36584971406098343,0.0,True
TL0yFf8tUiI,0.30811680715121337,0.0,True
HYlHH99VO4E,0.3313830226754934,0.0,True
6XfVBOhQvOE,0.33395183081585167,0.0,True
rG3SHD58Vso,0.6532679351626488,1.0,True
bu0MZhOq15E,0.3487007244496458,0.0,True
Cp5IxLhSnrE,0.4054450393981444,0.0,True
a1aBX9CRpXA,0.5632005122996452,1.0,True
6xEoX0j6iUo,0.23116111578375734,0.0,True
4oQ6-q5xJAA,0.6033134098774778,1.0,True
wA7s0IzqFVo,0.6117672474748082,1.0,True
gMgvVv-BbTI,0.41150404697380705,0.0,True
Q8SwAShfbE4,0.6163232326230896,1.0,True
93Qxqr3g-As,0.5887738743508397,1.0,True
3ElcfJO487I,0.5958481365377917,1.0,True
ttOKlnO0CWU,0.5330080259948062,1.0,True
JLE228ZuGGA,0.5531952192687519,nan,False
RI0dWy1CVfw,0.5297480776227398,nan,False
L5wx0Takylc,0.5747407766112174,nan,False
EKB8_OeWGDo,0.4736095853762826,nan,False
75UzcvG01a4,0.41913283859143735,nan,False
92LTVxAJcgk,0.39201788691838707,nan,False
ynwBRLN3bms,0.5643352845869961,nan,False
Q04S_NkRHGw,0.5445149758698348,nan,False
bCqnOn23LWE,0.6439047393788773,nan,False
HjvzQeqoGRg,0.5366908419089372,nan,False
RvxBS9ZeJLQ,0.36572379346656847,0.0,True
4e5DgSrN3E4,0.35286391388255095,0.0,True
9A9XYerlCyQ,0.6477263690580704,1.0,True
ChA6jxuUU3s,0.6451478799405066,1.0,True
XdQClBgXjmk,0.3949281934620435,0.0,True
SZJQMYUkRFs,0.7273238058664326,1.0,True
yEsgrQmeT68,0.33878737841001993,0.0,True
B93UVj8MaWo,0.36984025172095775,0.0,True
aKPXMlu4KzQ,0.5927952471985525,1.0,True
SjiSncG09Pk,0.6369813387054766,1.0,True
EMmKs8vMKhU,0.6606571391997659,1.0,True
gV8NiTF-ijY,0.6536358950190629,1.0,True
OeGEtgG1aMg,0.6440361974608233,1.0,True
e7uq_8Eo_Oo,0.2805535295879358,0.0,True
22d6KeT2i7k,0.36564665928487367,0.0,True
Vjq4-DXigBc,0.43637891076110885,0.0,True
FbpkoZfwky4,0.40431472268523283,0.0,True
yNAzOfxEmGU,0.3456840671398768,0.0,True
TjEUPyeGYjU,0.38918209023687,0.0,True
gLhwEXW2-7M,0.3363876222839012,0.0,True
M3wMuVJpauM,0.53334905703793,1.0,True
HGp005A-2mM,0.5937221007664999,1.0,True
eaRRXk7CzWM,0.603713182310036,1.0,True
nuWAZC11Odo,0.5576097836610856,1.0,True
j4_ZXvpUWMs,0.41875650787859325,0.0,True
xv9w4zBULlg,0.3363876222839012,0.0,True
NqLVKqsjxf8,0.363619811218586,0.0,True
GJSIZ1py4aM,0.37303985893613784,0.0,True
PBbMvdFSUxQ,0.6670526117393164,1.0,True
dplYA7ymKIk,0.7009145520378239,1.0,True
Y0y4PFydkGU,0.3757373653133085,0.0,True
TgJNH2s1Vls,0.593956687152473,1.0,True
ISYIEmQxs2M,0.645025088336089,1.0,True
Wip7J7Ar3NU,0.5687785329035115,1.0,True
PBrYMBacnyM,0.674520624884942,1.0,True
VUr7Me2Sd0U,0.645313126879947,1.0,True
TCvCBTl5WZ0,0.33450674454095447,0.0,True
Z6wnDWzhaDA,0.3549581445340877,0.0,True
X33jxveHlOo,0.3495263569758236,0.0,True
FXktTE2UYoA,0.5983488860538991,1.0,True
iHULL6iy9Vg,0.6572718632907708,1.0,True
fJM27mAEnCI,0.3877397983807544,0.0,True
Nv5kDGhn46g,0.6259854597559593,1.0,True
G7k3H5Or160,0.5937221007664999,1.0,True
N8WiPcNAElQ,0.35716684306312196,0.0,True
dmlkSUtVowU,0.3962867448624914,0.0,True
er7MJvQCdsM,0.40215292561376936,0.0,True
8n_SQFZnugw,0.4667453670381761,0.0,True
W4Lsueiknl4,0.42461337539230426,0.0,True
URwVV5tTJIA,0.5988415269374789,1.0,True
_fI--z7jPzQ,0.4473332302072824,1.0,True
bg3iEHHTGtQ,0.5824555929094507,1.0,True
WJxDLtYwVsk,0.5286544805029241,0.0,True
F7jRqt35Aao,0.4382869162892774,0.0,True
bPYyWzXqecE,0.44134742750371486,0.0,True
PmDvvobNLwc,0.48224313917074657,0.0,True
1dckgi3PdA0,0.4891089170683013,1.0,True
EXMwqwWFBgA,0.4767424260328461,1.0,True
sRAzMxMCLcc,0.531682472714751,0.0,True
3yaq2O3cEaI,0.47352145317494576,0.0,True
SDzKgqU35Eo,0.45301842046788704,0.0,True
rzIUtfhmuV4,0.4784580325998661,0.0,True
HxsTYxT3S80,0.43158984903931563,0.0,True
Z_XkurtmzmY,0.44563288192260453,0.0,True
_2IV2fu1aAA,0.5411537668826276,0.0,True
iVQ_gL1SzFU,0.5004098880850771,0.0,True
dAqo0pib06M,0.4865777475515703,0.0,True
fdYf-arCWF8,0.5696939817607427,0.0,True
xXTCWO9IHxc,0.5243163119024121,0.0,True
V3J9nQzrIUk,0.599635640636887,1.0,True
NOtysM7WKq0,0.4845237757265549,0.0,True
LaoYkdlFhTY,0.421509314570579,0.0,True
eC2MzG2UTeA,0.3749747361880539,0.0,True
a8KHcQLaesw,0.5327587570896691,0.0,True
op8HMCB5JnQ,0.41235102003492596,1.0,True
jOUqLqlw39E,0.5046218559156604,1.0,True
-jripWHy4sw,0.4649412045129509,1.0,True
jQK-S-HyHgc,0.5414487466996778,1.0,True
yBX-KpMoxYk,0.43762087487977885,nan,False
4FunXnJQxYU,0.42283322591876493,nan,False
w87fOAG8fjk,0.41627478941305246,nan,False
38IqQpwPe7s,0.4257492697575933,nan,False
sBfvJn-fpnc,0.37821810710744597,nan,False
_p8AsQhaVKI,0.4164635382587547,nan,False
0qwALOOvUik,0.5038266227433781,nan,False
0wIiDnjz4X4,0.4315150961020039,nan,False
n5jXg_NNiCA,0.45764377976794296,nan,False
NS0txu_Kzl8,0.4619431687383795,nan,False
EA8vDBY6bCs,0.3110420001640855,0.0,True
mswxzXlhivQ,0.1294780691007106,0.0,True
r0XRoogmJuk,0.1294780691007106,0.0,True
oaqHdULqet0,0.605566122423876,1.0,True
N-x8Ik9G5Dg,0.6739194667766096,1.0,True
UThGcWBIMpU,0.7200999120312195,1.0,True
wFTmQ27S7OQ,0.5941556446835254,1.0,True
bfHEnw6Rm-4,0.3491305991305992,0.0,True
TZmBoMZFC8g,0.32148219376914067,0.0,True
psL_5RIBqnY,0.41243991782171463,0.0,True
-rAeqN-Q7x4,0.665333608190751,1.0,True
49YeFsx1rIw,0.35410081697599916,0.0,True
aLLsmJfvixM,0.2792802380408106,0.0,True
0mUC8nO8-HA,0.24484887071289152,0.0,True
GEZhD3J89ZE,0.6894287260358689,1.0,True
b13xnFp_LJs,0.6680505209076638,1.0,True
KR0g-1hnQPA,0.6984438225271613,1.0,True
5AwdkGKmZ0I,0.8076258269026404,1.0,True
OaLxTz1Yw7M,0.24253225629282885,0.0,True
JdBYVNuky1M,0.6894287260358689,1.0,True
66XwG1CLHuU,0.39663774613719,0.0,True
0TD96VTf0Xs,0.894087733277777,1.0,True
EvGOlAkLSLw,0.7560953927025356,1.0,True
CeSAjK2CBEA,0.6403404902863672,1.0,True
exM1uajp--A,0.6067762263575072,1.0,True
CUwg_JoNHpo,0.7681837984834097,1.0,True
q5D55G7Ejs8,0.8601971380156682,1.0,True
ux6zXguiqxM,0.8396027720676772,1.0,True
GYkq9Rgoj8E,0.7729329586184426,1.0,True
j1HGOY32s2Y,0.3887349768609475,0.0,True
ZiP1l7jlIIA,0.7226281245636084,1.0,True
ctkW3V0Mh-k,0.739274222154657,1.0,True
V3dbG9pAi8I,0.38727796328015096,0.0,True
f1J38FlDKxo,0.7729393771957392,1.0,True
zXJbdtxh0XE,0.3719130529075085,0.0,True
RXeOiIDNNek,0.8560833571214778,1.0,True
546ufMY7488,0.33214602894758194,0.0,True
uarNiSl_uh4,0.8459412879256597,1.0,True
dOuNLS1elWs,0.43677868319366703,0.0,True
eYJcUtVIB_g,0.3868893171473051,0.0,True
0_DjDdfqtUE,0.6531300152642665,1.0,True
Qz8u00pX738,0.3992942673012532,0.0,True
jGztGfRujSE,0.40035910875830255,0.0,True
hEalzEnT70k,0.4150590482029191,0.0,True
H3KnMyojEQU,0.7268570634642063,1.0,True
31MbUHX7W8k,0.4687254173011638,0.0,True
_-AS5DtDeqs,0.7541645019842371,1.0,True
M0au92yebLQ,0.6752930766924123,1.0,True
HKphYoxGeRE,0.38171093445730825,0.0,True
AvFMrroRkRk,0.6874978353175705,1.0,True
h6CwwHyQxKI,0.6786397775718146,1.0,True
6K4eUO53-UE,0.6168487597059025,1.0,True
-ueUb6PNwbs,0.3456840671398768,0.0,True
XOBE3FCyaqU,0.6583582886250532,1.0,True
dJObc0V6hJU,0.3877397983807544,0.0,True
KmFPWxjmnqE,0.6415400182236384,1.0,True
leYJBhat7zw,0.3943523166701953,0.0,True
XLzx58UrwGs,0.41512762278046333,0.0,True
J2OGTd8Zgow,0.4264165047460713,0.0,True
oT5iDm9XRl8,0.6426114831899036,0.0,True
TiE2F1V841A,0.575042519390711,1.0,True
GriXfu4tL30,0.6090461609039145,0.0,True
u3SIKAmPXY4,0.49492935128421023,1.0,True
qUfVSh4eaDE,0.6280897809136874,1.0,True
y4DnsCzJTRQ,0.4699888333211466,0.0,True
77uoRieSk8s,0.6028907837140546,0.0,True
uvLgeEXUwkU,0.13104177791374644,nan,False
IFpWp7cqDsM,0.36967116062570893,nan,False
VjFUEOCRw9Q,0.21655317655317657,nan,False
IuYt1BbFzR0,0.387161722735421,nan,False
0U2t7QkY1jI,0.4377033608416239,nan,False
nbL5iLDl-BE,0.5833027215030415,nan,False
yb8i6UaNqVw,0.6050593024323628,nan,False
OcerodoICpE,0.2866734376920747,nan,False
52NNClynX9E,0.426782746563926,nan,False
ANMPCnCQRds,0.4177153162910628,nan,False
JCR2GgOE0I8,0.3617296085936294,0.0,True
QoQqvoOazVw,0.3813995495914024,0.0,True
6qvMzcyALDk,0.32283876970279046,0.0,True
fq7uViXl6es,0.36746788840167666,0.0,True
QYeX-VzX_AI,0.620610515191796,1.0,True
dFS87EDoAQc,0.22347265761058868,0.0,True
c9mdN59IMQk,0.6177811606383035,1.0,True
4CKM1ZcgLOY,0.07054545454545455,0.0,True
LbEFkTukBqc,0.653029016891411,1.0,True
m-cTkmCOXyM,0.11054545454545454,0.0,True
4fhhHexF5rk,0.31836695798959946,0.0,True
B8hBsxbmjBs,0.6116394716394716,1.0,True
nTfRU9WusR0,0.12182750582750583,0.0,True
M7voIvA9vOo,0.8081489914780349,1.0,True
eT6iunaLbLo,0.43948708806283454,0.0,True
MJnqpvcYXKI,0.2678133524359939,0.0,True
i8n5Rvvgolg,0.13136363636363638,0.0,True
WWl5A3sd6WU,0.12182750582750583,0.0,True
PTyRuIVsnKM,0.5620245077588362,1.0,True
FKaa95chH5o,0.26368702309878783,0.0,True
_rBUnNcfbNg,0.5254476451497244,1.0,True
TIyvDymEmpk,0.3084787981014396,0.0,True
CHDLclzpHc8,0.3018647437287645,0.0,True
I5Aty8dFOZ0,0.3612905140368878,0.0,True
8sB_uSAn0X4,0.25965340965340966,0.0,True
kDXCaLN5EYc,0.6332904198975627,1.0,True
fs4ZiMEGXMU,0.6177811606383035,1.0,True
ZqEZxaZl1hY,0.708465245072388,1.0,True
QwkyuPAZQyA,0.6035479353705955,1.0,True
BR79iEFLHsQ,0.5841789768030307,1.0,True
DLgegktyc9s,0.4108759058803441,0.0,True
x1T-ui7-i8M,0.33745634813162123,0.0,True
OTgOulR4IZ0,0.642849029365794,1.0,True
Ked8p5vnI40,0.6145257644857074,1.0,True
qtNEmBUW5fs,0.571366675769981,1.0,True
uPgXw76VU5M,0.6101748200688981,1.0,True
j_8SFn8qED0,0.6284758795991514,1.0,True
nUSCKntgsnY,0.6361197744510552,1.0,True
ndCnFaD9uvE,0.5999656792145959,1.0,True
gh09HCcVv4s,0.3768832624736459,0.0,True
fm70lnHrovk,0.6101389711034522,1.0,True
det3P2bMscQ,0.6601903967975395,1.0,True
VzTqbabTX50,0.37315642169027174,0.0,True
QE99IJeVhfg,0.5958481365377917,1.0,True
MW_TzfmgOzs,0.42559645324196715,0.0,True
LjsOycVkKDM,0.3978208299169999,0.0,True
542NAf-KwjM,0.39999711780807623,0.0,True
-6pkiMcxHro,0.6419610485033702,1.0,True
BxewJtvUt4Q,0.20885981762039013,0.0,True
NGwk8Ej-9qo,0.20249394211658361,0.0,True
5hKgI_yt7eo,0.38182714974380205,0.0,True
vH8yC9HeK1M,0.5994284795990553,1.0,True
yAmj0E3q8Qg,0.31995620957885107,0.0,True
ayg0wG6TNHA,0.6629604705688598,1.0,True
_TmQfLLdRqM,0.12756132756132757,0.0,True
2NB8m8nQbI8,0.2556296747676058,0.0,True
fKlY_lYb2ME,0.3453018316986668,0.0,True
Wh2LTvYdrnA,0.2049375266267454,0.0,True
HusSxYwTvpQ,0.5641489169673022,1.0,True
XE2gTa3_qZM,0.5816332703270068,1.0,True
99uxcRTx1rU,0.27253809712988597,0.0,True
nwDsGa_c0Us,0.5777271650405978,1.0,True
u5Yrj1952XM,0.5953471961183228,1.0,True
Z0vI3erkWa8,0.3213925377271016,0.0,True
OWJhAfBahy0,0.5744195651092203,1.0,True
4KqKg6ryCDI,0.23819651622220067,0.0,True
RqqWv7UlZgI,0.3608082339303193,0.0,True
uR8W7yxUD08,0.3935952924643474,0.0,True
eBAlTkZ8rvA,0.24199161606811534,0.0,True
Re-fJcND6tE,0.3757373653133085,0.0,True
Atkvg_YgTMY,0.5744195651092203,1.0,True
1HbiHre9LKU,0.3252636467194564,0.0,True
e9OEEHsdbSk,0.3067996968761962,0.0,True
ALP0xJ0V7RY,0.5984197302423904,1.0,True
_AgURnj2Ghc,0.5754283144658853,1.0,True
mZontuAe-CU,0.24378473018156527,0.0,True
aIqoSbVwRrU,0.5744195651092203,1.0,True
7hsoFU2kmxk,0.6668603709301061,1.0,True
TpISWnzN1YY,0.22342109381792885,0.0,True
sSKY7pNdlvI,0.6440009114019596,1.0,True
jNR9PEs90AI,0.17834195911615267,0.0,True
UoH9UO_S2lA,0.1171764705882353,0.0,True
raxHwV6E3D8,0.31406585440327356,0.0,True
N4tv9Olryss,0.26233644365432224,0.0,True
IxHLQ4ppg9U,0.19421497498916854,0.0,True
s0vH8N0dllA,0.15336504304895096,0.0,True
MO8blgtVebo,0.20978222958803747,0.0,True
iIosJ7zJa-o,0.3712655536001174,0.0,True
ZpUktbxOCVs,0.1410590015128593,0.0,True
S1HtH6z9vjI,0.30356955402341185,0.0,True
QUGUXZKbXFo,0.34944059851946296,0.0,True
qTfV_nDzsQ4,0.5583824424350898,1.0,True
GbNbzDL5LJk,0.35925891639717944,1.0,True
Mv35WmjizeA,0.09916020915217309,0.0,True
pCJetBJEh6E,0.13312418300653595,0.0,True
2Ki9mrkCy10,0.14977053054472408,0.0,True
bGhy1I_JDNU,0.09312418300653595,0.0,True
lCFi1jbHaYA,0.14692745788147307,0.0,True
B5Q9aMZJABE,0.136,0.0,True
YlJZHM11uZc,0.14977053054472408,0.0,True
-GNr9SJywWY,0.14440623428858723,0.0,True
nqwQyhDDfos,0.5713737603392776,1.0,True
52xW-1gZ5a8,0.07712418300653595,0.0,True
eLNvvxjnQBg,0.12248847926267281,0.0,True
OyFGqRJcL6E,0.10117647058823528,0.0,True
OCtecehnYo0,0.0824884792626728,0.0,True
bcjE6-rAa04,0.09039739011512475,0.0,True
RZjdKZw_MkA,0.05714285714285714,0.0,True
H0mFKi_Cb_g,0.05500000000000001,0.0,True
cotUpkNzlrw,0.12248847926267281,0.0,True
gvjekyHBJmw,0.07712418300653595,0.0,True
yWxpKMRjBRU,0.11712418300653596,0.0,True
pIuDXgr9I-Q,0.06153846153846154,0.0,True
ByiJ-zZTGO4,0.12845852187028658,0.0,True
JgJRzAZSAdw,0.551999891443092,1.0,True
w4ZNqoKScq0,0.5725989599123927,1.0,True
axOhpM5sMnw,0.21733594095858244,0.0,True
TMYmhSb719c,0.1628889929092769,0.0,True
QTB29klQzfs,0.30534385935943226,0.0,True
By7U_MaP9EE,0.168056797561792,0.0,True
hNVR2k5D2nw,0.8085696233208697,1.0,True
P21edn9yqH8,0.6808902407497331,1.0,True
vXpCNHsga3Y,0.6232497278310086,1.0,True
TOBhL2AnZwU,0.5892373878980692,1.0,True
si4Ggk17f50,0.6793929083893929,1.0,True
emidrJeUTaM,0.7589790681668561,1.0,True
KsYvmWdXuY4,0.3016886762804651,0.0,True
0tkL5R8kAJE,0.6793929083893929,1.0,True
TxT5jZMx8Wc,0.7009145520378239,1.0,True
BRkYpKNJjPM,0.6495061796767554,1.0,True
LyOu9q4Q2aE,0.6545066329715293,1.0,True
tEbCO3wG_vQ,0.6362441866980445,1.0,True
UUxUdqdoxLE,0.750416109905347,1.0,True
LY87O4MQhMk,0.6174757300638392,1.0,True
CaIXVjPLhyk,0.6455309680908854,1.0,True
aK3d4YC8UE8,0.5575781086778772,1.0,True
rljmPOzGklc,0.31416191695474754,0.0,True
B2lfNOXMDG8,0.7093683896351543,1.0,True
43LFvOBz1os,0.6168827563021314,1.0,True
FjwGvfl6sNk,0.60553854495792,1.0,True
fJzlUj3hcls,0.6355034459573038,1.0,True
TfRCu4CU7sY,0.6793929083893929,1.0,True
99HWnDZUnPg,0.0824884792626728,0.0,True
wPFtFV7HjCE,0.30539253772710157,0.0,True
hGd-aC8VB2g,0.18204133545310014,0.0,True
JpTrbiRx7qY,0.07712418300653595,0.0,True
kYcTfqfzgZI,0.12248847926267281,0.0,True
D6Iig5hzzlw,0.28385981762039014,0.0,True
ut_V0drv02c,0.7589790681668561,1.0,True
V4u6vBE-sng,0.8117954463643832,1.0,True
FOnEmwxiHJ8,0.6891695810196891,1.0,True
J8vlBDtiln4,0.8941866720935565,1.0,True
4kFcl0OTxSM,0.8572745227123107,1.0,True
gQcR_dh8hxI,0.5983122340519449,1.0,True
mKQBhP9imzo,0.8179899171832172,1.0,True
sJBlx9h5wes,0.6382869932992761,1.0,True
VetaEp3sw00,0.6107563511924893,1.0,True
whYs9JpLx8I,0.39161038118632435,0.0,True
qd1_EQXZoh4,0.7143762825855896,1.0,True
LEs4M1CFSEU,0.19199161606811538,0.0,True
cBsmFJIqcAE,0.6793929083893929,1.0,True
mDB-61g5gGQ,0.39111275224188313,0.0,True
QMxDECuqCLw,0.3728301938321457,0.0,True
52fpJBHo8hE,0.3676624860329962,0.0,True
-nQPJTiJ168,0.3518484461908443,0.0,True
D9lwGrLL984,0.38877684319690164,0.0,True
8r2xQ7Vxm6c,0.41627478941305246,0.0,True
lwBoQPxnf0k,0.21476987065222358,0.0,True
gGUq6fAmFNo,0.30140470876928577,1.0,True
FQodxh6q_Ew,0.4779470614864583,0.0,True
RPm7e5C0N-E,0.38977391104754844,1.0,True
KDGQysOqB5Q,0.37303985893613784,0.0,True
89FDBSYY3Pc,0.27374236874236874,1.0,True
v3GJ6U5ntEc,0.46721430898850247,1.0,True
0PId38C4kfg,0.4219440750596216,1.0,True
3E3lUu1_0S0,0.3509438792761982,0.0,True
4c4Q6CDpDQg,0.4315026646549538,0.0,True
i_RhsOOPS54,0.357753630467308,0.0,True
hRF_8d6i2Wk,0.4057322449856075,1.0,True
UA3tN3yTZOo,0.30122090822789416,0.0,True
MPLvlZLwCyw,0.3719002640548038,0.0,True
CT-9NZr9pH4,0.43098398197027404,0.0,True
8MTm8qIk01g,0.41627478941305246,1.0,True
kyTzrrxTxx4,0.5039793316302145,0.0,True
iE6hubTmjhY,0.4347539880240533,0.0,True
grL584EHw2M,0.5372977868820794,0.0,True
lbdG4dXVek8,0.4290743278541383,1.0,True
nfD2uEgHQCk,0.4150460159583801,1.0,True
IhZoutS8zLs,0.3793740824358462,1.0,True
YtO4saEhhIM,0.27597450235381266,0.0,True
zeEcteT7BpU,0.5342336046874625,0.0,True
V2jRG7OBDnk,0.5105805412911137,0.0,True
x9GlO0BdkkY,0.4430797250917083,0.0,True
QP4jENI8WEU,0.6192970738046293,0.0,True
25AseAFpy-s,0.47750192908206673,0.0,True
pp9mSIsgJuQ,0.5919555536666337,1.0,True
12D36cGOc6E,0.56227539485604,0.0,True
BgLHt8ga_uw,0.3653626604516483,1.0,True
0V8OUgbnsEw,0.47697345444852496,0.0,True
LclnuVrWuIY,0.44741631801950776,0.0,True
sPy9_uxfiYw,0.5697800691994442,0.0,True
jAB5VK0WHCg,0.3945457119350536,0.0,True
GuplS6ZLZIs,0.5148706575382362,1.0,True
xNq3BW6sPVs,0.4291564143598869,0.0,True
wD4B5g3t-ME,0.5268738076506667,1.0,True
SJ0YPBPIP9A,0.513903328946919,0.0,True
RUebzDELW94,0.4893407187082445,1.0,True
2j5AuKzspPw,0.4538938128469178,1.0,True
fZV5NlRpbC0,0.44407923776813185,1.0,True
YPUfFWt3Wrg,0.32398982302422924,1.0,True
6rW3L4a1xKw,0.36008332075752425,1.0,True
s_oipx0YkR8,0.34514518982704745,1.0,True
n09L48P5pCo,0.40779568621289475,0.0,True
YvTVs6UAvKc,0.4702624117484538,0.0,True
21GV6JJAJXA,0.3909224486063545,0.0,True
sx-tIBxezQk,0.40859029416399234,0.0,True
qBNp2JibvY0,0.387161722735421,0.0,True
ibuUdxn90PQ,0.4269293587007998,0.0,True
dfWqbbm2j84,0.41008652467343243,0.0,True
nUujAYvGnzs,0.4066725954671625,0.0,True
5enK2N38rSM,0.36263238563937156,1.0,True
uXL7zzulJiE,0.3726361815892866,1.0,True
2hl6FDmJPRk,0.3418467897837261,1.0,True
1zMyU7s33mg,0.3007817944200088,0.0,True
Ina4Ycq-3Eg,0.20912495815936438,1.0,True
otOSoZKgU3A,0.4073341365285244,0.0,True
poYi20M-4Us,0.40052707653640274,0.0,True
VSjYao4iu3o,0.38574420043504637,1.0,True
3ghlWXRB2X0,0.24662822613322058,0.0,True
ey_jXO-uJAQ,0.36227039468914535,1.0,True
IQ1HaHbu7Ms,0.5393749860860659,nan,False
vC5B5SbEubg,0.397704267162866,nan,False
m0StLrusCGE,0.4047222284172956,nan,False
mm3e4C8COd0,0.510352422880942,nan,False
c65xu8HiE6c,0.5962107738651643,nan,False
kvOp54VzMTQ,0.35609392410091,nan,False
2Ida69XDtdU,0.6420979922761018,nan,False
5L6gnz12on4,0.6707359444940884,nan,False
uHNjMGSl2bQ,0.5060221919960146,nan,False
TtyrOgIyNxA,0.576499101508015,nan,False
D6I0zbT3UkU,0.5207176570335837,nan,False
03bqnLjHJjg,0.5319202294955214,nan,False
FqnikSzQkhY,0.5824555929094507,nan,False
miGGmaRqPnE,0.5046218559156604,nan,False
HM7ReG5hhcM,0.5938039965552174,nan,False
kzFiTGM0tPU,0.36714937821932303,nan,False
eHWGZjZDJ9I,0.5496315238830957,nan,False
LxYK7vbM3N0,0.6191527485532456,nan,False
CbflnxLsdYw,0.5417607644399317,1.0,True
tpG4wf0Hpno,0.5594501274341608,1.0,True
loBHL3t4wBg,0.5791440049851813,1.0,True
DAq2YYaOgZk,0.23723969220743416,0.0,True
ux3bHHIwAMw,0.6214210478132501,1.0,True
RQVUpdJlPD8,0.29391024643252184,0.0,True
5L_Fv51D50E,0.59790327608107,1.0,True
d09xI0KKqoc,0.3524433134001782,0.0,True
blbIICRh2I8,0.2978613220220081,0.0,True
sntR1DtiAQA,0.5458342566063911,1.0,True
R5CSzlYyIDk,0.5570109723936468,1.0,True
GfwyMCU_d2o,0.5572972812627984,1.0,True
mAC4xQxDcNQ,0.3741236027785023,0.0,True
Rfj-7yEcjBM,0.37968429260094494,0.0,True
OMKk6DnVXZI,0.544559317883301,1.0,True
PtbEM4acRbY,0.36767556268000096,0.0,True
TdQrolC32vs,0.27408147408147404,0.0,True
YWSP8lTLQdc,0.3525612515956578,0.0,True
pmmX-fiBhaQ,0.5792273556712233,1.0,True
IvYdCNh1Cbs,0.3239142301900157,0.0,True
oGKpMPfY80U,0.2310653706880122,0.0,True
S2dqQIKe6Cc,0.12182750582750583,0.0,True
kn_h1J5JKlM,0.37458336587583657,0.0,True
F_IcMYz7DTY,0.5992280899177451,1.0,True
c1jzF7kntyU,0.3381581800222008,0.0,True
XKQeFK6ZQ8o,0.5695299410761034,1.0,True
s2bdhhbkSTQ,0.5968568858944566,1.0,True
lxANwrcDkQ8,0.3595867514507723,0.0,True
bMe1GOoitwI,0.2678133524359939,0.0,True
y7-YHFOZCg8,0.3313830226754934,0.0,True
gph9sXeDMhc,0.3633017901824962,0.0,True
bfNgfc6JxUE,0.551165551842149,1.0,True
XQL8apnyXQk,0.5497481520376525,1.0,True
i7Q14u4wrVA,0.5873942989404614,1.0,True
a-SBrzdP7Lw,0.5871012248473878,1.0,True
GJniKIvpOsg,0.3936059791320323,0.0,True
_pkPGZ_LkY0,0.30236249706037943,0.0,True
uwviXDvIqsU,0.25879762069861073,0.0,True
NuRLItAk7ns,0.612074781805748,1.0,True
V4xxGcPk3qE,0.5284401911153801,1.0,True
sd4LQLrEJQU,0.37021578790019316,1.0,True
CKwF6ba-3pw,0.45245328596890755,1.0,True
s4UNFF_FHHg,0.479551143044048,0.0,True
o_7Bj1IlgwY,0.481050316178841,1.0,True
2fQBZ7hY0UY,0.4130207969739019,0.0,True
AffwNvGtJZU,0.34433465061043617,0.0,True
Imp7J7Qsoso,0.5851362421806412,1.0,True
4bo83_VDvtQ,0.32190081640026025,0.0,True
dgtiIusYpMg,0.4889922635640043,0.0,True
gGOY_LmcgQM,0.43555510602486047,0.0,True
3Ezp0RdHZPU,0.44114496546766235,0.0,True
AUvwyjRrm_k,0.4054450393981444,0.0,True
111xSv3JBmY,0.4009615025463621,1.0,True
koFe2Ph8_1g,0.36767556268000096,0.0,True
DerlmdQwjHo,0.4834637676091946,0.0,True
VC27EM9nFN4,0.5351092728492788,nan,False
3M_xFl-ehz8,0.5171752728176817,nan,False
9_BQRSwbWkE,0.47867722084979014,nan,False
9wbpTAz0y_E,0.4219808894005844,nan,False
ULmWi9cSGzk,0.4061018149013195,nan,False
Guj7ng0wcew,0.397704267162866,nan,False
DKEQ7TyV5_Y,0.5671945373115925,nan,False
Wau1A2PD3l4,0.41913283859143735,nan,False
l9YiJecbtfU,0.41660899381831146,nan,False
1JRZsR7sbYs,0.49336071448984536,nan,False
0S140AFr3MQ,0.3909224486063545,nan,False
hoc8xcDgC4g,0.4473332302072824,nan,False
rdPc5rfqSOc,0.5373300774229495,nan,False
3ea8X2vF2cY,0.36234509123443004,nan,False
SpwWYXHH3LU,0.5363310882665722,nan,False
zHxUSaakPXo,0.397704267162866,nan,False
J4ANai0n8XM,0.6399014724821176,nan,False
48F0qYzIngw,0.41618829739107654,nan,False
A1Afbrd5Lic,0.5557314784494871,nan,False
uTW7FevdGnU,0.677299420156563,1.0,True
KvRjmn97dnQ,0.6520427355895336,1.0,True
LYA6iRJjhEw,0.42993753544252994,0.0,True
HpQ9iKWTu6k,0.5020335948093767,1.0,True
-rjtBkkDpi0,0.3661100963680844,0.0,True
DzXZEPraH6s,0.3282803040292254,0.0,True
CbA3O-824-I,0.44617770757454267,0.0,True
ZFX_ay2c7GM,0.3236301263765001,0.0,True
03iYBWxuv5c,0.40234167445947155,0.0,True
v0m9q33B5As,0.23476020076215262,0.0,True
8_RCLyZkbho,0.606027337568597,1.0,True
j01FbvJKkvQ,0.4314143869375302,0.0,True
_8uoGrYD03w,0.6301967424608934,1.0,True
n6Li5W4ZsYw,0.3813916567352603,0.0,True
RDGPg9IrRIg,0.38189898378577625,0.0,True
nv5d2niG_DA,0.34473942008302366,0.0,True
icW6a_3RgvM,0.43242313629419515,0.0,True
xAT9hetaukI,0.21234474720681615,0.0,True
VjfZnFpCXpA,0.28929264417949657,0.0,True
Wg90yVqfkUE,0.2027277353094358,0.0,True
3eVnoJ4XxnI,0.29123030597922733,0.0,True
Rh42UdvKlzY,0.29592366022227734,0.0,True
JXF0xqikrfo,0.1921723334137127,0.0,True
dFr4NQLvEJM,0.22147414893704642,0.0,True
YZJOVFtN5hQ,0.5831122859496458,1.0,True
0lEmj5Y29YE,0.31756080970572664,0.0,True
U6FK0nFL0jU,0.3657632220390076,0.0,True
TqpBQ4iY4tU,0.38171093445730825,0.0,True
pnzRWdzhN0Y,0.6468582375478927,1.0,True
cTSYbmrcD7U,0.7093683896351543,1.0,True
4i3iAynMAsI,0.44210983306438145,0.0,True
FzFky6y7DBQ,0.14031026444819547,0.0,True
vdGNgIkRbj4,0.3823755021246175,0.0,True
Va4LTvJiCnQ,0.630718826192964,1.0,True
ujZMzm1S72M,0.3018647437287646,0.0,True
zCq7yXmSfGg,0.6318716055226539,1.0,True
N7TzZrm1SKk,0.6022578341525477,1.0,True
VxpeZAjrMWA,0.6369813387054766,1.0,True
c__bMG_zRmU,0.39197995110203643,0.0,True
5QPWQlHOYuE,0.5777271650405978,1.0,True
qQJzd81PeB0,0.6474512113096005,1.0,True
9tYSfQvs6gA,0.6663404239488132,1.0,True
LiNZ7zv9sNM,0.5770675072380829,1.0,True
9PjHUHFxIf4,0.3737793360395487,0.0,True
tsArhAdeXqE,0.551165551842149,1.0,True
yJzRW-y-3UU,0.3595867514507723,0.0,True
ysYrNVsL9tU,0.6086693186693186,1.0,True
LKSX315ndQk,0.40215292561376936,0.0,True
yKQE8oo3HRs,0.5743549432633881,1.0,True
V3zt4EprhsA,0.5521489469968172,1.0,True
xan0KjBXI2M,0.4926411284933677,1.0,True
bkko9UcjM10,0.5349888764692715,1.0,True
J7ygrKNwRP4,0.4431838976424908,1.0,True
8yDGSYHKBic,0.5134296589593175,0.0,True
kB0ZfdLpsWg,0.4810857294013469,1.0,True
0FQW8MfTwLk,0.5920863810518984,0.0,True
AXgKspPVohM,0.5017212445521515,0.0,True
4i2dlEAUUTI,0.5291233621705522,0.0,True
scyeFXyri8c,0.5768423867364647,0.0,True
drl_s_yNT0I,0.6448447385947386,0.0,True
bRqcpQE9o6Y,0.44205529664628634,nan,False
8NAfIUdu5FI,0.40859029416399234,nan,False
VLjwx87cxBg,0.418737416845451,nan,False
Hfdii0TYyl4,0.46863342714904876,nan,False
-pqCvHQvuRE,0.4540174840864871,nan,False
YSHfMJmw5v8,0.5925276754062233,nan,False
925iZ62j4E4,0.5008532459064238,nan,False
NnLTWE0GXNo,0.5317556433133441,nan,False
yjBm-7nRnzg,0.4820548509716063,nan,False
iCgkbEKfhBE,0.5543482142422922,nan,False
825q4Mk8ovk,0.3827537218985789,0.0,True
ZZ4OEovrqTY,0.42212376341623414,0.0,True
QVoA3lORYmM,0.4061280116330061,0.0,True
OxUCOxWtLJU,0.3719002640548038,0.0,True
uMgNeaGyHTU,0.34422060750339545,0.0,True
zf2nQm-hPxs,0.42503473018156523,0.0,True
yCQol15EAZc,0.6968455042225534,1.0,True
B0U-AXVWilQ,0.7178312801709217,1.0,True
Pr2zekxm1mM,0.638815926225548,1.0,True
zTmvCbUgwgY,0.638815926225548,1.0,True
mzdcUuX-Pi0,0.6362469604182552,1.0,True
eqwvPBE1PYc,0.6689138734303699,1.0,True
UAW3dGzQx8U,0.6669287515333242,1.0,True
GA6CUuZTF8E,0.3552008928887593,0.0,True
459khY4P6_A,0.586265117835611,1.0,True
r_TICTW5MWk,0.5430974535694602,1.0,True
gDF5M27rSL8,0.5713219940807488,1.0,True
sxUgbetX3Ic,0.7550686007540847,1.0,True
do0PQ-RKowY,0.6203333661698254,1.0,True
6aTXmkMlnuk,0.6625214867230729,1.0,True
SHK2v-pkmaA,0.22119830743968674,0.0,True
WhNCdiYOBAA,0.6914661162820349,1.0,True
SkKK0OEEO0Y,0.6794128213483052,1.0,True
MhEeXuJwJ3E,0.4408134113184058,0.0,True
BIE2tSMng00,0.32956548244014466,0.0,True
o06uWyOc1co,0.3754070142838618,0.0,True
63U6hRC8VQQ,0.2832283800924009,0.0,True
ORW_t8ppaF8,0.4314143869375302,0.0,True
g_2qleImTXE,0.35172785026170034,0.0,True
x2AnWv5W4MU,0.3115939423428637,0.0,True
avtNcCYqk-M,0.6728783955867645,1.0,True
px2-lzTZJo4,0.3120484877974092,0.0,True
hCY6V8PuGiY,0.35907888766704643,0.0,True
PN4KcffpZxg,0.6532679351626488,1.0,True
_axaFYXFi-k,0.5562379236033852,1.0,True
hOkuyyj35zc,0.45016037128950215,0.0,True
tP3Liq65ih0,0.6524486174038472,1.0,True
cRq8eG-Fh2w,0.2712644310133524,0.0,True
0GeXsIrM5NU,0.6716077164003431,1.0,True
USIa6SCyAXg,0.6778052999113594,1.0,True
HmGkFOHmusc,0.7788090589161205,1.0,True
55baLGwfu7E,0.7331787260358689,1.0,True
wGc6Mzl3WuA,0.708392091452555,1.0,True
gjMZJiTOF6Q,0.633026097014386,1.0,True
cRE0Yb8pJMc,0.7434632172213611,1.0,True
FlUtTcXpiM0,0.39764819541125435,0.0,True
f12uKqRRHLA,0.3827537218985789,0.0,True
2HPYJl58ijw,0.37821810710744597,0.0,True
B03U_Ag3wpI,0.40341404723632357,0.0,True
RpfH0Rpz-30,0.3984011200350768,0.0,True
XcROT0Hhl3o,0.6159961685823754,1.0,True
8eVQywQNLzE,0.40460697622949626,0.0,True
-bTnq1LMlb4,0.3148843910389308,0.0,True
KsKYw5r5fhI,0.649369202226345,1.0,True
-rfUzSwtwPs,0.3329506160361551,0.0,True
BsU5IUDpOxg,0.7434632172213611,1.0,True
hcwr8tC9Uek,0.7116672402098669,1.0,True
fQlQTrZpEpI,0.6536980029231391,1.0,True
A8Q9hFYK6zQ,0.6075423309850451,1.0,True
rIL8lfC-HoQ,0.576499101508015,1.0,True
luJSvt2nmkY,0.5791440049851813,1.0,True
kH2lVNBySHQ,0.6778052999113594,1.0,True
LoHu306402g,0.7100847860673583,1.0,True
hcAl4mZUajU,0.6254677384983515,1.0,True
nbq3gURFna8,0.316706071592924,0.0,True
mGsnbwF8ytw,0.35609392410091,0.0,True
afooFv14RqI,0.35084358159250295,0.0,True
R_JJMzoL-sI,0.3736364661337699,0.0,True
VFIPKVkshrk,0.42764307508355337,0.0,True
zfMRwy3Ns0Y,0.3664720873183106,0.0,True
JxmMhOwvBWs,0.4376330226754934,0.0,True
H0i9cxYrS3E,0.3562616393482464,0.0,True
rsTGkWOFNtw,0.6009561654203093,1.0,True
fMkuqTO0zE8,0.3600876370237114,0.0,True
pZQF28dqaLE,0.29168485143377276,0.0,True
105nE6VCf2o,0.3969773782033347,0.0,True
dMGslaqusio,0.6009561654203093,1.0,True
lhGLOf4I5oA,0.3479523689014757,0.0,True
cLbtKGI0KMs,0.437787432550332,0.0,True
aaHe21OSyZk,0.3461014852463422,0.0,True
VZCgP8WSW0o,0.38102966578503406,0.0,True
wDKgCNGNxZw,0.2961469161469162,0.0,True
ovS2vZa8Y2c,0.43519009586536905,0.0,True
x6Vk8SNcLzw,0.3058015362152528,0.0,True
5ISB5vZlQmw,0.3120484877974092,0.0,True
1QhFi7m3nXM,0.5275016073307504,1.0,True
tL56pH6YxW8,0.7222334524040281,1.0,True
LsHOQca7rIY,0.40355918511731054,0.0,True
zGOTl8I85iM,0.46628507659270263,0.0,True
A-jKypzG7XI,0.5943983573946776,1.0,True
NGotV8gr0f8,0.36745999554553455,0.0,True
5yWRBwG57Xc,0.37985810844626716,0.0,True
TXmwmOLqqHs,0.6532679351626488,1.0,True
kFM0U9UfW-g,0.19547806910071058,0.0,True
sm2YN7cHXps,0.3969773782033347,0.0,True
mbhCSkODaiU,0.606366299216717,1.0,True
sfx3Fw-MWaU,0.313675254750465,0.0,True
Ojv-aKPWtIQ,0.5260842075262537,1.0,True
ZVua4JKwxI0,0.4059166142281498,0.0,True
7HtQ1iVwNCQ,0.3719002640548038,0.0,True
ug50gnD0ZNs,0.6566478885426023,1.0,True
ZrNvdFT-RKM,0.41772738428501033,0.0,True
-aiyWAYTW-U,0.7116672402098669,1.0,True
YJfAqU278pY,0.649369202226345,1.0,True
wT-hOxg5uZw,0.6744976999799818,1.0,True
Fv3fIgzFCPE,0.6305265185706969,1.0,True
D1tGkEpCBxg,0.38107514763277367,0.0,True
x8o98Hw6UOc,0.6280897809136874,1.0,True
TBQf4aNgnr4,0.9346938775510203,1.0,True
bYLf8lp8T1c,0.2911735219224433,0.0,True
mfAAmbKqtVo,0.31756080970572664,0.0,True
yrUoRE2oxsc,0.2158228966869175,0.0,True
aPV5Enlmafc,0.6767965505546945,1.0,True
8IRbEN14Qv4,0.36284724472795077,0.0,True
e4wB54_ppys,0.4071727718636177,0.0,True
wzhtTM0MFnM,0.5688635465833691,1.0,True
vaN4Jz57a_Q,0.6129058117513837,1.0,True
rt7YTVA0uAk,0.3595867514507723,0.0,True
0ey657u6s2s,0.3466351235158295,0.0,True
kMFzPGIbU8A,0.37655915085592817,0.0,True
d87u16asGd8,0.34555137967346505,0.0,True
ZBmLA8sYdsM,0.3749747361880539,0.0,True
yHqmOutizfM,0.6980640475117317,1.0,True
oxRvV9Iz9hM,0.7178414394407477,1.0,True
KlqMYkc9PZ4,0.5659657275118899,1.0,True
wnXiD_EkDZY,0.5715902105557278,1.0,True
AkMehS3oIfg,0.6361197744510552,1.0,True
rEZuZ-W6sVc,0.6652593211435723,1.0,True
TMil4yBaMts,0.6169900535971964,1.0,True
7eisii0qY6g,0.6851989847428579,1.0,True
_JCHPBmgL2k,0.5873942989404614,1.0,True
kM3Fy5Hwsss,0.6608384773178665,1.0,True
2N2pA-QZ9z4,0.5968568858944566,1.0,True
IPFi983AGu8,0.35172785026170034,0.0,True
oNZr2AK5GsA,0.5751745403792394,1.0,True
4miW9RkbyWs,0.5984197302423904,1.0,True
J4osOV_tFcc,0.6959276612265352,1.0,True
gGrmmMyOaQQ,0.44586461136025896,0.0,True
XzcxTr-etnk,0.5299347043540794,1.0,True
IOZCm-y5DsA,0.6384186250257678,1.0,True
dMklJIE6GNE,0.8782610791800177,1.0,True
8XymbWS5w14,0.4292990523060382,0.0,True
S-ikrdaYA7A,0.4451031406907718,0.0,True
EOhH0bWaZu0,0.33461331694788077,0.0,True
X64h1S6txzg,0.3917278502617003,0.0,True
3X1MlXaenIc,0.24605138607167007,0.0,True
pfu7fS_X3RA,0.16705990783410138,0.0,True
IQ3J54YgEoM,0.38627990974075344,0.0,True
zxecrrDMjoI,0.14102352661969625,0.0,True
3-TaM3oJcKQ,0.36564665928487367,0.0,True
4jHPYifsLu0,0.4236745692622003,0.0,True
2IEnju3kQoA,0.3879322202667841,0.0,True
59-deTEvoos,0.4044321917606089,0.0,True
wfknerVAH3w,0.46391708660149183,0.0,True
SxPwPZ36pYA,0.4314608493775018,0.0,True
uFFdxD6pSK8,0.375514010586206,0.0,True
tkddTnPmfh4,0.4542995852029611,0.0,True
8aFBqj6fRPY,0.5078551293616187,0.0,True
cgRPHHph02c,0.38574420043504637,0.0,True
WUQ8jZcey48,0.45571982229996,0.0,True
aoxmW7bv4sk,0.6132764217673674,0.0,True
L5Nhf3Hezd4,0.5773083258316528,0.0,True
crb6YW6o52g,0.5749843653330646,0.0,True
Z0n9FIhOCCA,0.5734401002978539,0.0,True
Qxnl4xKmo_Y,0.41824453607136125,0.0,True
nkP9rT5cIuw,0.5148497099447679,0.0,True
BFFDipKJuj0,0.4643631586392928,0.0,True
EZafXR2JCN4,0.47194841926959735,1.0,True
UICiXKWaoIM,0.5392253636928013,0.0,True
sUva3jIaMO4,0.506491073663643,1.0,True
N1E9Jz1OnEk,0.4901362759935221,0.0,True
gfkLSII7uXo,0.573101369647532,0.0,True
yke1L-0-suQ,0.4377033608416239,nan,False
NN5iHs8MYfU,0.4473332302072824,nan,False
KhmaP49lA24,0.44686165537727696,nan,False
956lLfYD_TI,0.45531133514729244,nan,False
oi67MLcOLQU,0.48253867148994756,nan,False
voSHklwk6Cw,0.5713127080866063,nan,False
RqRZGUrJ7n4,0.5346246970185654,nan,False
_4Wp-eYYi6c,0.3653993728488395,nan,False
MbozwN6VVjI,0.41913283859143735,nan,False
LUH9oKeoFc4,0.5060221919960146,nan,False
7XnhpQZ19WE,0.38574420043504637,0.0,True
rauw_Ou_9Kg,0.41913283859143735,0.0,True
EY35y-ASMcs,0.3817974264792841,0.0,True
7oQywt8_31U,0.41681689514921405,0.0,True
MyVsSE13Jt8,0.5282291675285242,1.0,True
yW5fS-NcPUA,0.3923399709067291,1.0,True
G9EFXT2r1PU,0.5520405147585234,1.0,True
Z_wfYkQ5TH4,0.4473332302072824,1.0,True
ncRL5QySkmo,0.5550616989832606,1.0,True
AXrNOIkdvqM,0.4820548509716063,1.0,True
CgMdAvn5lkM,0.45176077999989817,1.0,True
DAWjdVQPW8M,0.5474558467861331,1.0,True
dwBsx52JpUM,0.39164435932876457,1.0,True
teiVoBQ_pVI,0.3603985783152307,1.0,True
ekkt_HahPGw,0.4706921409939383,1.0,True
wOp_SCOcC8w,0.5074886577257487,0.0,True
ahI-cwldZ5g,0.4702624117484538,1.0,True
LTAPmiRlaJ8,0.3909224486063545,1.0,True
s66qCkzgzbs,0.42175532621391937,1.0,True
ocqE3ieAV8Q,0.46661354681909034,1.0,True
xMfQiPhXUtQ,0.5158117676602112,1.0,True
ReHqztlF8xE,0.5398013664464257,1.0,True
Vj9cYSPj4YA,0.45616162866660837,0.0,True
bI233TfkHQk,0.46661354681909034,0.0,True
MuxoTlC7_ZE,0.3909224486063545,1.0,True
_9q0wNMlntQ,0.4362858385412493,1.0,True
LVBe1o3GKPs,0.36443219176060887,1.0,True
ZHzaHpS3_SU,0.4148572671126779,1.0,True
dQd8-FzMxW8,0.3560722920120567,0.0,True
SMOY4Xm_Jg0,0.40859029416399234,1.0,True
jlilCmKEsYM,0.41003059358373495,1.0,True
-4eNTYpWOVc,0.42829113312709044,1.0,True
-fcnSMcRNaU,0.4500856183521904,1.0,True
Lhur2mWdZxk,0.44255114458205275,1.0,True
NhC3yqnxd6Q,0.3909224486063545,1.0,True
_cJieM4RAoY,0.42734518565672125,1.0,True
1ZM0NRIzWdI,0.4032259979078555,1.0,True
oqlWu3KZIkc,0.35208984121192655,1.0,True
00EgRXs8sY4,0.4071727718636177,1.0,True
Zs_r__wWhFA,0.39676529856685155,0.0,True
PkxvHmT_gIM,0.3962867448624914,0.0,True
ehzELA00CkM,0.43293261840237846,0.0,True
JX5zEyFAS3U,0.3662117050112097,0.0,True
7CLakDu9sfY,0.397704267162866,0.0,True
q1RMrCEgRu4,0.387161722735421,0.0,True
K8LGeUeLNzg,0.36564665928487367,0.0,True
0Ls2SUAVLJI,0.31519033381222494,0.0,True
0hrm5eBJ4G8,0.4996845820986649,1.0,True
LIF-z2w60ps,0.47388185739747896,0.0,True
iwXq_0zEaJQ,0.3446966415606624,0.0,True
-RR2_B_4Ns4,0.41913283859143735,0.0,True
Vs5A9sfL4Q4,0.4662621064991976,1.0,True
Ggpjft7fkQg,0.45931395762957516,1.0,True
jwn1eme8zHE,0.481278109070839,nan,False
WP-oN5C2uu8,0.36584971406098343,nan,False
TixvhJpmWWk,0.3962867448624914,nan,False
xoJ3wCEBeMw,0.48813519046752135,nan,False
cZEXoMlcZes,0.387161722735421,nan,False
aE2E2Pw73T0,0.4057322449856075,nan,False
irUr4dJe1uU,0.36429583222036055,nan,False
XjX4lBvz1b8,0.5178882892355378,nan,False
zwGU6vKm6RA,0.48246771598333754,nan,False
TzoXNLnnvko,0.551114530363447,nan,False
6T4n45l8H3c,0.5873942989404614,1.0,True
HKrriaO8c5M,0.6152095669337049,1.0,True
XhionTCizIk,0.793704632914193,1.0,True
SUxI3otE0Yo,0.6211633075524671,1.0,True
KDsXBGAYSRo,0.2794288158256509,0.0,True
Vem7pOWFdbs,0.17013416690836045,0.0,True
B9vxYtwf6Sw,0.572375425126646,1.0,True
MLbrj3nRZgs,0.3705513796734651,0.0,True
GQFxymRilUo,0.4278319642793719,0.0,True
tCIiWdnH738,0.40431472268523283,0.0,True
Mq2kERS7ppg,0.5798205133673114,1.0,True
sAdFPFhVXF0,0.6388121916693346,1.0,True
PqDey1LDBy4,0.5873942989404614,1.0,True
mo7icktgbwY,0.553745968950668,1.0,True
BtBaJCEnso4,0.5779999081704839,1.0,True
Chx5eo0x0vY,0.2669739500083562,0.0,True
X8svPu8NSvg,0.3848910023149744,0.0,True
GeAYNV7ClCY,0.5538395698418759,1.0,True
675kEnUxcic,0.41627478941305246,0.0,True
7Tm2_pMRK2M,0.36834416566204425,0.0,True
7PmmFsaPGzI,0.36834416566204425,0.0,True
8mkIyamsRhg,0.15702995044171514,0.0,True
CLtC3ysPvro,0.39161038118632435,0.0,True
5vN2HBpJw5o,0.3160427946976943,0.0,True
KHW2B-pkHUs,0.3248814112782463,0.0,True
BT9FbBgu4HU,0.35666921411868074,0.0,True
E7eG0FYWm3Y,0.3347464922227844,0.0,True
LshWLOH6BhQ,0.369445712667649,0.0,True
RwKx4_bJDCc,0.5981644670729118,1.0,True
UVboDE1M5kY,0.39161038118632435,0.0,True
esCr0P8bShg,0.3676624860329962,0.0,True
fsRU2N5SLTE,0.5783232242278525,1.0,True
kP-GO9dWY6M,0.5993209834086098,1.0,True
nAS3JZXX2HY,0.3287471361966029,0.0,True
qWsOW-jcIxw,0.6178915056587964,1.0,True
lG_5vkHWqLg,0.36834416566204425,0.0,True
uUEuDxO1ksE,0.33461331694788077,0.0,True
qjoNfqArTxA,0.6058237547892722,1.0,True
zUF_95mJ1ms,0.5813691400656236,1.0,True
gnqOzxpWHNA,0.5549871065904355,1.0,True
pz2HQSNYq4Q,0.41497473618805386,0.0,True
BlSqZmcPNcM,0.3976379672787576,0.0,True
2ykZ24i8KeI,0.38692922372555705,0.0,True
5DkNCNp9-OY,0.6151639796875725,1.0,True
wcVyVciUsnc,0.6151145235082446,1.0,True
St6STCZTHag,0.3803799041789095,0.0,True
wpEsn7s0Iyc,0.7219481652591659,1.0,True
SuNWt-S94Bk,0.3252636467194564,0.0,True
kbJ5XuS5vvY,0.6223338719652084,1.0,True
ieNU-EvLKXc,0.6448140975653185,1.0,True
1_aD2jBcvyQ,0.6232924539168875,1.0,True
lDHXXgc8sDY,0.5993576354105641,1.0,True
FvaN35FfZPQ,0.6047131651458952,1.0,True
CGCrnfh8NNw,0.6385838719652084,1.0,True
CzPzRxDoirM,0.6584827008720425,1.0,True
SQukxrbTuQE,0.6455309680908854,1.0,True
QoHBrIxTJHY,0.37303985893613784,0.0,True
z915K8eQvkA,0.5793763095468852,1.0,True
E0MqtXW3WgM,0.3497736434118578,0.0,True
Ry4RgbtpWto,0.5787040838858206,1.0,True
GBxs67h4_lo,0.5574343215593002,1.0,True
RiHMY4iASUU,0.17342109381792886,0.0,True
zCIe84kfz5M,0.30900839540523045,0.0,True
cBfRBJTT56Y,0.10628205128205129,0.0,True
SIipGCrOYC0,0.16950728139351606,0.0,True
3lWiwaOrQXg,0.21195768339052865,0.0,True
FaRrb4H-xLw,0.0771764705882353,0.0,True
3-hn58ujxKo,0.14440623428858723,0.0,True
tsrtAsTnaag,0.16627195027195024,0.0,True
LB96H4h9An4,0.31416191695474754,0.0,True
Fle_aVdLOFA,0.5741428291596484,1.0,True
J3Mc4HJiYR8,0.35307726679114093,0.0,True
AjxTsw1ISn8,0.33608192096504896,0.0,True
fV64BGAoyIs,0.2846133169478808,0.0,True
5CS6ZlEAc98,0.2331491336029914,0.0,True
sLzAPfYmhMk,0.405491538747457,0.0,True
M-yhdFXljTk,0.5574343215593002,1.0,True
PyQwBfcCcd8,0.3248328686579073,0.0,True
mtiM3Ev7a6Y,0.2510048411459148,0.0,True
muPKztGPnF8,0.5808322738675262,1.0,True
62n8262JrQU,0.5657892161729503,1.0,True
imlWgjAcKbE,0.39312631059983905,1.0,True
XnWfaBxA46E,0.3446966415606624,0.0,True
F4bJPGYyg-E,0.4381638447714759,0.0,True
hEaOmenhYg8,0.38358240336358285,0.0,True
2MtDSla8ybk,0.3381581800222008,0.0,True
vnAfLdcj410,0.4897547884942969,0.0,True
57x7TBGqT4g,0.3679636534540295,1.0,True
xbmzU6WoJng,0.5280676831970308,1.0,True
Iu5DuV9MBbI,0.3962867448624914,0.0,True
HYFmYXeQSII,0.38358240336358285,0.0,True
e62NUsZyyN0,0.35172785026170034,0.0,True
vK2TujPj1l8,0.44517018347273074,1.0,True
gAIYY_HU87g,0.5019946827052552,1.0,True
QJ9VGMNNVHY,0.41056507837779266,0.0,True
CSHCdiwAK-8,0.3841330307237069,1.0,True
SUajsV2jYck,0.34555137967346505,0.0,True
xNebsbxTwQk,0.12228205128205127,0.0,True
wiUeAWdxOro,0.30125865693393006,0.0,True
1I9DblKdvW4,0.34633024855614414,0.0,True
iT6vR4QpQYw,0.3602823630287368,0.0,True
t-v4D5uC2qE,0.36564665928487367,0.0,True
i6Y7np7-KjM,0.36443219176060887,0.0,True
U-VmNjx7fqA,0.27398982302422925,0.0,True
-vDKIG7OD0M,0.3490919637828097,0.0,True
IEKtUqkgpls,0.5568052239569946,1.0,True
UifClrxhSYo,0.43586689070284795,1.0,True
RbjMdiHnXtA,0.46780129234292456,1.0,True
NTq96wwhaf4,0.4324652414183464,0.0,True
9HkO8masPT0,0.5534696832006494,1.0,True
IvlFNqLB-GI,0.5401904033631394,1.0,True
zHJ-GhP6EGE,0.5618512824443177,1.0,True
hLjoP8i2izc,0.5142049691794325,1.0,True
h521l2UyWLA,0.585950482746907,1.0,True
lGyzfOs8R9Q,0.597389975046421,1.0,True
aIUAAqnZRkw,0.4530198906526599,1.0,True
vA3VsNwJBPE,0.5573616563352373,1.0,True
WJ8Jj44ehWE,0.579951740261127,1.0,True
a0eALIndFVE,0.42734518565672125,0.0,True
WfO3nfVbPDE,0.4627520039547831,0.0,True
Y-au18wkCEg,0.4244803055052649,0.0,True
sQ6_1P33gEE,0.5327421645069489,0.0,True
AqfgImiv3yE,0.44014227650592713,0.0,True
1FfYu2NtMkE,0.5067075238800932,1.0,True
-8ZVeS63kHE,0.5410494556391879,1.0,True
Ac3b4vmYJks,0.6020825806323905,0.0,True
pbUe-a-8qOw,0.29530183169866675,0.0,True
DfOXJEcPxCY,0.31951711502210944,0.0,True
xkKT1y3mTu0,0.344087364174402,0.0,True
4_AtI_z1g08,0.3721489216127109,0.0,True
4d0zRxyPY14,0.19190385243861852,0.0,True
60QcfA_nzms,0.3399375354425299,0.0,True
glwv9qa1-xc,0.38369896611771676,0.0,True
aQHCTMnn768,0.2743518139744555,0.0,True
HgB3XI4e4pw,0.35269503134993097,0.0,True
dmfSnF83Dpg,0.3032156797909484,0.0,True
qucEwR7ddfk,0.36564665928487367,0.0,True
k-9-ktRBXrg,0.1355007457857574,0.0,True
YjE5qQnG9OE,0.24253225629282885,0.0,True
lE1qB2CJZJg,0.3454183944528007,0.0,True
Rt6XuIPOVzI,0.33618378168877616,0.0,True
HO1_fJ2kFYI,0.4295664596698995,0.0,True
sBM-dhwqwBY,0.3453018316986668,0.0,True
TpLzT0HvGU8,0.2107406953633369,0.0,True
Yzm4JmEYNR4,0.3761892037123186,0.0,True
ohRhBQeForo,0.3832557211723736,0.0,True
KoLL2j9UGpE,0.35208984121192655,0.0,True
aLkhFBcIa1U,0.19547806910071058,0.0,True
LGRDJuXeQPA,0.3444093471557209,0.0,True
0Cej5r8lWYs,0.5179856807036894,1.0,True
csJFEBE0I-c,0.29000773551272996,0.0,True
xR50i2oYVKs,0.5090054556719058,1.0,True
4VImB_XgplE,0.5766964875441934,1.0,True
opRiFBcx0tI,0.38778463708469796,1.0,True
ND-__fpyhuI,0.4740706062431812,1.0,True
5CUXjmsA9kM,0.4564626319375127,nan,False
S5IWvZv2iy4,0.48388248343304163,nan,False
EGG2bhm5mNI,0.48274002432016194,nan,False
nT-rRsNga5A,0.6144471091620056,nan,False
C4_XwHi71F0,0.4954924541854302,nan,False
FWqfteISoG8,0.6843005209076638,nan,False
32iYysmpW2k,0.3962867448624914,nan,False
FNOwOvYPMco,0.397704267162866,nan,False
ZiJfopDlS1o,0.5674389670232596,nan,False
I3oUE5cX9Vo,0.5288215525284776,nan,False
uNdcDbMo9EE,0.43293261840237846,1.0,True
LPZ1_zOgWuo,0.4311102911308147,0.0,True
nFbd9BTOThs,0.4754460555150586,0.0,True
mw_Cn69sZlk,0.41913283859143735,1.0,True
uoGkRWdb46A,0.415307206950222,nan,False
oAvwijVU4x0,0.3923399709067291,nan,False
hFwT8g__q1A,0.3311380462305256,nan,False
juWcv16Asf4,0.6517534459573038,nan,False
dwrWSRpG77Q,0.4538938128469178,nan,False
WeVNm62naWI,0.5040783127712888,nan,False
PZUZG0gUDRc,0.4043740824358462,nan,False
z9B5Rhpyj8c,0.3817974264792841,nan,False
cQt5Y6jZCOs,0.3691947285361321,nan,False
C7uhj32TJkc,0.5094971609468443,nan,False
nw7z12FLviU,0.6022957825055393,0.0,True
ZLe_Dkhufro,0.39689809291640743,0.0,True
HKhMtDNas4s,0.43293261840237846,1.0,True
RAHugAJHbVs,0.5565922437002591,0.0,True
8UI4eA7sSxo,0.4377033608416239,0.0,True
13K_3ytDmvQ,0.550321262032342,1.0,True
seZ1VWDMgEY,0.5261434995640915,0.0,True
29qP-S3GH6o,0.5991230490245909,0.0,True
f1hJRa5JIvM,0.5108815044111521,0.0,True
nDDtOa3dv_w,0.5129912642850688,0.0,True
FK82ZTiTBa4,0.5779131757400939,1.0,True
WFMf6slzzUU,0.4341813518322347,1.0,True
80mZxHTGq9M,0.49373375178094187,1.0,True
1ExWh4zm1zg,0.37082490745618174,nan,False
gf09vjWp3E4,0.3753367271382801,nan,False
K9y6N4fQ_xg,0.42175532621391937,nan,False
lslitxKGYsQ,0.29173933724433165,nan,False
9abMMfSpnfc,0.289747189634042,nan,False
vZrc-bfHoQg,0.32589907736542545,nan,False
KQ0L-17d2nU,0.11054545454545454,nan,False
rADxGBILfFI,0.3293532229914374,nan,False
MyYnhbjD2qE,0.36263238563937156,nan,False
t8baExoTIFA,0.2663425118475063,nan,False
qvNIMQVan-Y,0.2862188922375293,0.0,True
hFXq1f9dpJk,0.6880113262313723,1.0,True
YbSnFMa_peM,0.6382723789620341,1.0,True
MCBNRDr6qII,0.3337071850502517,0.0,True
yNWufRVAAPI,0.2437309087588777,0.0,True
HCDS3Fwagu0,0.324027924027924,0.0,True
8dIQIO6QWSQ,0.6406560408711245,1.0,True
w1xUiWhR5x0,0.6212446459044288,1.0,True
JNG5JhRA8kk,0.44246862230457956,0.0,True
xvzhNJljvjw,0.36552763007264144,0.0,True
aFlYV3Hq8HM,0.6363063253438961,1.0,True
y-27qH8fmik,0.619915376739697,1.0,True
D7GPFSJ4VN8,0.6737030165601594,1.0,True
4pafk8giHTE,0.3131947358665169,0.0,True
5xgN1qScPAg,0.5918291750718008,1.0,True
1g-a28m9nQ0,0.3139247311827957,0.0,True
3ASL3jfaTiM,0.5888949027713313,1.0,True
XzrMGop8sh4,0.3805131471662912,0.0,True
bvbSMkuT3qc,0.2566565656565657,0.0,True
mN1M0zs3YAk,0.6354430244085416,1.0,True
87j07VQpD0M,0.6170073293207621,1.0,True
9h-l_uBr7dE,0.7151770765948292,1.0,True
OyWYtWlTu5I,0.2107406953633369,0.0,True
hutqYMwHEq0,0.3326060498641144,0.0,True
SRcFYHjQsIM,0.2829216624266569,0.0,True
9z5DCr9ZxPg,0.7483926478045951,1.0,True
c7hGRsZittg,0.21034293396557543,0.0,True
FqKsMcswGdo,0.8161657064486167,1.0,True
ts6S7O6etN8,0.6159985799640972,1.0,True
OMlNuWqgPq0,0.6428495724308532,1.0,True
pyo50QGmH_s,0.5010556625546163,1.0,True
NyJya_ZAdSI,0.550511080749652,1.0,True
Gjw6aWrVpxo,0.7125558304129733,1.0,True
-Eq1RwUClME,0.686913425244706,1.0,True
fxvtq7pXdek,0.3534929451460892,0.0,True
WsHt6-_Pk40,0.5688791167443839,1.0,True
4Fh7Tylyu0s,0.6597976393691367,1.0,True
sBj_JQWTqw8,0.662630675620464,1.0,True
QOnvKIjOy-k,0.6007071090731735,1.0,True
UD4C5mEHkVY,0.6736580064480631,1.0,True
ywDXrSi0RKI,0.6008898542464226,1.0,True
NMIiq1ZwjB4,0.7420006850632181,1.0,True
VVcJ71qlC_o,0.6229790898974499,1.0,True
1toiZA-qd5M,0.6688338277751256,1.0,True
e-2u-fLDAsA,0.6010508627750006,1.0,True
mG04UyUfIDw,0.4152745480431972,0.0,True
FFoHh3vBpXU,0.39036648588904327,0.0,True
OgLrnRNIP9E,0.7039674413770631,1.0,True
jx7hoSaWBr0,0.5841645344146974,1.0,True
kW0ZUdKaZc8,0.6726835664335664,1.0,True
7LWXusfFu0Q,0.6323014796149125,1.0,True
5FTDMjRVJrg,0.5591803981459154,1.0,True
gNiYdVUR-XY,0.33617476658848316,0.0,True
gf55TOc6lpw,0.6082166285501888,1.0,True
glMaU5Q6KwY,0.4198505630974241,0.0,True
1zXLwyUNAVc,0.24408557034363482,0.0,True
99J0tQOV5ks,0.7063639211665528,1.0,True
AcyWEvK2b1o,0.3817974264792841,0.0,True
xjaXPq6vxBo,0.634162741459802,1.0,True
ci2uCf-HqGY,0.6321648338889718,1.0,True
fKPF5qChnd4,0.3455048864747766,0.0,True
v5txUd43pjo,0.3340940466676951,0.0,True
lQ1WG3PZ3hs,0.3887349768609475,0.0,True
F3WPWi490zM,0.36584971406098343,0.0,True
ZFPYVioDSbY,0.615894553207986,1.0,True
kYpCcUdiiIA,0.3421991507877787,0.0,True
vLrYASK_Dv0,0.2882164335618067,0.0,True
TJjTjbNIeY0,0.38359980236061075,0.0,True
BT6uULSRGpk,0.6011158820168832,1.0,True
UUNHvt4HlhM,0.6040904540904541,1.0,True
FWhygoIrgWY,0.2634209278853242,0.0,True
o9Nh1xjEnLc,0.28231254287066826,0.0,True
K5hOZLPR6Ws,0.5908321221277573,1.0,True
fE0frCNDccQ,0.6919733626588465,1.0,True
O0MZRk1Scw0,0.637812876778394,1.0,True
itmN_N2Hh7U,0.6388400488400487,1.0,True
oul2wQo1L_k,0.5607083516310392,1.0,True
KLlrvuHKxPc,0.3393197831612444,0.0,True
tvGbQSAjcUc,0.30825337499615,0.0,True
cyha7pyx5e8,0.4328616325024228,0.0,True
BATqunIR2WA,0.4137685423353005,0.0,True
WWm1fyK6zjY,0.3273494092301153,0.0,True
Kfoa8ZISD6U,0.41853707033862336,0.0,True
YGz30B_KjZA,0.3381581800222008,0.0,True
WryZEhizgLs,0.3810028185281865,0.0,True
iW63vNsF8ck,0.4377033608416239,nan,False
WCZcEad2DzE,0.5360038376044217,nan,False
qEqPM7sYFzg,0.42543308394870555,nan,False
ngQDBJJUV2I,0.5025019290820667,nan,False
0araRth0DzE,0.5372403390887827,nan,False
M8eApulh1sQ,0.43377166992795724,nan,False
hOaoEqbHxI0,0.6428235972936434,nan,False
j8KpV-4_mRg,0.5146542073217859,nan,False
iH9KW7bbfuU,0.5771536005741924,nan,False
Bg1loXStY3U,0.5642583928082027,nan,False
Im8-ymK-T_Y,0.6700901792779672,1.0,True
gADj-r1t08U,0.603367077814762,1.0,True
ZMpEeE0v2y8,0.5753072370641298,1.0,True
YO45xBbS79w,0.6737030165601594,1.0,True
bxFKaNCMwls,0.35102936929541656,0.0,True
2Wq8I4ldEEk,0.31926806132264474,0.0,True
OvcjZpGA_Dc,0.3313830226754934,0.0,True
vko-EojtRlE,0.3173208035621829,0.0,True
RBipReqUD64,0.6518505353581523,1.0,True
TIGgp2syYdE,0.6515238148550957,1.0,True
oeq7v1-u5Ks,0.6590995724308533,1.0,True
ZESCeVZncsQ,0.3743366765780559,0.0,True
T42dnSJueRk,0.6038070887011667,1.0,True
U8AR5RQgCiM,0.6590995724308533,1.0,True
DoZaFH4xWhM,0.7909342214455148,1.0,True
3-TnG9e5j3Y,0.16627195027195024,0.0,True
LMfjBYUizOg,0.32919747740874683,0.0,True
X6V5NHpTbaU,0.32733486000243867,0.0,True
HbHZZ7Fl8vM,0.40991025178706036,0.0,True
gRqeedW-UTU,0.3455891802118217,0.0,True
KrlM_-_viw8,0.40119813782941216,0.0,True
5vXqvcxarsg,0.258207434142918,0.0,True
4hepNok_AH4,0.23303787771315082,0.0,True
knbIvUFzI5s,0.3003407560368125,0.0,True
vijXHSouzs4,0.2531483466477905,0.0,True
DhCnjHSm7I0,0.2811158733739379,0.0,True
hsGJ72Tuu40,0.2808950205702937,0.0,True
S2CT54KbqZc,0.12182750582750583,0.0,True
x1SjuPxc0PE,0.29561749804944,0.0,True
2pjNVBsBHQo,0.27713473942875033,0.0,True
yzwz1rJ5VXc,0.2567899118425434,0.0,True
6scwVXFrqcU,0.2866734376920747,0.0,True
3lAeRbs6TX4,0.3066838958143306,0.0,True
c5VBqNUCjew,0.5483828281319432,1.0,True
vVM3Df34hAk,0.5308992855527782,1.0,True
7LGvd4vQaa8,0.5469654283274467,1.0,True
eltC4rcvko0,0.32731659966580007,0.0,True
afEkUziFQ8A,0.25724445729708884,0.0,True
R72DVj10VoA,0.25866197959746345,0.0,True
ibSrNwSZ8n4,0.2644303979298418,0.0,True
uvu93OcPpk8,0.6692276021080368,1.0,True
_P5buMPJD9U,0.7525949362781136,1.0,True
meBLRas1ZZo,0.3528943787711873,0.0,True
T6Vlag78jEk,0.3778304414832762,0.0,True
ZA0iTaBsLZQ,0.2960720435039854,0.0,True
5636N8UKiRI,0.3555405370986625,0.0,True
MxO5MA4M-II,0.32919747740874683,0.0,True
UhnHZJ4fOmw,0.3647941827108351,0.0,True
A4BdFD0j1SQ,0.32731659966580007,0.0,True
_Q3k2PgSmh8,0.3034015140767872,0.0,True
wXzwRfSsYfU,0.28405160730742124,0.0,True
grWkqWiyIQA,0.29561749804944,0.0,True
pV12qym-m0o,0.23280351906158359,0.0,True
ndeYGum1Qrs,0.2835878100468519,0.0,True
1KTkx5QTMkU,0.7581327829487016,1.0,True
fRsT9bM4g0M,0.6728926748281586,1.0,True
vY4HPp8-8ys,0.41241309610957994,0.0,True
A1PjlfFtwvM,0.055647554095977624,0.0,True
qIKdOC885cY,0.36879826559981854,0.0,True
qit7A1zDJaw,0.22119763646184737,0.0,True
nuTODHwUXYY,0.22353305965933953,0.0,True
FQe8pjrv3Zc,0.18794446932377967,0.0,True
DREipZsVQvM,0.22000425513053495,0.0,True
z217bCsEcjo,0.15143282655910642,0.0,True
Ircjqj0EqPQ,0.38102966578503406,0.0,True
Gb4x10a9iNk,0.2813106759010594,0.0,True
DiCcJH39dSs,0.3396849927122626,0.0,True
L69kBL7CBmA,0.32120223409157295,0.0,True
Ze5jQ0A0lVk,0.19143282655910643,0.0,True
g4od89pQr5w,0.2158228966869175,0.0,True
WmQTeCc7lp0,0.23675579870786062,0.0,True
-oyGYsk7O7Y,0.2708098855588069,0.0,True
K6pC0GDohCE,0.39573112431928303,0.0,True
Ig7noQElYno,0.3584442638081513,0.0,True
cyEYvKDiJA8,0.39409599823416885,0.0,True
8Trzz0C8Fyk,0.5304521263823788,1.0,True
e91QIygXYvE,0.43158984903931563,0.0,True
nrAd6HxL8wo,0.30196759476370383,0.0,True
iEnzhly06Ig,0.4016345339857228,0.0,True
J5mfKvHZsO8,0.33911544396166726,0.0,True
dI7JZLN-CJk,0.37082490745618174,0.0,True
n7RtpEoRdC4,0.2656420809062918,0.0,True
zSigs4nA6Uw,0.2865170467812577,0.0,True
TQrMlu-kNhc,0.3909224486063545,0.0,True
g3ZkCsXBM1M,0.4314143869375302,0.0,True
RDa3lgs916g,0.33593618817756743,0.0,True
vg0sd6X1EiE,0.6123802123802123,1.0,True
NBzSTcQEbAw,0.34769423681632217,0.0,True
pCnwC6PqLCM,0.3124334562398027,0.0,True
SQtZo4SvBzw,0.7386552427249778,1.0,True
gAeR_UrquaQ,0.6661789109715377,1.0,True
g1vWmGkbAGQ,0.624071970298276,1.0,True
bXaqwJ_lfe0,0.6434461862523756,1.0,True
i81OX4iXjL8,0.5708612534418986,1.0,True
0j7RMBfuVsw,0.41627478941305246,0.0,True
ytwc44zVurA,0.38467324347274817,nan,False
iuky9ddCM7E,0.40859029416399234,nan,False
qjeJPfxHo5Q,0.3767017432593693,nan,False
GOZHRHmps-w,0.38467324347274817,nan,False
S3iEfMq4nl0,0.3817974264792841,nan,False
5H5M4wvaxmc,0.479551143044048,nan,False
MGZwPerkdXc,0.5077101139765098,nan,False
d2lU3FGty8Q,0.4411504580144789,nan,False
hhK4QF8ThaY,0.5779131757400939,nan,False
HsAuMILwLRg,0.41913283859143735,nan,False
CaRQ3DpnoEI,0.3695568728508838,0.0,True
KUBEn3wZVxw,0.3700776395770834,0.0,True
vSudPOyh3Pg,0.37823197157155,0.0,True
QeiPiJag7-E,0.325202740393303,0.0,True
rSXVZaop3b4,0.3944342177282286,0.0,True
uNsMWP42IOs,0.3385258798183506,0.0,True
c6TnTMKtnZg,0.30235409524596263,0.0,True
aC5fhtWMVDg,0.3534929451460892,0.0,True
Z2CMsvGsyok,0.33090928257911184,0.0,True
dyTvXnTtigM,0.5735600101061725,1.0,True
_78Gd7DfyFU,0.4076565007177651,0.0,True
MptQ6V_3PB8,0.40385405923585604,0.0,True
OEndyX-dW2U,0.4130207969739019,0.0,True
0jbqnzRvDos,0.30701826527828163,0.0,True
0DCyqNLxiJs,0.43113159242191496,0.0,True
p5BBt0x0OFM,0.6166745677743363,1.0,True
PpKSM9OomgE,0.39490249497069946,0.0,True
bA038eiwiOk,0.32398982302422924,0.0,True
y37v2_BYbgE,0.35258888650009507,0.0,True
aZd2SQZl5rY,0.3058015362152528,0.0,True
kBiD1ZuzWuQ,0.2792802380408106,0.0,True
7K6I4r-qipQ,0.5017517475580979,1.0,True
Z5OXy9w5uMI,0.5942958510294224,1.0,True
IcDGRsegaEg,0.6277842527842528,1.0,True
B7p3ABfiO1I,0.5843341751286386,1.0,True
wnclVf_ZD1c,0.6891547705781558,1.0,True
qMa2HOzL3u8,0.6433966977608219,1.0,True
0wCBiEAJKe4,0.5940756936983351,1.0,True
7Aj2cvShFEM,0.6568930686172065,1.0,True
fquPoYXVI2o,0.6290985302703523,1.0,True
0I_bo0dViwA,0.579254143291714,1.0,True
9944JU7u8Q0,0.5546704642468113,1.0,True
5mED8JIF-DI,0.349252954385341,0.0,True
Jb953Gu18hc,0.30743512752216534,0.0,True
vcdOcfMZniM,0.32363843874625986,0.0,True
g7eSn1xibE0,0.30555424977921863,0.0,True
owG6mNyBWS0,0.6197365716720555,1.0,True
pIQk0ct-Whw,0.559646835775868,1.0,True
X7lKlIExGCs,0.5482838469908689,1.0,True
LBqOiAcRvss,0.30652063633384047,0.0,True
L-806UmjCJo,0.32176304342684175,0.0,True
1GQSfMUpH0c,0.3733258488075583,0.0,True
ooXw4o_xfdg,0.31390837041414515,0.0,True
Ykfz_Vpt2Q8,0.348559175887593,0.0,True
WS3ywmABNm4,0.6575259085625795,1.0,True
iwcmdaLB8r0,0.35731030271652303,0.0,True
0oBm1wgdpSE,0.6495605548507752,1.0,True
iSVNT9a9nL0,0.6413890853443357,1.0,True
7f-mJNdfTc8,0.6245722594170555,1.0,True
5oegWJTRS04,0.6086651497914297,1.0,True
orygyVsdh-4,0.6340057616488061,1.0,True
FI8ytziMrNU,0.6213971168404665,1.0,True
J6erlHJREkc,0.6035369446632246,1.0,True
qO7Mabtu46c,0.4542997254496216,0.0,True
Brdc4MQkgu0,0.6036360607806449,1.0,True
K5Op5M_CbcU,0.7093683896351543,1.0,True
Td7QLWvSX6Y,0.6152572961582973,1.0,True
Yb7dBpndfiM,0.5927952471985525,1.0,True
KbL76MBK73M,0.5744195651092203,1.0,True
EXoxSSwryaU,0.7116672402098669,1.0,True
srsETc4bJFc,0.5657492772954397,1.0,True
jffNnS-FidA,0.5930187819842992,1.0,True
qK16tNaTMPY,0.3909224486063545,0.0,True
-CDUtENR4LU,0.529761377269094,1.0,True
LnpQg38EeDU,0.62003781454537,1.0,True
KAhA-s4oSpU,0.5565735846695367,1.0,True
i6fcSKZUXUU,0.5938039965552174,1.0,True
lSwIUCrLCQY,0.5573798689260313,1.0,True
8lIqED1RHBs,0.5927952471985525,1.0,True
hoR4AHeLpgA,0.4236745692622003,0.0,True
etHyyR-MKWw,0.44999831967573334,0.0,True
3dZw-kbP7h8,0.5496550798177929,0.0,True
HfehQ1QwW6U,0.48586258481977174,0.0,True
7m_K00GN54U,0.527787877882526,0.0,True
ZUG9qYTJMsI,0.4412621064991976,nan,False
jgogLy04nyo,0.34522623886445325,nan,False
uvymhHk9FCA,0.5889272045468794,nan,False
NTlYynSipnA,0.3741236027785023,nan,False
3A7eQshM90c,0.4328328637978533,nan,False
P5wYWzCkCU4,0.46641814037532725,nan,False
oNzsFX9Dnm0,0.40501097479215425,nan,False
ipk8VqOXfcc,0.3753367271382801,nan,False
vahKoyYBrCI,0.46641814037532725,nan,False
jIZ8NaumceE,0.40907402301813967,nan,False
H_uw5-7y5qE,0.4138983350106821,0.0,True
jGBWtmo9Gug,0.30364409914909357,0.0,True
_xoSRvCJUco,0.3150756136094637,0.0,True
nGUQV39rB2w,0.32442802129204207,0.0,True
JAwyDgFqk7M,0.32235303040217,0.0,True
r4IA7_oJTJY,0.4071802905646349,0.0,True
45c-nj6X8V0,0.3244164660696101,0.0,True
tEBR3-0crPc,0.2866734376920747,0.0,True
u6a2kiTZKXA,0.3473164745578539,0.0,True
Yttze5DtqDc,0.5642818057622008,1.0,True
-2YLr8iSCXw,0.37408214283967794,0.0,True
aqQRToKfVfg,0.5992645278526866,1.0,True
nKDibukyV4c,0.5822958334646373,1.0,True
7FjZGkbNweg,0.5833254257719738,1.0,True
2FnL9F09Su8,0.2603429339655755,0.0,True
6CAEJEOvH_k,0.33090928257911184,0.0,True
GeTf1pvKKcw,0.23447409368670327,0.0,True
dc7LwnSQxaU,0.2669739500083562,0.0,True
LZsnz7UCVwQ,0.6085035800209351,1.0,True
9ubGEmg-X_w,0.6880113262313723,1.0,True
eBhLKWlYlq4,0.32563319513263894,0.0,True
p7SEXw3_1sM,0.2849247311827957,0.0,True
N_PY_vsUi7A,0.3058015362152528,0.0,True
PWeflIaDohc,0.32321789321789324,0.0,True
-Y7EyZ1wL0Y,0.34544050700638085,0.0,True
J_n7L-xlKYU,0.31781335243599396,0.0,True
rfxrGpzv-LA,0.5607929026658872,1.0,True
ccaYoulpeTs,0.6040277588478487,1.0,True
MfbteePNcqA,0.6252376321323456,1.0,True
_a2sSbMxbjs,0.40919654690232254,0.0,True
mCAB7WrSWpE,0.4269293587007998,0.0,True
v3mxFaPv3O4,0.3296783638004491,0.0,True
wL-LZa5KIWE,0.2675635667014978,0.0,True
NzQn5Q_qr3E,0.349373232422372,0.0,True
Sm1ruiZMygY,0.3955972062902252,0.0,True
5wxtdfAFw0Y,0.21441537317594572,0.0,True
RtDJzpQ-7rk,0.6056742254674427,1.0,True
Eaejj5xqY7s,0.6010682272400493,1.0,True
NBaBf4nQgeU,0.6027587627255263,1.0,True
uwgmwmGOCDE,0.26819067907138516,0.0,True
yxwbhImnKU0,0.6470800305155937,1.0,True
23LmWsfiAmw,0.5699062888060387,1.0,True
eJKQxIExqek,0.3442229014642808,0.0,True
ufDqLsjNwN8,0.36443219176060887,0.0,True
e8yCOwoan8s,0.3760701745000864,0.0,True
uqyVsd86WbQ,0.3065637198237362,0.0,True
_QhxEXzFpFc,0.6630347576160384,1.0,True
Fg2bGrHD_4o,0.6122823688729101,1.0,True
naOSbN9CcLo,0.5694706399165522,1.0,True
swMPplUUBmI,0.527959986444029,1.0,True
MlzsWbympn8,0.6415799788934117,1.0,True
odRcJBngDPM,0.1547848066403623,0.0,True
FHDYVYftiNo,0.27882569258626516,0.0,True
M4nWqX5SW84,0.30889914302122834,0.0,True
NONFIpg46c0,0.5908967741393998,1.0,True
-sAVBCBk_ZE,0.33860057636363533,0.0,True
Fm2mW-clppM,0.5501087862775902,1.0,True
xMhFcmb5hdU,0.603102631762844,1.0,True
3zqPwN3DYRc,0.28798398712191814,0.0,True
WyNekvEESfY,0.275633369176927,0.0,True
753QXKfv1iY,0.23339182992334603,0.0,True
3tJmyOOI1R4,0.2837033641482515,0.0,True
v4Vx-k8NQYU,0.5428800719220884,1.0,True
ONfwKQoLnuI,0.3355240124047184,0.0,True
ZeEtjBVJMq8,0.16396082772140025,0.0,True
Zhe86iSSNHo,0.2384385325764636,0.0,True
ug94dCt-kSw,0.3248417799750266,0.0,True
iF94J2FIsi4,0.26079747942012094,0.0,True
Lr_qSuhQxyo,0.3429422280957587,0.0,True
su73GMCwWUY,0.28624215203322706,0.0,True
PT60dAyApLU,0.2866734376920747,0.0,True
wRUEAaP25yY,0.2581870072214134,0.0,True
5i9fB4EAriw,0.3277760522754961,0.0,True
I4o34_4OaHg,0.19251991614255765,0.0,True
3lxI-H6ZsKQ,0.22882569258626512,0.0,True
OimFM8QI-rw,0.2181906790713851,0.0,True
DNMxGvbZE6c,0.2603429339655755,0.0,True
UxhJJk0LW6I,0.23881629483493189,0.0,True
qAxCSzF10MI,0.5546704642468113,1.0,True
cHYPgpR_YeE,0.28151991614255767,0.0,True
ZU32LuQm7cY,0.5782014953814606,1.0,True
uMpPXiDeTXk,0.5098815578814813,1.0,True
5E6e7R5Wo4o,0.5698026638286106,1.0,True
FaFF_S2wfyo,0.5739648172074429,1.0,True
ZovZB5J-Ucw,0.6382723789620341,1.0,True
sNTb_O51bAc,0.5918291750718008,1.0,True
bCcseH_xf6I,0.5211083001503167,1.0,True
d5Ak_qVz9Ko,0.5316533296532531,1.0,True
2fZG_9iaHxo,0.6166717327152754,1.0,True
saY8iwwCEMY,0.6022578341525477,1.0,True
cGorpJ9LbYM,0.5968568858944566,1.0,True
zfirgDeWeqs,0.6234875989698809,1.0,True
WqwauvN9C2Q,0.7201839323910293,1.0,True
IpY_H1Uy4qk,0.5470511067745767,nan,False
7jRJ4IilqSw,0.5789219250967589,nan,False
ZbM40QA1WPU,0.4325818041724803,nan,False
iB1-jHJ_a7U,0.5558894343785769,nan,False
NnARBkZU0-8,0.5728418106611185,nan,False
tZMGgYLBpIE,0.5642261730875741,nan,False
ASJCdDrck-E,0.4926411284933677,nan,False
MI7MT4koWg0,0.43050259444671113,nan,False
TFtMaCA81vg,0.3076411796275586,nan,False
FBqCscVxjy4,0.5336656890732737,nan,False
HBbzNqsEfa8,0.5615232981658682,1.0,True
mC3gtVLnYNU,0.5042602709454604,1.0,True
Xm8OkeuzYSI,0.6516881590063173,1.0,True
FnKPbAeBqB8,0.6276971640172044,1.0,True
9EBbv3cnyG4,0.3736364661337699,0.0,True
EeN5VkIG5Pw,0.38170048299295367,0.0,True
SkqO56H-xxc,0.309713064599917,0.0,True
NMTqfBDr_-4,0.3813916567352603,0.0,True
4Uy3zmBYpps,0.23618653305055387,0.0,True
cQ_quRtkylg,0.3259739500083562,0.0,True
O-kZxpt27iI,0.6305265185706969,1.0,True
ohyW2nitmy8,0.3749747361880539,0.0,True
um26rNyu5Ss,0.35152684201155243,0.0,True
azScNdsq2-8,0.5782093985300496,1.0,True
ORGmLNeygkU,0.3503970780916308,0.0,True
3_AYsC8Vg10,0.36263238563937156,0.0,True
jbuDlHkcSpU,0.5887738743508397,1.0,True
XpRqq2PUX8c,0.3077971341609608,0.0,True
tLnfl2I5rO4,0.5979124616193867,1.0,True
uXi3QqyF6Sg,0.6220726809733665,1.0,True
Z6L_VYbpxU8,0.6117672474748082,1.0,True
FptplzLjHFU,0.5737430567270903,1.0,True
O9JWoQksqdU,0.5747939450677787,1.0,True
-mA-8gTQVzs,0.5499985418562955,1.0,True
k5z0a1N4z6g,0.6267647630848034,1.0,True
qoWmCTwheBQ,0.6012924149993399,1.0,True
QT9rhzT3q8s,0.34245757794228837,0.0,True
rsVlbduBGdA,0.5710981532499239,1.0,True
8kvRXyjB1aM,0.6755064493366468,1.0,True
1fgKj4ysSlM,0.36526924801202304,0.0,True
9zPO9CkqD7A,0.6717446938507534,1.0,True
CeC6-8GgikY,0.3719002640548038,0.0,True
ZbD6HTQ1fKc,0.6436356310144646,1.0,True
MU2Ck3CxCh8,0.5737430567270903,1.0,True
h18df5Ts_cY,0.3014101982742191,0.0,True
tBGMIuLhIZg,0.3969773782033347,0.0,True
VhgnOUXe4pg,0.31979747942012093,0.0,True
T5r7qzTMSpw,0.35699341612360525,0.0,True
Nux7kx2Hfrc,0.33524802740256715,0.0,True
VRdacKHV9Kg,0.5471685758499527,1.0,True
naBjbc4X-Zk,0.5893655151376497,1.0,True
m3J4XZXW2Ow,0.6117672474748082,1.0,True
y6T-3dgygl0,0.5716543498969756,1.0,True
9Kqxmbian9I,0.5921927333190132,1.0,True
cspJ0VzQwFw,0.7194158222729652,1.0,True
Y9bxeKVOnjY,0.5423017830004911,1.0,True
5vmiai9aJJU,0.4150539088145222,0.0,True
_s3sqChgRJg,0.528688537065819,1.0,True
xUdiE6TJfI4,0.6012490847958828,1.0,True
J7hlNk_K6G0,0.5932308960880389,1.0,True
-esrvZsq_tk,0.5884030482971263,1.0,True
1OKUZMsH7oc,0.5004459981640068,1.0,True
mIohhiezX_A,0.5794387112613714,1.0,True
X2Q86yxm_I4,0.6310458902336783,1.0,True
cX63Xre73EE,0.2678133524359939,0.0,True
BG0cm0nwfrc,0.42358024737925265,0.0,True
fI3gf6fGeC0,0.5669744768685548,1.0,True
q8N3-LM36BU,0.5245140139333889,1.0,True
Ubk2sMTAP-U,0.2056296747676058,0.0,True
_EUlH7jlqww,0.3511883314164532,0.0,True
wl4arim4vT0,0.3593394650147381,0.0,True
rfeLBuzq_7E,0.6145670189703243,1.0,True
BK2sKGrvMHw,0.3926039181568121,0.0,True
woJJYFRtmQw,0.31781335243599396,0.0,True
kN4OGLJLhwQ,0.5379857955664407,1.0,True
U15_SYo0liY,0.37315642169027174,0.0,True
jBybR2MwVj4,0.4849923302104256,1.0,True
jUz4HG3syUA,0.5994284795990553,1.0,True
ZTIaISaIUA4,0.3454183944528007,0.0,True
DNjiuzwoZdQ,0.3649790560741191,0.0,True
ymjh2bmrffw,0.12845852187028658,0.0,True
Unz05OA88X4,0.3365023424866625,0.0,True
4zQ34uZ0S1w,0.3917278502617003,0.0,True
vTV9YC-2wxE,0.095,0.0,True
MrBxXpVIJEk,0.32720130851918716,0.0,True
GvnpaoAVB5M,0.21216813630606737,0.0,True
eV5imX4gyEQ,0.3320182652782816,0.0,True
PmOWiz3SYxA,0.6160425107292153,1.0,True
sOXf6zGS7Ig,0.2644303979298418,0.0,True
1acB7SEWsI4,0.25864959504643015,0.0,True
--dEetuoqxY,0.328994422632637,0.0,True
exsQSTE1DTg,0.31387235394885327,0.0,True
L41PKikUlNQ,0.3106784984415574,0.0,True
531hQp9MB_8,0.34874176094504766,0.0,True
oYClEGpk7ps,0.41313202483475536,0.0,True
dva8FmjtRps,0.348559175887593,0.0,True
Tv-9N_JsMVM,0.36387235394885326,0.0,True
3W82xO7y018,0.6158874493296935,1.0,True
0NOXz4OQ3_U,0.6018533959999373,1.0,True
XWO2SFS9324,0.617633854240997,1.0,True
2rk5yKXAwh8,0.17247272150712772,0.0,True
GQ1AOz27L2c,0.12845852187028658,0.0,True
JHW5Sa_fzJI,0.3639898230242292,0.0,True
9Y3u9kDKBCc,0.5470458656682246,1.0,True
xcT8qUvnuNc,0.3456840671398768,0.0,True
2uypbz4d1Q0,0.6445222187342204,1.0,True
q4EUa1igHWQ,0.5474255361144091,1.0,True
ADsTfpjQpls,0.29530183169866675,0.0,True
2yqLQCL3i7I,0.3713830226754934,0.0,True
FslPoERGXNM,0.31615125254808757,0.0,True
7IjJ7RckGwI,0.17121711621711622,0.0,True
ClE6s2E6vBE,0.5989052078136525,1.0,True
krI2WnJjtlQ,0.6230746127059491,1.0,True
F9C1g16LQ5w,0.6366529812469099,1.0,True
Ca4uJBNGyH4,0.30140442104734655,0.0,True
7f_gKHtJrkg,0.17342109381792886,0.0,True
tRKyze_iLXY,0.5466543498969756,1.0,True
XqakKDCEtSs,0.559849899866719,1.0,True
PHHL_ZpVzAU,0.3544697857455713,0.0,True
iBAn3ITG8vc,0.6232924539168875,1.0,True
LV1bOj-z8hE,0.6232924539168875,1.0,True
2HCCNaVR-C0,0.6178915056587964,1.0,True
aY4BUzaWI7o,0.592947937795808,1.0,True
qxSUHna30Dc,0.6223338719652084,1.0,True
qUrmLxeSo4U,0.6027009367885632,1.0,True
OqDSKjDeyvY,0.5751515785163133,1.0,True
dDbiij8t3c4,0.35715297507750343,0.0,True
PRa0SWhZnMk,0.6201149427030518,1.0,True
ufov49iWxzs,0.5993209834086098,1.0,True
8tlz1JPeldM,0.6571543942153949,1.0,True
iiIC8-wX4Bs,0.5824466490371903,1.0,True
gaI60Tmz8Cc,0.6638836491301336,1.0,True
omBAvEb6uPM,0.5637096085574788,1.0,True
XFg3LWCfTL4,0.6419638253451618,1.0,True
FyYospsifm4,0.6583339068765336,1.0,True
ql0zONPL5qs,0.6608223861392064,1.0,True
0TH4DKO-534,0.39161038118632435,0.0,True
SvXENv20rZw,0.47388185739747896,1.0,True
u4EUV-FVCT8,0.42829113312709044,1.0,True
97aQHntvaAM,0.36289984445796986,0.0,True
qqqS8HyowHM,0.4071727718636177,1.0,True
kqAs5lqmkEw,0.4886388911715561,1.0,True
3B_j-0lciAo,0.3803799041789095,1.0,True
kQguHstI5sE,0.4441814817045966,0.0,True
Lq9991lm-jo,0.4177153162910628,1.0,True
2G2GL2AKEgs,0.4619720615438022,nan,False
6rZqb8_d1rs,0.40501097479215425,nan,False
LiwTT4UIO2w,0.3653993728488395,nan,False
HAU1gA-xLE8,0.3198806167446375,nan,False
6M3ZvUYU1ww,0.5810479608680508,nan,False
rfOx-xZ3azY,0.5505110218026346,nan,False
RbDLblWAjzw,0.5448263768214939,nan,False
ovdGxS183W0,0.4818858057549426,nan,False
9tEXfuTfyNQ,0.6062046951702124,nan,False
MMKM_F9RurY,0.4564626319375127,nan,False
AAPWSIKIXNY,0.6117672474748082,1.0,True
lK05HcyDcWs,0.37821810710744597,0.0,True
wCKrmAKlmYk,0.5791440049851813,1.0,True
WVj2hAaOeZc,0.5632005122996452,1.0,True
iLaaXFax5vA,0.5294990063793688,1.0,True
DR5w9w7JZ7s,0.6185677622869741,1.0,True
U40WpvUHjdo,0.6089378929213157,1.0,True
GHSP-_PA1DE,0.6545580363806965,1.0,True
4Auyd2axjyE,0.30105139791541874,0.0,True
AfAMbwaU36Y,0.35235076461097725,0.0,True
4-m7aRUXJto,0.613166814028883,1.0,True
JNDNol3Fp_E,0.5749687407523394,1.0,True
cD-EShZKbnk,0.37504245038605394,0.0,True
218LCwmbVLg,0.3278548277513029,0.0,True
rJHW1dTbdHk,0.3101676100544625,0.0,True
l2f65ooUCog,0.29780453796522405,0.0,True
arkye4uwbJo,0.17884337884337884,0.0,True
-uEM8crXTiA,0.38910413410857236,0.0,True
nLhB-886_bE,0.3903023065651078,0.0,True
RIQgNPZf0n8,0.2954183944528007,0.0,True
qkie3F1gAcY,0.7093683896351543,1.0,True
zJW_oS3pO-w,0.5991819437632244,1.0,True
hOAb9PGK0iA,0.3952901844122697,0.0,True
ejvPrnIBdos,0.36366864039521546,0.0,True
QUGQ3pqI7Fc,0.4009642988963068,0.0,True
hoNqE-K-wYc,0.3405310782941372,0.0,True
xmEE6Uf6RDM,0.3697694075324665,0.0,True
_uAN7hu7C6k,0.29918820642958577,0.0,True
J30mO7gQv28,0.2683669579895995,0.0,True
lTUMa3vFbUc,0.22374236874236875,0.0,True
mRd0tRVBvCw,0.6276659368537248,1.0,True
C9jJJoRTPHY,0.663570350177493,1.0,True
ts6Llyle23s,0.6824289109715377,1.0,True
0bG8T2o6RIM,0.7541645019842371,1.0,True
HKu5nMtAKPw,0.642849029365794,1.0,True
wymIGOpEOxc,0.2973137973137973,0.0,True
6ivzt4WPa2k,0.5871778487240111,1.0,True
CtPriKjoLdw,0.2511014433595079,0.0,True
m1HFw7exszs,0.2892419238645654,0.0,True
SCfTWQZeVb8,0.17587470001263106,0.0,True
v8kinp_08as,0.3917278502617003,0.0,True
8Ab9EyV7DGY,0.644349113626222,1.0,True
uezZiz3IWPc,0.5659883728338044,1.0,True
KgtrXiMSYdM,0.3428133524359939,0.0,True
3PSLlqyL8Y4,0.70818855947927,1.0,True
5W4GptbmhiM,0.27507267057766505,0.0,True
44ovMO36Aiw,0.3999300543914056,0.0,True
gethntawKq4,0.19190385243861852,0.0,True
azb0RoyggHA,0.3712655536001174,0.0,True
icO0IP6v6t0,0.36387235394885326,0.0,True
RKld-F0OOOk,0.33108312846089716,0.0,True
y-NAhDLBMeQ,0.2571686390018072,0.0,True
be10yS_kQCQ,0.2567687173034834,0.0,True
yeq21w5jglc,0.6894287260358689,1.0,True
lL60W0TCp-A,0.2784174910612903,0.0,True
2Qmh5KgDn4o,0.30863078626900065,0.0,True
c6lyRADy3q4,0.2980215104840304,0.0,True
mO7M1UlAZ9M,0.6232924539168875,1.0,True
71Oxk-c0ZfE,0.2276268788682582,0.0,True
ujlUAp_diLM,0.17834195911615267,0.0,True
NBgURPCsu28,0.25864959504643015,0.0,True
NemOCOJgp80,0.6206446926730219,1.0,True
-8po3TQo_Ik,0.175541760133549,0.0,True
-gn6AoIltTA,0.22342109381792885,0.0,True
MRthWTgYqIY,0.2364360605125598,0.0,True
0YoGEcD8H40,0.5185985045031327,1.0,True
qFeMwu0i2zs,0.22125953746210927,0.0,True
N51nKpWrddc,0.2322488443941479,0.0,True
LlJaf-dk5ZM,0.6518709150326798,1.0,True
e3xDaRx7aGQ,0.5993209834086098,1.0,True
YC44IOaGtHA,0.5625620406579926,1.0,True
u-QUib5SiKU,0.41937942222787017,0.0,True
gcxqVgZXHtg,0.6398025792802289,1.0,True
_Jh624KgRsE,0.3710152110917104,0.0,True
_MOjac2D9kw,0.5466375498333356,1.0,True
6cMBIJMnTqA,0.4314608493775018,0.0,True
VdxFxxMLK3Y,0.19138572493542066,0.0,True
SeC2MPtlcew,0.21733594095858244,0.0,True
2A9MlXB0Izw,0.40215292561376936,0.0,True
lgyLCTvpKMk,0.4981216652942345,1.0,True
uGKnc6zVluw,0.4378208299169999,1.0,True
rPdINFGRxU8,0.29082010859625396,0.0,True
42yxblA33ZY,0.2990074890839884,0.0,True
hfItU-Fl7XY,0.36443219176060887,0.0,True
2Op8CW6DnQg,0.38574420043504637,0.0,True
8eIB-ZZfgUQ,0.19691552053816203,0.0,True
Qu3my5c4QwA,0.41058589210970037,0.0,True
RrFSkIECh8k,0.4125413236704546,1.0,True
hmq3KdGjpno,0.36767556268000096,0.0,True
fcRhcCe5a6c,0.5859768991359647,1.0,True
xFvIcLwgmr4,0.43789210968732617,1.0,True
YnAqdDfnMpY,0.23664107850509933,0.0,True
328ta-qIk6U,0.31951711502210944,0.0,True
cKxB71hRatc,0.5159566215496567,0.0,True
ZgGtuSjgx8I,0.44686165537727696,0.0,True
JKJza2XozHU,0.4643631586392928,1.0,True
YwABlwghFH4,0.38358240336358285,0.0,True
soWZ4FdYAII,0.37082490745618174,0.0,True
TNOuLocnym8,0.27391112396375555,0.0,True
SjS0XPr6X8A,0.3909224486063545,1.0,True
zh5XcKH3-cA,0.41627478941305246,0.0,True
unPukUK9380,0.5867427818871217,0.0,True
4Te0USneYxg,0.3803799041789095,0.0,True
fM_wF7nLuco,0.5460356575818199,0.0,True
g8xiu5w4BsQ,0.3602823630287368,nan,False
8-Ij3IPCh58,0.6099272215068883,nan,False
2cJkbUoJq78,0.5790260962972235,nan,False
wR0QDFfe9bU,0.4177153162910628,nan,False
rx8SKofTwK0,0.6294898423945537,nan,False
dGqGJILhrBk,0.4776873540032808,nan,False
EuySc7ihLak,0.4379210024927489,nan,False
7eOhZ9BfznU,0.3753367271382801,nan,False
4ZutRPNDE5k,0.4137685423353005,nan,False
XwUJ973CJQ4,0.627060188606351,nan,False
Xml-zlZUDjQ,0.6180866507117898,1.0,True
xuPm7lISkb4,0.5930187819842992,1.0,True
mI6Alp5knXM,0.34433465061043617,0.0,True
a30Kkr-POzw,0.6177811606383035,1.0,True
-y91CViGefM,0.5930187819842992,1.0,True
ZKtqwisY4x8,0.3803799041789095,0.0,True
OqvJAkOm0MU,0.6583582886250532,1.0,True
ugQMXQrMLiM,0.6091660707122332,1.0,True
I14EjTn8nRM,0.34433465061043617,0.0,True
AcJ26J4BD0k,0.30281159410406483,0.0,True
3Y07ISI03M4,0.6788756734810917,1.0,True
PqCeZ8eH9Co,0.5992120293826051,1.0,True
lHcUJ2vcR2Y,0.8144017000871842,1.0,True
sMWEB_C5Mho,0.5767184156839329,1.0,True
tfTbQ8xAqPU,0.4236745692622003,0.0,True
-X_PIuUO_28,0.5991819437632244,1.0,True
DyqzKtgr_rs,0.5777995184891737,1.0,True
XWR-uwlnIHs,0.7098082728736342,1.0,True
zqKdzTiAZJA,0.8086810280188805,1.0,True
nvdn_p9hiSA,0.6692347434480479,1.0,True
0HfJRdm_UCw,0.6152095669337049,1.0,True
CDSHryBvKAM,0.35269503134993097,0.0,True
XUOV0uaeKCE,0.40431472268523283,0.0,True
pg02sfBNKek,0.3213925377271016,0.0,True
GXwLZoEOgcA,0.32711354488969036,0.0,True
H-rP4h2pQ5k,0.7065390350816618,1.0,True
CbvRAYxTNTE,0.33273243920493406,0.0,True
HC7f0U9Xb6A,0.3676624860329962,0.0,True
KsxNu8CJYSc,0.34543678070384265,0.0,True
wziUZjy5FUc,0.33450674454095447,0.0,True
STFll2zRGvM,0.614234995058266,1.0,True
q0C6KSGKkho,0.39161038118632435,0.0,True
3ROXP2be0Xk,0.5795437774177394,1.0,True
jRmCWGn3x7U,0.5937221007664999,1.0,True
AL6IW2__-d4,0.39898425123966197,0.0,True
IKHRpParFb8,0.33450674454095447,0.0,True
V_6Jjk2uvPs,0.40215292561376936,0.0,True
uFvjt8F9y3M,0.41627478941305246,0.0,True
zz7lfhOw0Fs,0.33450674454095447,0.0,True
iRws0GzXy8Q,0.5886531764204671,1.0,True
gPXWMmZ9KTQ,0.6222837045602225,1.0,True
tB1Fj3EW1Bk,0.35715297507750343,0.0,True
h8UpD3EE-KY,0.40215292561376936,0.0,True
yyxdS0OxgHs,0.5198947259385316,1.0,True
QjWL2TlcOqg,0.31391157444634055,0.0,True
Ycuigdg-O5w,0.33735525243175174,0.0,True
m2qQTcZh7Lo,0.36578160829004946,0.0,True
VOOrqStoZuA,0.36908000833337085,0.0,True
pHZyaR3jrFw,0.29567915833405795,0.0,True
F3Im2yTDfdQ,0.3676624860329962,0.0,True
dyWRA0tHrgI,0.41627478941305246,0.0,True
sEPMrgyxc5U,0.40431472268523283,0.0,True
OWx_meeoMWw,0.2743671496596204,0.0,True
lQ-OVK3VNb8,0.5761803059112721,1.0,True
WtSh3F5TEDo,0.6455309680908854,1.0,True
-XZUEV1qPf4,0.6178915056587964,1.0,True
gMDD8-Oj2fY,0.5740910875539851,1.0,True
NY7KNwVm5aY,0.2567687173034834,0.0,True
BI-SMLF7vbY,0.612818885309587,1.0,True
y3REqeieHGs,0.598231768743302,1.0,True
x3RQApaNNZ8,0.5700826541702806,1.0,True
2NmxPOZgoF4,0.5193579615355433,1.0,True
3ASNa2mTdcE,0.2169739500083562,0.0,True
0C5PSQCxulU,0.6416451349561356,1.0,True
cHeUj8q62wY,0.2567687173034834,0.0,True
eSx27m_v9e0,0.6608223861392064,1.0,True
6aQzzk83m4A,0.6223338719652084,1.0,True
E7kEGcfd3jo,0.61169392214778,1.0,True
V9TqFKM4oNs,0.328994422632637,0.0,True
le2o_YhvdJ8,0.6174757300638392,1.0,True
p9_Oq2CnCyk,0.6206446926730219,1.0,True
PS63NxztoYo,0.3202362206900785,0.0,True
ikXkslKsR08,0.30676871730348343,0.0,True
CeUOR4xl2to,0.3090818759317293,0.0,True
ev8cMsYYcyQ,0.6795103774647689,1.0,True
Zo5M9OiGdfg,0.6063306080049067,1.0,True
Uez4SiTc4RQ,0.6180089747341724,1.0,True
EXnYZN42IIA,0.3549581445340877,0.0,True
nXzk7agEvKU,0.3490919637828097,0.0,True
5S6Q0yqXaec,0.5937221007664999,1.0,True
YuQ57H6-J7c,0.6605343475953483,1.0,True
8f-wtfpG8DA,0.5687785329035115,1.0,True
CuOINcnkeL0,0.6631667786045666,1.0,True
_nBGpIFYfe8,0.2831181540302786,0.0,True
Y9SovfUaWqw,0.6434124780764222,1.0,True
9X5h0JI67PY,0.6793929083893929,1.0,True
lFP-fX5vREY,0.12882051282051282,0.0,True
3lXFdG3MrVM,0.3917278502617003,0.0,True
GiATCSY3QHY,0.6416451349561356,1.0,True
V-beZjFmEOw,0.32533923955366995,0.0,True
almqZ5Ez318,0.3475649448828235,0.0,True
a2vp_jptR7I,0.23292166242665688,0.0,True
gx6bhh4tFFU,0.5593426534899074,1.0,True
STWu9SEu0jY,0.6346453198918044,1.0,True
TMNTUYRONmE,0.6269604458406989,1.0,True
6KvtAbAOy9I,0.529718078224485,1.0,True
Pf85o0ZCG-M,0.7709127565982405,1.0,True
OrVKpVsX-KA,0.5460207127949063,1.0,True
5wdDr1jDwXM,0.27775385777414174,0.0,True
gRAtWsZtjqk,0.32533923955366995,0.0,True
uR-FzKYh9xI,0.6199530284254909,1.0,True
6K8Au1c0Tqg,0.24514247886982887,0.0,True
OW6Uqx7NoiA,0.40215292561376936,0.0,True
tBo7mDbcm8E,0.39161038118632435,0.0,True
dH-fejzIWas,0.6606518166707243,1.0,True
zQepoiQmvO4,0.3310233260277643,0.0,True
Kd1oHIhj2ag,0.23104250466514617,0.0,True
IQMVRTOQdtw,0.5880640475117317,1.0,True
9t7KaaB8hA4,0.3842171815350602,0.0,True
uUJ_R30lHng,0.5812026586949718,1.0,True
7j3C4yKV3z4,0.6760451253090397,1.0,True
omv-TfrQgZM,0.5156061837526876,1.0,True
WefICM48Lq4,0.4257432941138043,0.0,True
6Try95Re41k,0.6608223861392064,1.0,True
TuAFWJlmBnA,0.37303985893613784,0.0,True
D_khoS9M0Io,0.3213047740976048,0.0,True
_MDG2aiY0n4,0.39161038118632435,0.0,True
F93h1scz250,0.3863671147843234,0.0,True
sy3oyUE50Cc,0.6416451349561356,1.0,True
sRjbgZ-1KE8,0.5805525267744044,1.0,True
iS4GbsWQnI4,0.5989052078136525,1.0,True
SHQZ6BAp7Qk,0.5475142471455835,1.0,True
5WHgie544Cs,0.6726770947831543,1.0,True
fylwRUHDQQU,0.31807108771401316,0.0,True
_E5zAMRXVHs,0.3764797881825187,0.0,True
aYI8kGxVe34,0.40431472268523283,0.0,True
2KwVf1-7DmA,0.42461337539230426,0.0,True
TNQYrn589eo,0.3747078809836665,0.0,True
aNXHCtF0dBs,0.3863243388474538,0.0,True
fpqIMBKPRps,0.4342432447579627,0.0,True
CfR-OyHKdzs,0.3725422299916966,0.0,True
j40xNiDVGSg,0.45431437712074924,0.0,True
zONphC3Bpac,0.49286003986867266,0.0,True
nHDoPiQgP3I,0.4213584371263642,1.0,True
XNLMrYDyy90,0.4892458353259997,0.0,True
gq860jdtzhg,0.5382118358480984,0.0,True
_7in_oIMByA,0.6152437444149308,1.0,True
eSacHp83-Gs,0.5875245172554835,0.0,True
eWqKlIozpg0,0.4644340133912003,0.0,True
ponGsgxmkjU,0.4186454370767927,0.0,True
33pKHX9BwVo,0.3909224486063545,0.0,True
ffsOcX-VAF4,0.43841315520324536,0.0,True
PS3noNe8qzw,0.4406138513359325,0.0,True
IGHG9zHGDMQ,0.36767556268000096,0.0,True
wSWvWGzc_vk,0.4914370599667076,1.0,True
yKIMzOaMydA,0.40955541054170264,0.0,True
xa8Azq9U5lc,0.5450710666172289,1.0,True
fOFEmTnEuHI,0.3909224486063545,0.0,True
KTgGudWYPsk,0.4601066985996036,0.0,True
20vab0PY0pI,0.4998095872747297,0.0,True
eVM6Yhlig_Q,0.41008652467343243,0.0,True
3XLd16w_MQ4,0.44771803408168465,0.0,True
WT5GACBeyoU,0.48225126576688726,0.0,True
nv7py_e2bEM,0.3923399709067291,0.0,True
CR-NCBkGTEc,0.3197036668485838,0.0,True
9fXhW8pmxG0,0.5012269870792263,0.0,True
L_n4npXmQa8,0.556763025147083,1.0,True
4xUjydvpvak,0.5231987502038472,0.0,True
ow3eh16HI58,0.578881210876328,0.0,True
Jq8NBOG13ao,0.5091849615743033,0.0,True
NlML-VTUlmU,0.5148706575382362,0.0,True
OXN5JIgIsdk,0.41443831927427655,0.0,True
WN9A4J8j0xk,0.48793978402375826,0.0,True
eEceT14drS4,0.37821810710744597,0.0,True
ux7hKe8IBOQ,0.4646227622369025,1.0,True
cFJdYHB9Gtk,0.4817629943483833,0.0,True
_Ceg8nkD4B0,0.5862270272593055,1.0,True
LVxtXmHmGuE,0.46036130757524807,1.0,True
9Q03WoPH5uA,0.44498956894675584,1.0,True
owYs_rCKxNA,0.4946201285271902,0.0,True
a9k7IqzKfm4,0.6201915020141622,1.0,True
vxN_vkZJSAs,0.42175532621391937,0.0,True
r_AtaJMDpHc,0.56608476939577,1.0,True
rqRDqA6vpMw,0.451576309815428,1.0,True
Qo3RZSkaBD8,0.5520405147585234,0.0,True
YoAYhsDVLQc,0.4272538886340385,0.0,True
qJbbHkxREHU,0.4921801076264692,1.0,True
jOFgUrU9rnY,0.37736559749257076,1.0,True
0ZS36rH8DQs,0.4791205786711368,1.0,True
m622s0zvoxc,0.4193148639508172,1.0,True
RYeNfRCG_q8,0.5442276336470087,1.0,True
n2CsiLqojXk,0.23855431543502145,1.0,True
vGYNgj5-C28,0.59999037808633,0.0,True
7VN1S_60o18,0.5280676831970308,1.0,True
x1z53IFygbk,0.5511899486976655,0.0,True
B1QJlun36eU,0.5195474335682828,0.0,True
XnD3vaF97TI,0.5712736035501215,1.0,True
bUPyAfGtSxk,0.3767542494386547,0.0,True
5GIMttB8MWA,0.4895791282860533,0.0,True
PvbTHFlcvcM,0.5121317984477252,0.0,True
noc-LwCixkc,0.47814354869935816,1.0,True
htXGFjFg3ZQ,0.5444143669950121,1.0,True
rxOyXPgTkMw,0.4741868467879112,1.0,True
UeZ9S_qRlLc,0.3923399709067291,1.0,True
64RZrg7oeOw,0.5426298848517301,0.0,True
_sgei-Z6Wyg,0.5695299410761034,1.0,True
OIooGjxLLdY,0.5040783127712888,1.0,True
H96-r6wlp8s,0.5103640910746635,nan,False
qQBPd6WzRYw,0.5660803590955956,nan,False
CT9QE16bvPc,0.6292287073246594,nan,False
b7BKXFsi4qQ,0.5563157797584939,nan,False
MMFST3TFsF4,0.5944046527193318,nan,False
c4J8vvbRoII,0.5479835370714533,nan,False
Hdn05lbXiFE,0.5363561627507485,nan,False
5kHjpc_CMv8,0.606416809273952,nan,False
scFdiiRD_9c,0.4754460555150586,nan,False
PqRKKVWWh0o,0.7578529252667611,nan,False
Ie5cuFLHpnU,0.5873942989404614,1.0,True
df0TRZLpbsk,0.6423822869635677,1.0,True
vFh1h7oSwcQ,0.6384186250257678,1.0,True
FB4_ZP-pVaU,0.6308907975774682,1.0,True
jsA_e2mgopw,0.5994284795990553,1.0,True
aQceVjc98dk,0.6366703732775162,1.0,True
9MWtNC_rZmI,0.7030897659215027,1.0,True
ncXE8va1kvM,0.6669025297275825,1.0,True
vwkEOG6_8_s,0.9212851405622491,1.0,True
JWahVBk_4as,0.6394997278310086,1.0,True
GSrU2LSOZRE,0.7885058468929851,1.0,True
G2IvROcawA8,0.6937778961794288,1.0,True
sUxvFruk8k0,0.7630392322512775,1.0,True
NMIcmacTTLg,0.6118618484689913,1.0,True
Zo1_18stCYw,0.8118115296820939,1.0,True
c8q_osxXpwc,0.5854250797843342,1.0,True
TGAInfWFwFM,0.3456840671398768,0.0,True
tlotyLGia5I,0.7559531782401561,1.0,True
DVAo92afLRw,0.30676871730348343,0.0,True
DBDrL4BRXoQ,0.2790861606965266,0.0,True
ubOSGkP-R6c,0.5603106886261415,1.0,True
u811uD75s0o,0.39161038118632435,0.0,True
qHGNeQkuqD0,0.4236745692622003,0.0,True
k-JvmMI_1Dw,0.6266724072968408,1.0,True
ErQq5yKSLh4,0.5625122946640653,0.0,True
FXfSZG8i6Go,0.5228311530051305,0.0,True
O6241kNMnds,0.4672770659380519,1.0,True
ck6UED3iXRo,0.5510724796222894,0.0,True
9AYEDhx-81A,0.5143916003654231,0.0,True
5x8H6TVHY_Q,0.5313903474338901,0.0,True
9g4tH738HJI,0.6175786665441838,1.0,True
A9UAD6RyxeM,0.6005978366925473,0.0,True
5Cr5VowXc9E,0.509949805479464,0.0,True
C5ZQp95hSFQ,0.46661354681909034,1.0,True
Tjmf-hgndtA,0.44811924769098843,0.0,True
GfY-Kz5owNk,0.3909224486063545,1.0,True
SAv29dOh6X0,0.5000612445773736,1.0,True
MkvHOL99DzA,0.42461337539230426,0.0,True
px6hJOIVsDs,0.399821907665028,nan,False
cEC1AKdYAhk,0.4473332302072824,nan,False
M5IP_6IGcLg,0.3871764709930142,nan,False
uRfFe6kVoDU,0.5295350973660043,nan,False
i9RD4OJbc1A,0.5021487129886598,nan,False
Lz0L-W69FhA,0.4569469985143272,nan,False
vuhRgm4Uw7Q,0.45757645654434853,nan,False
L0XRkE7b9Hg,0.6032070692083155,nan,False
xgEQcp4MqUY,0.5801801610034318,nan,False
7BWpDhvJrRg,0.3823755021246175,nan,False
lnhGzbD-XFM,0.5751515785163133,1.0,True
kFCrZSuXdyY,0.41627478941305246,0.0,True
kVJxr2uNJrg,0.2723561587529938,0.0,True
IVON-e6gOG8,0.6786760378638259,1.0,True
y8mzJDJzvX4,0.645025088336089,1.0,True
3pDhYj7hzsw,0.33450674454095447,0.0,True
wgE6y6cBXcw,0.19863539540958897,0.0,True
mM00LHd_EJc,0.5746160629840646,1.0,True
U3HElgMeVDA,0.6178915056587964,1.0,True
bG0Jma0w9AY,0.2126977336098582,0.0,True
F0ilfk87umA,0.3549581445340877,0.0,True
BcD2MEKJhnM,0.6202627096820847,1.0,True
Eoqq4rtPCu8,0.43770332417707686,0.0,True
WhHG9vIuYCU,0.39223329553560127,0.0,True
7IAbki9sY94,0.33450674454095447,0.0,True
ztL0_B0Hg_Y,0.35307726679114093,0.0,True
GEPct-fzq1I,0.4148572671126779,0.0,True
SALkjKriQY4,0.5523653972132674,1.0,True
OD-JLGOGiiI,0.40431472268523283,0.0,True
CIXCrjs7bDU,0.4169845837746739,0.0,True
nMip1GVM8uE,0.3753367271382801,1.0,True
0PA2Q-Zv094,0.397704267162866,0.0,True
zZxlYQMIs88,0.4052157879001932,1.0,True
zDiEpNAgJKA,0.45199598530498275,0.0,True
dw_jsVvwiSc,0.34555137967346505,0.0,True
-phjzIoNrbA,0.4954924541854302,0.0,True
cgOZqIVvMfM,0.41235102003492596,0.0,True
IfwwyhTIJms,0.6173886032408424,1.0,True
JmrBa9zwWRo,0.5349104774894726,0.0,True
LBHJhT6ziuU,0.5805192365851589,1.0,True
zaHu-J1quzo,0.4268736108267158,1.0,True
drq7NXeaFp0,0.5788084403546028,1.0,True
vQMeJMgxRQY,0.4731966840489233,1.0,True
RS3lhAAP8ow,0.38758746335250993,1.0,True
SROdrbZ8A8Q,0.43586689070284795,1.0,True
OYmIjgliHoY,0.42307996942491066,1.0,True
ZoITGy8A3F0,0.40656243408554904,1.0,True
d1RNQ3c-FOo,0.41627478941305246,0.0,True
gnPaRhi_deU,0.5438215453105665,0.0,True
DtHtOigIBR0,0.5178882892355378,0.0,True
R2U-zOsT0B8,0.4260424913552573,0.0,True
Rt6KkpaLCaQ,0.4819711329449613,0.0,True
AC0I_ZgQ9zs,0.3909224486063545,0.0,True
FyosHiXJiGs,0.5226385808776991,nan,False
ikBtzBi1uGM,0.5334778169934385,nan,False
A4mqzgFbmjI,0.48146685791654126,nan,False
ZZFRuKzgZTk,0.43293261840237846,nan,False
XI8cjfw8rt8,0.3817974264792841,nan,False
pAnrocPfFEo,0.30933353621424226,nan,False
8IpnLM8zC5Q,0.3266599721649666,nan,False
-Jy0w2NThoU,0.6678084447856494,nan,False
NxwdiVtlu0E,0.4268736108267158,nan,False
wIeVfL3OmW4,0.4177153162910628,nan,False
ajyyLiIoSdY,0.14076480990274093,0.0,True
kwDrigbxls4,0.5333701699607112,1.0,True
86VgLu5ISr0,0.39161038118632435,0.0,True
eVmo7ncI08I,0.5574343215593002,1.0,True
qJlSEWE_GZE,0.5830744914583053,1.0,True
jvJ6uQLQ8Fo,0.5619230705984264,1.0,True
KZ6EthOiJtA,0.6363616557734205,1.0,True
r_VhvtRP81E,0.18560137901314372,0.0,True
SWdWD-uxPZ0,0.14730327144120248,0.0,True
H2ssGe1EzP0,0.6261722746434918,1.0,True
XD3SoHHDeP4,0.6474431039845157,1.0,True
N2NwII5mAU4,0.5366069988711498,1.0,True
_HX0FW6QAng,0.2331181540302786,0.0,True
_V32KyuRvIc,0.5635896987491601,1.0,True
fUzmGinA-iA,0.6178915056587964,1.0,True
1PFkmrb4Bqg,0.7090927200998025,1.0,True
U-Ag-fRvq3g,0.30879762069861066,0.0,True
xrTBr4igMxQ,0.17228205128205126,0.0,True
y5c5b6WSI-s,0.07100000000000001,0.0,True
6dEqxMwCSgY,0.10628205128205129,0.0,True
iq0iTIKbWKU,0.15247107609371763,0.0,True
bYESwwkvlLI,0.554269153394132,1.0,True
0lSS7m3Lh0g,0.6417626040315116,1.0,True
xSGYGDZXCW0,0.5844795434450607,1.0,True
OK79uXKKvI0,0.32942881582565087,0.0,True
-aDkQH185FI,0.6448140975653185,1.0,True
qOlwU7WSdIs,0.6793929083893929,1.0,True
4birG7rVaEE,0.604721931666701,1.0,True
J_bRIg9tVb8,0.6448140975653185,1.0,True
fQsvt6lA2YQ,0.34991934318733187,0.0,True
xdiTHcc79yc,0.31416191695474754,0.0,True
1hW1rw6lZAU,0.1917142857142857,0.0,True
ijleGoSxzgA,0.58700272189515,1.0,True
DuA8iPKokJk,0.6820559912437794,1.0,True
gIL--iNUai4,0.3994335827821792,0.0,True
UMfsZFkY5jU,0.39161038118632435,0.0,True
gU8FqJDxO_0,0.5538395698418759,1.0,True
ptb-UOzgtQQ,0.3159404778414679,0.0,True
Nw62PNQK0uo,0.3806641594120281,0.0,True
lLSbEcEURzk,0.10958108438220662,0.0,True
I8OY7G0Z67s,0.3479993380758374,0.0,True
1wrDEwybqtU,0.222902966314731,0.0,True
NItoO2xaS0o,0.5983122340519449,1.0,True
IuCxjKXidhk,0.5718113912231558,1.0,True
E6opeuuTygs,0.7114102497875999,1.0,True
ttnxfumpVKA,0.2623179864559175,0.0,True
A7oHD3em050,0.4619720615438022,0.0,True
yJP_Can5sIw,0.13060615181770685,0.0,True
riFFyTRljic,0.5497656391850143,1.0,True
wI8cEXyPK7Y,0.31090733564419326,1.0,True
OivdgPDVucw,0.3548771950378811,0.0,True
xhTbMBS6m2g,0.41913283859143735,0.0,True
kQIxHoJkoQg,0.42829113312709044,0.0,True
Y_LXuMuKFds,0.41235102003492596,1.0,True
QJIgDWol5CE,0.6384043999505624,1.0,True
fpc0cUt1y1M,0.556180508504807,1.0,True
UjOVRUSdO14,0.527959986444029,1.0,True
HuKTsfg3t-0,0.6168827563021314,0.0,True
3WQo680tkpk,0.4978197815127575,0.0,True
62Le7ks0dfw,0.4959662159962234,0.0,True
D7eMUZAcAgs,0.35958103133393216,0.0,True
YwgexMrO-NM,0.436374736328038,0.0,True
peHL-0u-pVs,0.4619955890264972,1.0,True
C0fNUdjQxeY,0.5093998221178309,1.0,True
d4R_X_P-qVw,0.46562092647316566,1.0,True
B8hyvF0aBTw,0.43293261840237846,0.0,True
1lcWnSUKsIg,0.49736167193341263,1.0,True
EWWg7Z3gX7E,0.5748947864409488,0.0,True
bjDe3qXLYE0,0.560683821137679,0.0,True
OFWz_SkdIaU,0.5913017128478752,1.0,True
_GfaDs9tEy0,0.5146654983751702,0.0,True
wjJk8Q8arcU,0.5434089770169974,1.0,True
vWxP56eUR-o,0.4407434353793886,1.0,True
2PLk-_8ZLEw,0.4712125570647963,1.0,True
If49pENTUSc,0.5132887301018769,1.0,True
iEjKZWxN56w,0.396320017271074,1.0,True
R9mBpeiCMM0,0.35172785026170034,1.0,True
auid0UiDj04,0.6194508276542721,0.0,True
Ixmk7YVra8M,0.5804590414821461,0.0,True
7zGwcWUVF8Y,0.483150722301965,0.0,True
yigVkI6LM-M,0.523766454477027,1.0,True
v_JDbNg8qd4,0.4981216652942345,0.0,True
5PSXKKPTbQk,0.42390682397502844,0.0,True
DDv8cud2Nx0,0.45301842046788704,0.0,True
9MTnjOmGDac,0.5496550798177929,0.0,True
Kw8Iaorx_3c,0.4377033608416239,0.0,True
brTAdHVCwSw,0.5565011299217218,1.0,True
11mdb7lLclM,0.6176190423531621,1.0,True
frr0PoBLPA8,0.5471632256261232,0.0,True
dKB2VIG3wAA,0.5285871426291592,1.0,True
7kgfpxm2ils,0.4473332302072824,nan,False
qu0SGso75Jk,0.5620978886780263,nan,False
QOdxgRCTADM,0.666104035299301,nan,False
4hK45dQcre8,0.5467332309267793,nan,False
FU88ZI2saRU,0.5093998221178309,nan,False
1Dle5kVQRHo,0.5467332309267793,nan,False
65z1eyNV8xs,0.5093998221178309,nan,False
-mhOM-C-0xc,0.5316013710207461,nan,False
R2W0dgzAl10,0.5467332309267793,nan,False
H84OGbMp4-M,0.5318178212371963,nan,False
PYr8XGMARMc,0.731342005100149,1.0,True
cJronz63TvY,0.4125575366957073,0.0,True
Jd9lES1NE60,0.6534597227777942,1.0,True
lt8nSkKHr3Y,0.6332155657962109,1.0,True
mq4wFZgUJ1A,0.4175822464040234,0.0,True
IBKxpC_O37M,0.45962477692261305,1.0,True
8ujE-loJirw,0.6708798754611562,1.0,True
EHBUMxaqu-0,0.4715752569118342,0.0,True
yNbuui6avRg,0.43677868319366703,0.0,True
OmgW9dG_nEY,0.43677868319366703,0.0,True
Raf4POt9PXc,0.437787432550332,0.0,True
_9F6k4j0SPQ,0.6717693654827158,1.0,True
vy-cAuwi8oA,0.43677868319366703,0.0,True
CdOMQ9UE9Mc,0.3882283539036269,0.0,True
1tlY6MqB4aA,0.2934557009779764,0.0,True
sUiIyFquX4Q,0.3126695175284106,0.0,True
e0a6QbsY3EU,0.29569237069237075,0.0,True
TLbQ2Nah5OA,0.24433176195086573,0.0,True
njcTsVOPt28,0.27720961207168104,0.0,True
StY77GvQgeE,0.4361229694319668,0.0,True
KX7ewNJjAck,0.3719002640548038,0.0,True
n6-9wzo4oHU,0.31319991488432014,0.0,True
zZj3NZqdmOk,0.6693088658256304,1.0,True
BQ0kfPe5bNU,0.6769581996370673,1.0,True
1OUKaquduJ4,0.3776668695475755,0.0,True
QaYX_Z0uLi4,0.6075423309850451,1.0,True
vVsWm8CtJyA,0.5674304323200697,1.0,True
cRWrmgR0eeI,0.5063267521839983,1.0,True
5WRib5rKQek,0.34633024855614414,0.0,True
F4JYvS4ZqKU,0.6744976999799818,1.0,True
cmIlt95f2Pc,0.6532679351626488,1.0,True
qjuPPCtchS0,0.617212339481247,1.0,True
JxXpqCM-Xes,0.3369842294815332,0.0,True
ya8WIcFnrvU,0.4175822464040234,0.0,True
ZyBGkXJqlyw,0.6495061796767554,1.0,True
rCRsSZO5BWM,0.5925023278229788,1.0,True
hEmYHOmBUt4,0.35638923913201415,0.0,True
ni6M4TDPsAU,0.4155245696627404,0.0,True
jZEI0KJ2kIE,0.3868893171473051,0.0,True
ik507FbmphQ,0.6550638833194076,1.0,True
x8bLaL4wxHU,0.35172785026170034,0.0,True
qZo3VKTgEeQ,0.3749747361880539,0.0,True
_G6_Vcvx-xc,0.5503570224714907,1.0,True
15fMjIsl__U,0.5925023278229788,1.0,True
R0c2qdU0jlo,0.6552646111883839,1.0,True
X6N40uF-yz4,0.6550638833194076,1.0,True
4wWpjURBnyI,0.39793548981619586,0.0,True
AaGvlMVQyNA,0.378428134965477,0.0,True
Tsy3t4uimlQ,0.4330073713396902,0.0,True
OgznT78kmOU,0.403428134965477,0.0,True
5dKF6hpnoUo,0.39409599823416885,0.0,True
jKY3GUmcUu8,0.2587422193193073,0.0,True
HPcGSf8csP8,0.6185677622869741,1.0,True
zEauaI5RYz0,0.6355976907189845,1.0,True
fOBMI0JdsJM,0.6443111951473646,1.0,True
vC0SlXqiBKs,0.660665559446475,1.0,True
1T-2yfZxarM,0.25164994277622266,0.0,True
xNoeWQXcooI,0.40199652493594906,0.0,True
Iftmj4eYXzc,0.3730294830500066,0.0,True
qKGKlZoiwvo,0.5737430567270903,1.0,True
0eQ95fi1BHY,0.6166717327152754,1.0,True
enpTF-JI6xs,0.3337291406098467,0.0,True
kKu1G25f2s8,0.3487007244496458,0.0,True
-TKWxm6UlPQ,0.3878479764731044,0.0,True
q1dxkkV8pVI,0.3257378488827059,0.0,True
CwmvwV9IyAQ,0.36774646500452957,0.0,True
ZSvgTE7TK1U,0.22147414893704642,0.0,True
9l7f0CiNFvo,0.22147414893704642,0.0,True
r8sShBo6zMQ,0.22147414893704642,0.0,True
fma9T6pHg4Q,0.22147414893704642,0.0,True
IWZMLaafEzk,0.33632008080161535,0.0,True
FCuk1e1BLnQ,0.6166717327152754,1.0,True
tFjBwZ3gNsk,0.41235102003492596,0.0,True
RSkMExtw5lE,0.37515201963597977,0.0,True
ddGZ9ZEJg2Q,0.35043617230019314,0.0,True
hUI32cpBMqQ,0.3964033076166253,0.0,True
HZQQeHViIXE,0.5765082870463317,1.0,True
_FxPReFKftM,0.6512469402845111,1.0,True
3e1IJNoQ22c,0.5342249245860072,1.0,True
Y-iLVhS5jpI,0.37315642169027174,0.0,True
LeHUmgLzDT8,0.5903231605617646,1.0,True
06FpwedKXj8,0.5995265625228827,1.0,True
qcwfxhSD9u8,0.6305265185706969,1.0,True
I9wFvw_ksWQ,0.3981303146879407,0.0,True
TrEON6B_PtU,0.49948512319479493,0.0,True
k2cL6T_ehNA,0.6018706552195416,1.0,True
09VFlMPZWmY,0.607763369881922,1.0,True
vwzn2SGQQJA,0.5276390880929459,0.0,True
GxhPuUEGF_g,0.5508097745166995,1.0,True
yxRav5KBLd4,0.3399375354425299,0.0,True
MGVWX6V0_xI,0.6583582886250532,1.0,True
IcimAr-YRHs,0.6212615621264568,1.0,True
WqMbKqNoSZg,0.47408720732093057,0.0,True
Obh1ClmJXWY,0.5504262522746959,1.0,True
o0kAthWrh7Q,0.3972103658485802,0.0,True
nRXk29qW2LE,0.3018647437287646,0.0,True
2E-WWPtd6hM,0.6600544209346281,1.0,True
AjTSQsjtTDk,0.2441627891627892,0.0,True
kKrRjN3EqHE,0.4197694075324665,0.0,True
5DdFu4kU3Aw,0.6216669937730532,1.0,True
3tl80HC6u4k,0.57605008759625,1.0,True
yeQqctr7tFI,0.3537234482074083,0.0,True
sZysF3G_nxI,0.5871778487240111,1.0,True
clyNvJQ4aI8,0.37968429260094494,0.0,True
FlI-DUYnBdw,0.5954115179921631,1.0,True
tv_oV6l3iU4,0.6144688261929641,1.0,True
-bB2mC0xhIA,0.31781335243599396,0.0,True
ifgSCVDsGXg,0.3592613381074273,0.0,True
N6nPIjB7tnU,0.6874978353175705,1.0,True
4-hF-vAwi9w,0.6332155657962109,1.0,True
BHocYAh-WMg,0.6874978353175705,1.0,True
BthX9MMN_oo,0.8473995321832459,1.0,True
InRkiaXJe2M,0.6606571391997659,1.0,True
iXzhovVKSMA,0.649693916841502,1.0,True
0KmFXbTmqKk,0.3313830226754934,0.0,True
oMfXc3C_mBc,0.6655425032366147,1.0,True
nfQL1a-FTcA,0.6874978353175705,1.0,True
cfF784UMoHY,0.32329331515733595,0.0,True
_DwKnrFuC4o,0.57605008759625,1.0,True
aoMhmuDsswo,0.4177153162910628,0.0,True
BAwFeAh6cY4,0.5521910347716799,1.0,True
BqTxKaZ0LXw,0.3749747361880539,0.0,True
2R05Oc8UlSc,0.37351841264049795,0.0,True
O69qm-QtI1s,0.1421911421911422,0.0,True
g9b1Yt9Xi5k,0.21297036297036298,0.0,True
GSIlwJnwNNM,0.6384043999505624,0.0,True
MgWRgNilaFU,0.5968568858944566,1.0,True
c_1npkvE8fo,0.41913283859143735,0.0,True
PB4_byTOky4,0.3669799511020364,0.0,True
aJRa_F9SotE,0.4177153162910628,0.0,True
Dr-4a-IJBuc,0.3582557211723736,0.0,True
F6cuSKTjD3w,0.6719885760583112,1.0,True
XKJ8n7Er-ks,0.2678133524359939,0.0,True
Uw_l0UwqCzw,0.6739194667766096,1.0,True
ivWGVWb_ZEU,0.6116394716394716,1.0,True
wVAG0WJyfx8,0.3987119772458273,0.0,True
odZzW4X2Ebs,0.6091660707122332,1.0,True
5unqHsSEygQ,0.37315642169027174,0.0,True
09KeusYHe1c,0.388441706812217,0.0,True
PZBpdAmfbAE,0.6361197744510552,1.0,True
gggWI6ESbhA,0.532224325302237,1.0,True
D9HFPF2xRAA,0.5782186063145583,1.0,True
u00hWpRUAlc,0.5991819437632244,1.0,True
8K5Pw4cp6OI,0.35269503134993097,0.0,True
2Wqamh5O7P8,0.6232924539168875,1.0,True
bte2b6awhXk,0.5765795668166579,1.0,True
_NQZHnnApfY,0.6786760378638259,1.0,True
66Q50TjUPYM,0.347211086039863,0.0,True
V8bRJWW_3xo,0.43637891076110885,0.0,True
RRCKE4NKjog,0.6222837045602225,1.0,True
CbyDXY-p6g8,0.36834416566204425,0.0,True
vqHC3ja7yQU,0.6113340410650073,1.0,True
ClX6yCNuM08,0.5937221007664999,1.0,True
ebs4A1qDAtY,0.35127998361454743,0.0,True
5qWZUUttT2c,0.46036130757524807,1.0,True
7RH8mUunro8,0.4177153162910628,1.0,True
rru6YhuyCss,0.5208917909868489,0.0,True
llKf_RIiyfU,0.3962867448624914,1.0,True
i6Sx-C0ETLM,0.4785192646940845,1.0,True
Kram7NNqzGk,0.45052927054986885,1.0,True
Cozv5LgsMTc,0.3759929138961397,1.0,True
4KnOMDwfzew,0.43963370019970843,1.0,True
MDR5UGbtrK4,0.4929944853838271,1.0,True
pC8WRuOvRj0,0.4643631586392928,0.0,True
wSEySfSb0LU,0.4137685423353005,1.0,True
jmaW28yqjr8,0.47352145317494576,1.0,True
NbBArtVrNww,0.5722823529067864,1.0,True
VYy_bMWxxLE,0.3582557211723736,1.0,True
zoUzO46REhw,0.46224726454509507,1.0,True
d664aC2zcgo,0.6031680848440005,1.0,True
9PKikmtSy5c,0.570980684174548,1.0,True
vLHrsBIm1Ek,0.5660456861627413,1.0,True
cQ6XAO7_gwI,0.5026609129667922,0.0,True
KLNJZDwf3f4,0.5117903146970224,0.0,True
k9_UTjjJrFA,0.517689771606527,0.0,True
pt4ApvW42ZQ,0.5279224125825059,0.0,True
gsxBCGN1vVE,0.4835117267631374,1.0,True
KbJ7UV83K6M,0.5494440562309368,1.0,True
jTnQNTHHCoU,0.5314285995794863,1.0,True
e5TrqPju4cI,0.4884401323568877,1.0,True
eZNavIlgZN0,0.44337264648819297,1.0,True
YaszrLnUx9E,0.5661218642658723,1.0,True
6GAOqqA10rU,0.37094112274267566,1.0,True
KQYq722lUOY,0.5107692901368159,1.0,True
JAsquuQtxbE,0.39896883835093216,1.0,True
8IrdFZeKigA,0.3909224486063545,1.0,True
gr4Lis-OCjs,0.41627478941305246,nan,False
ED18nMr0-iY,0.48871346185172493,nan,False
AvCRsPvyCQo,0.5262756301923855,nan,False
vLEXQgj3dDo,0.4379210024927489,nan,False
wY3aGNgpL1s,0.38727828548955484,nan,False
GZ96KOEfV3E,0.4923698936858204,nan,False
Upb95yGDspI,0.481050316178841,nan,False
bQutiqok5Z4,0.498904441327058,nan,False
xKgV_gM00F8,0.4702624117484538,nan,False
HBgB-zvt6gc,0.41913283859143735,nan,False
AmzOJX_Nm60,0.3645070644035396,0.0,True
AgrO0-OD4TE,0.36145627813104814,0.0,True
vKy1Gp02U-s,0.36032514155109807,0.0,True
QFPCk56lbBI,0.22681998656890795,0.0,True
MAaXHhxqbtE,0.6349874065354167,1.0,True
p4fa6iM752Y,0.3556393786463646,0.0,True
YohicaJmk8Q,0.6245722594170555,1.0,True
v4WhH41sCxs,0.22024081925789946,0.0,True
upax2zCAt2k,0.2515142676675274,0.0,True
amacG5k0vHc,0.3209599782013575,0.0,True
euO0IszE9cs,0.2524939421165836,0.0,True
FbCJ8oeEpDE,0.25027195027195026,0.0,True
vsbHPLeLDJk,0.20249394211658361,0.0,True
GZAQ6_CoolM,0.6354053282028811,1.0,True
Uo4Cxb1lVhs,0.7933394265014742,1.0,True
ZbElZM_Qh9A,0.222043722043722,0.0,True
9MKE-E7EJDo,0.21076167076167077,0.0,True
fSvah9TI42I,0.21076167076167077,0.0,True
52R6vKE8N-Y,0.18898989898989899,0.0,True
w0fEc2UrM_M,0.22711264638975476,0.0,True
biAVEY9151U,0.6496612434112434,1.0,True
f9w9PCSOZ5c,0.571366675769981,1.0,True
j5sGmJ0FPIo,0.35172785026170034,0.0,True
cqgvtN5yMx8,0.6782924909628998,1.0,True
rrvZqhnmh_w,0.6583582886250532,1.0,True
Dv-V6TLEFx0,0.620610515191796,1.0,True
mLdBt2aXt_A,0.4236059946846561,0.0,True
trHT8QtDEoI,0.6186286576662285,1.0,True
3QMUMV4AhyM,0.726359922907488,1.0,True
wnz29i2WqGE,0.6646208011375657,1.0,True
5UJAromhlIE,0.6288974918035304,1.0,True
o2or9l78-aU,0.7044071391997659,1.0,True
psj8PBNokiU,0.6851989847428579,1.0,True
j6K1CMtleAo,0.7446645520378239,1.0,True
bs0qaS6U2Xo,0.6416451349561356,1.0,True
oM8r8OfVukg,0.6793929083893929,1.0,True
4WBCV6zlK_g,0.23653955618248168,0.0,True
UURI8VoCews,0.6222837045602225,1.0,True
zLjTt5LgCTc,0.3602823630287368,0.0,True
kLsg0xh7H3k,0.6638836491301336,1.0,True
xbbIrOmWN5Y,0.533860472175925,1.0,True
3BtcYM-lTGk,0.49219351308558956,0.0,True
vIFqptnF9pM,0.5891160909738444,1.0,True
ljxuRTsejlY,0.39295131896064517,1.0,True
rEsoePF7keM,0.6389973737122701,1.0,True
y7S6sL1A9lY,0.4760480097409857,1.0,True
Ncp3q1g8iZI,0.572572257892909,1.0,True
CylTUVBmCqc,0.41150404697380705,1.0,True
HlxMGV9GCrA,0.43138519557957783,0.0,True
5edfLA8pYAM,0.5300522776811977,nan,False
8Zc8sWNYRdc,0.40772784293131553,nan,False
BrwrSAoGNX4,0.41150404697380705,nan,False
iDEXAOx_jD0,0.41008652467343243,nan,False
HRroCHHPwV8,0.46562092647316566,nan,False
d24lFAPRmP4,0.44351263308437944,nan,False
oEdRs6RvqMk,0.5952754358913658,nan,False
2qu54710qIY,0.5211082412032992,nan,False
oafQ67BerTU,0.4073341365285244,nan,False
6TI5MkODC-k,0.5670790537294663,nan,False
JCKLQvHyfeY,0.7607132000572205,1.0,True
bBJcs3dRfgk,0.7936290993710555,1.0,True
i8sUX6kWySo,0.6914661162820349,1.0,True
qoxiXitHves,0.5940738766726705,1.0,True
kGtfM1_ycls,0.3248003622408406,0.0,True
VW0IZ_rijF4,0.36121429596391075,0.0,True
mqqJghDPq6Q,0.3448089526874082,0.0,True
kv1HcIJby6E,0.3073337630298195,0.0,True
yhx-K56q944,0.30697177207959325,0.0,True
ftLwQMG7dGs,0.36647262841026046,0.0,True
lUQFRjkRXPY,0.32731659966580007,0.0,True
H_1CijqOTzo,0.3716922418120766,0.0,True
miipGhe18x0,0.6302374566813242,1.0,True
z14eZbuLQfw,0.6513472524743016,1.0,True
9WQz_uiZorA,0.41744846108667544,0.0,True
cl_z9B1lHPU,0.7571733547658663,1.0,True
B9YcQRfbHqY,0.6039452365703756,1.0,True
waKelGCjHvM,0.7560953927025356,1.0,True
4Zk9RdNuQ4I,0.3296783638004491,0.0,True
UlfE3qRTuLA,0.23185799741612279,0.0,True
gJ1kwyvKH9E,0.32919747740874683,0.0,True
6sBpPYOlXi4,0.4204527962145053,0.0,True
P3yfBj3qKeA,0.5510034069008346,1.0,True
PeCIDDYtpIQ,0.23855431543502145,0.0,True
0Xk7k2_9Qss,0.5723307434374136,1.0,True
pLvz2lE8scM,0.5167061094180317,1.0,True
JwZHg_8cbtg,0.7738753308528235,1.0,True
yKNZ46THm_A,0.4460182163984741,0.0,True
l8JrQQ_5-ck,0.32731659966580007,0.0,True
LPIO6fwYmjE,0.7729329586184426,1.0,True
O01LxhiE0y0,0.6039452365703756,1.0,True
5mODXoPy3Kg,0.6011158820168832,1.0,True
xyxRDgZmLN8,0.36584971406098343,0.0,True
YRYwfqobTCg,0.611117989496285,1.0,True
5jOOjrpbtu8,0.33602268019954334,0.0,True
YJ_nAWGytMg,0.36584971406098343,0.0,True
exSuNmioteo,0.7615887472742312,1.0,True
pbTA23i0LDQ,0.35480125166527243,0.0,True
FbtKLwbe9w8,0.3438002275997323,0.0,True
Xxq3JznX-4w,0.36584971406098343,0.0,True
23KYWDoXQB0,0.5793670587343694,1.0,True
SwekmHyVUc8,0.6039452365703756,1.0,True
afZ_MOPMjOg,0.28217072956447453,0.0,True
fS1Udp6PZCk,0.2569717720795932,0.0,True
BAI8Wh8mSyw,0.3026573704568752,0.0,True
okT_2SShYqM,0.3008041114793846,0.0,True
Rb7iZp_zkKE,0.6271732744867073,1.0,True
pzMMnO_9bDQ,0.5899359539035444,1.0,True
BWmTwm7UN5g,0.6232104499479102,1.0,True
Qi0CjPByrNk,0.5713219940807488,1.0,True
CnBBtCB7pws,0.32919747740874683,0.0,True
5sFIJ2g2QMg,0.3923399709067291,0.0,True
JDHODmzAup8,0.5807845810347441,1.0,True
rsNehpOzTGQ,0.30697177207959325,0.0,True
wc_t0P6e4YY,0.5807845810347441,1.0,True
UwPF_TP_o2k,0.2507953014913579,0.0,True
TPDeOPqj9rk,0.6759568570227757,1.0,True
wiwocNxzmrY,0.575605303248476,1.0,True
hhgpL59xW3s,0.3344873764228603,0.0,True
fQc8gFzjFzM,0.4096849945851587,0.0,True
vrhJewITrWw,0.3492807644005992,0.0,True
R_9op79DYnM,0.7729329586184426,1.0,True
wLqAXRRcYzM,0.31277602891365064,0.0,True
jAQT-xM7lAs,0.3007953014913579,0.0,True
J3wgysSIZQ8,0.39466015026332146,0.0,True
pzur56ncXHc,0.20678991184254342,0.0,True
y9tdghKjJ7Q,0.2771447382181531,0.0,True
F2Dykhk5hAI,0.6073251899503289,1.0,True
Z-_vQNbs_Z8,0.32955946835897304,0.0,True
Prr3vAai-tk,0.378428134965477,0.0,True
fVpsyLusfX0,0.8309974747474748,1.0,True
GN4zAPcJzKA,0.43242313629419515,0.0,True
8RsSb73iqc4,0.3101676100544625,0.0,True
WPnSt-H-gvc,0.4330073713396902,0.0,True
bWYTg67sbKQ,0.40968171970224326,0.0,True
IhGkhXFeKU0,0.6891672657073222,1.0,True
BS7FpoZzEdU,0.5648355474343414,1.0,True
JwDcQ-9evqY,0.6692276021080368,1.0,True
Km-3G7OEZa8,0.27497294235728675,0.0,True
z9lQ3BgvWOA,0.3868893171473051,0.0,True
g7U_vaIrJyU,0.28606250132671224,0.0,True
PkktBG7sMKQ,0.5972277119481701,1.0,True
7pIHzPUtamw,0.2775703449546893,0.0,True
5d-6VAjrnd4,0.1921723334137127,0.0,True
z0GiC5CR7ug,0.38109392410091003,0.0,True
wlCs4N1Zt7Y,0.32167835716306764,0.0,True
LC8VJWajskU,0.32409927124418825,0.0,True
K3FkELqjwGc,0.33524802740256715,0.0,True
RW8rwAu1SMA,0.2607218865859074,0.0,True
BvYQt73tj6Y,0.323737280293962,0.0,True
OfkHhKDZBhw,0.6504503050315857,1.0,True
gIulXXXMXeE,0.4078988597795658,0.0,True
ZrY0weFu1jk,0.583326635197076,1.0,True
zggEFiCjaFc,0.1718275058275058,0.0,True
poyktPbQFdw,0.3120484877974092,0.0,True
CwzMqvABsJM,0.5979124616193867,1.0,True
r-rDOQ1u9RY,0.5294591100899921,1.0,True
e9ZO-XAwrWc,0.6328253691454095,1.0,True
4fHCUUu2Fys,0.6470703516516323,1.0,True
_bhFk1lt7zI,0.2570371982785776,0.0,True
ZytG0Wfkzsg,0.316706071592924,0.0,True
a6aRI0QiSRE,0.6089378929213157,1.0,True
gah_jgm8S_4,0.6018226026846716,1.0,True
cJaZScN3FY4,0.33428888609043905,0.0,True
qeaH8sB4Vuo,0.24530274518959763,0.0,True
t1-zMUMh52Y,0.5503959345756122,1.0,True
ybGobWSCH5A,0.6166717327152754,1.0,True
Tr7n1k2nfyg,0.5710981532499239,1.0,True
g3bothCd8NU,0.2570371982785776,0.0,True
MwXC8s8jmwQ,0.5821968943244207,1.0,True
DMz8RlsdB1I,0.32409927124418825,0.0,True
tBCmFlpFNrA,0.42622555278317875,0.0,True
tgmlgBNlO3w,0.5977063311590856,1.0,True
Z60NQJtvnOg,0.2734196283064807,0.0,True
I3c4hvl2pT8,0.27497294235728675,0.0,True
J5mwAkWJ2Yw,0.3620192035768296,0.0,True
DXcgB3NOG4Y,0.3955135205345435,0.0,True
iLSAdI8IeSU,0.330582952848681,0.0,True
WHcA4rdqvGY,0.4150460159583801,0.0,True
Y-BbNRvtCEU,0.289747189634042,0.0,True
Bs4nAGOhs-4,0.5791510895544778,1.0,True
8Rm0dMjMPho,0.6533909402928945,1.0,True
emIEM6M4Yz8,0.29123030597922733,0.0,True
6sFLvsBBARw,0.61196981049548,1.0,True
bzb_uPP9FuQ,0.5941256142647917,1.0,True
_LvQdrNaFGU,0.3101676100544625,0.0,True
uO7mCXnIJz0,0.25539141514033653,0.0,True
JkjB-kCtNJc,0.3548771950378811,0.0,True
aan0NRpCvaQ,0.3878479764731044,0.0,True
-87uzWRb0KI,0.31634408064269776,0.0,True
W14UCGfVedg,0.6339064719506503,1.0,True
0gHAuYdDGVo,0.5417963377265902,1.0,True
rjyuCA6_O60,0.25601908168702414,0.0,True
zqj1j8WTVxg,0.29168485143377276,0.0,True
lCvU6ZhoZD0,0.6117672474748082,1.0,True
zBskXJQoy9Y,0.6117672474748082,1.0,True
sBNMrCJkBfQ,0.6033134098774778,1.0,True
R8tJUfdZ9l0,0.6117672474748082,1.0,True
Dq0rzlq1qeQ,0.31634408064269776,0.0,True
e2uUBY1TtEY,0.309713064599917,0.0,True
ED-9-0ka3M0,0.5434112434112434,1.0,True
1aCwQbVX5rk,0.2122835663808958,0.0,True
sIhT-ldcHnE,0.3194416874486734,0.0,True
oz5neNMGyJo,0.5538811160153673,1.0,True
TrOTWDTe1Ww,0.5651961102453532,1.0,True
Yv2wWMPwc4U,0.3278548277513029,0.0,True
8Y6M35HCtpY,0.21065509203440236,0.0,True
fubjCfwYRc0,0.6245722594170555,1.0,True
CBsV2nDSL-A,0.5723256569225936,1.0,True
OikwjQZq2L8,0.5767776505753646,1.0,True
kuMnkCd-Lbs,0.6089378929213157,1.0,True
1zeUv6enPbY,0.42455289539911867,0.0,True
g0Ih61PxNWQ,0.26803428816056807,0.0,True
Knf6tEPiU_U,0.43051889207701743,0.0,True
8iULWSaP7yQ,0.3101676100544625,0.0,True
PyBJWeWp4Ik,0.6527650327446949,1.0,True
opviO-_D4Cw,0.6862080043115781,1.0,True
3lNH6bimRdg,0.6222962157591133,1.0,True
Yj5mw3MyOQc,0.6297808451590432,1.0,True
RkoK1WGAQkI,0.35638923913201415,0.0,True
B-LCBrpb3Dw,0.43540363042465335,0.0,True
7Q2iXqYpEnI,0.609240485105595,1.0,True
Joypxer9AjE,0.30815946904981245,0.0,True
fvdUYxlqQ3I,0.6146706439477524,1.0,True
HrfyOM4OatI,0.6767965505546945,1.0,True
9HDom4XwJdw,0.3101676100544625,0.0,True
dvxix8bNpt0,0.5416788686512142,1.0,True
mRiLrlaLu9w,0.5844957448991333,1.0,True
SFnF84kCX9o,0.561970944487457,1.0,True
A-MewMUAfJ8,0.5623988453828789,1.0,True
DxkSomjlAGQ,0.6545580363806965,1.0,True
yQzEicu5Q2Q,0.5688249953434831,1.0,True
9UqvAHqOAMk,0.6532679351626488,1.0,True
dLphrgTO_g4,0.3396849927122626,0.0,True
1K6QQu1qhXw,0.5979124616193867,1.0,True
vh3-55aK7p4,0.5966145373557799,1.0,True
ZeUQRVgY1i0,0.7628246476172743,1.0,True
BXdqxOQgzHs,0.32398982302422924,0.0,True
7soHMuk-LVQ,0.35995445124692205,0.0,True
-6Wn5YpHiU0,0.5658726552920303,1.0,True
NA6cl3a1Kb0,0.6851989847428579,1.0,True
hIub95y75no,0.567405289116369,1.0,True
cu8e8rp4Gtw,0.36443219176060887,0.0,True
28O7j4-0y9Q,0.6845383304017829,1.0,True
01DFUsSKCU4,0.18475470889263992,0.0,True
XjUeOL7RX8A,0.5836334548582487,1.0,True
8NOeG6rvoMI,0.5822054647861099,1.0,True
hsnwWve3QxI,0.5692404098188303,1.0,True
asfU2gzZTcQ,0.2437082437082437,0.0,True
rs0iHPnjKvw,0.34555137967346505,0.0,True
TJl3sOq--4s,0.5669744768685548,1.0,True
R5MW1c3hBO4,0.35545404507668654,0.0,True
j8lqWP4hOJY,0.3252065520872581,0.0,True
28krb9srNU8,0.5873942989404614,1.0,True
7aH_GjhcUqA,0.35172785026170034,0.0,True
1_JBLvGyLX8,0.38910413410857236,0.0,True
5SyVeNt4wMQ,0.5991819437632244,1.0,True
_G1JpW-7QOI,0.5165816209933857,1.0,True
-lBlO6qSbuI,0.5350334539566656,1.0,True
BornfH-KHQw,0.6037292734886961,1.0,True
I6jAoSL1xZg,0.31972260677719017,0.0,True
HeqhAq_uWpE,0.6934618655679251,1.0,True
Zo6R9xP-QHw,0.6451478799405066,1.0,True
WEf7W60yy54,0.6267951989012583,1.0,True
0QJBMQZ4bOU,0.5930951304085632,1.0,True
IYJgM4_Ef44,0.5873942989404614,1.0,True
d5iehWY2EiY,0.6244963483265458,1.0,True
b17av9CvFcQ,0.6313973808450649,1.0,True
G10YzjHQDUU,0.5669744768685548,1.0,True
YdY8NYi9ahE,0.6394997278310086,1.0,True
QcPQmAP2uPI,0.6012490847958828,1.0,True
3SG8FI419tE,0.562992105688213,1.0,True
GCYVa6PhBVo,0.5508614560354335,1.0,True
YwDGm0LA98Q,0.6474512113096005,1.0,True
ZCjkd-Oh5n8,0.724411794929491,1.0,True
TIO-G-oWulU,0.6168827563021314,1.0,True
3TpAa6O-E_U,0.6389973737122701,1.0,True
RlYXImReKjo,0.44342091610532136,0.0,True
D4AnWEZGzy8,0.4258363663336639,0.0,True
pohX3rvHc2k,0.33860057636363533,0.0,True
nHMIIw1C2d0,0.8679150826265387,1.0,True
0wsF9gjmn4M,0.24868678670235952,0.0,True
_YeQINoh7AI,0.4278319642793719,0.0,True
YtNQAsRNb1o,0.24662822613322058,0.0,True
cMb6cb5Otmk,0.5741428291596484,1.0,True
Gs-mrHi98vU,0.39161038118632435,0.0,True
_d-HLoTngOU,0.6631667786045666,1.0,True
LCS_45ksgNo,0.2829216624266569,0.0,True
7bejxNz4BJw,0.28524857974802365,0.0,True
c_Rvh6Xc9JE,0.5565777830216506,1.0,True
wTSncNHc68Q,0.31543760455968994,0.0,True
7hVryxTFS1A,0.571832504145937,1.0,True
z1HDusxfpNA,0.571832504145937,1.0,True
F9jhYSp6IiA,0.6232924539168875,1.0,True
p2gp4lV_ClE,0.6640011182055096,1.0,True
38pX5HNDfYY,0.6572718632907708,1.0,True
rCZAR76I-5Y,0.6854052927785645,1.0,True
HmoEFZjEzYY,0.46282844024821,1.0,True
tP9TlC07Zog,0.46348386807485775,1.0,True
J747YfLaQ64,0.4352263226076256,1.0,True
dr9zvJ1YFxE,0.48597517594456285,1.0,True
2UGjKcS8g8I,0.5314625520334649,1.0,True
Qy9o6iq0rw0,0.5394615433782988,1.0,True
43X0Z8NfH1Y,0.5682737985476323,1.0,True
v-kg3gKY7Iw,0.5683563002065575,1.0,True
gT6bbfrlwJY,0.5858964284770736,1.0,True
XFe5zRvvb6g,0.5811536305018222,1.0,True
rU2bdPb8Nmg,0.6052722942378115,1.0,True
OxoQIEjqlwc,0.5161096850264404,1.0,True
Rm9XCxjhb0o,0.583805877722633,nan,False
Di3_WnUvmL0,0.42627422869442305,nan,False
usOIkVN-H-8,0.5043220100325825,nan,False
hwEOncuQx4c,0.5302021074791393,nan,False
o03PJNd-P9o,0.42716081641417886,nan,False
Mlxb-tuej6E,0.4822116735381388,nan,False
zVxEtGU89w4,0.423398411700959,nan,False
g4ICuvYq_8k,0.5786647606598778,nan,False
iXxwA_HymLA,0.4268971593372168,nan,False
1WMPUTkYi3U,0.3927406978992358,nan,False
kfJbXZwY8d0,0.3415658704552093,0.0,True
G40RjV6e9wc,0.644105849227143,1.0,True
nIzl4xU_NHo,0.37402442230052396,0.0,True
tKppoalK3CE,0.6522591858059839,1.0,True
lczeIL9eoeM,0.31559136059136056,0.0,True
zwFRy5Ao_cg,0.31559136059136056,0.0,True
y9yx31SLwow,0.6536358950190629,1.0,True
pOo8iIykNU0,0.5664013764013764,1.0,True
KREabw1T78w,0.41053966223552135,0.0,True
kIC-RbIBwxQ,0.5744195651092203,1.0,True
VRCYTgqBv1w,0.5764857364857365,1.0,True
yzlet55qzGU,0.5725941232707205,1.0,True
W7vNOlstLII,0.6230208565676547,1.0,True
CADsbW7IkKY,0.5659657275118899,1.0,True
pB3W9-GXYKk,0.41313202483475536,0.0,True
OLCG3qBgdfE,0.3972590089617395,0.0,True
gKQl57vKvD8,0.617673664447858,1.0,True
E1nMjI_OKbE,0.6874978353175705,nan,False
rPrwc9IrVIs,0.6022578341525477,nan,False
ARhHjtTRGU4,0.6261846413893404,nan,False
Ig3YaCDU1Cs,0.6006443638061285,nan,False
7vGX9ZQVIsA,0.5052901240755966,nan,False
dIP4GV0vf54,0.6494298312524914,nan,False
U8zAdsMqPfI,0.5596364728303366,nan,False
a3vbe8jGEHw,0.6030239858537089,nan,False
CL7TPCeMdYg,0.7541645019842371,nan,False
7u9d3_vR724,0.387311788090717,nan,False
-QDAHIPnPnM,0.8521247445027187,1.0,True
P3K6GD5gbpk,0.6185677622869741,1.0,True
INOvmk4W6ao,0.3463973788161294,0.0,True
RQ654kf_PVM,0.6716683454264893,1.0,True
n6_nbroXFdo,0.6747253546114733,1.0,True
c9mnjzXjXrk,0.4975567295687128,0.0,True
A2jOEUalmlE,0.7783339068765336,1.0,True
eybnG6d2RxE,0.7222334524040281,1.0,True
QjwRsKRbi_Y,0.7141629045632673,1.0,True
ku_K4Py3rwo,0.6744976999799818,1.0,True
dhfGojzMUOU,0.5158067671260539,0.0,True
X1mvKHMlEag,0.5075714028087736,0.0,True
e-d7JwBYNJg,0.5127764393573464,0.0,True
Jwe5e3Cu_N0,0.7158713137966122,1.0,True
J4QIuhM87rI,0.6874876094598321,1.0,True
WY53D9MAa3w,0.8025364827070585,1.0,True
YLkIXDwfBg8,0.6501658374792704,1.0,True
hL9xhPUQwcM,0.652627145662398,1.0,True
2uj0GqLYRZs,0.48336769613498676,0.0,True
rd2YYb9FPyQ,0.454692497581666,0.0,True
8sTHmOyQiNU,0.8350378787878789,1.0,True
VuGKdko-vZo,0.45962477692261305,0.0,True
AlffNr-Om6k,0.4367164755880338,0.0,True
sVK_EXZKHyg,0.4686680385280507,0.0,True
_RiqE2OsC5A,0.6976768654133196,1.0,True
Lawzw4e3ISs,0.4232082432952812,0.0,True
DDxnPOCxtFo,0.7628246476172743,1.0,True
Ut1M6xrSahY,0.5116484665275974,0.0,True
MyGYiHb3qZs,0.8584144173243665,1.0,True
ABTTLt0lY8w,0.7116672402098669,1.0,True
PyWk7ANxboQ,0.8678426051560381,1.0,True
7epiWbmNXMk,0.460633526279278,0.0,True
jCAARme-AD4,0.6627217553272141,1.0,True
yg3lmY2fZgs,0.95625,1.0,True
2xQZXOW4yek,0.6879748146357071,1.0,True
Fzaq7Rcsy7c,0.3909224486063545,0.0,True
CxS2ZMXqdcE,0.8201484230055659,1.0,True
MVwvelMB2JM,0.38460460555371234,0.0,True
v06zEAx0E7A,0.42294654266016024,0.0,True
DMhGIW3Jioo,0.6151472008547614,1.0,True
GQ7bB7p79vY,0.45385170772276656,0.0,True
2QBROboo4Lc,0.375078156301738,0.0,True
sBJnpLysFvA,0.7217305499860742,1.0,True
snegW3skHGg,0.8350378787878789,1.0,True
WHf_6vW21_4,0.5847684880290192,1.0,True
fpF1v6UZ1aA,0.6693088658256304,1.0,True
yh2vBb_zLN0,0.6853453375487326,1.0,True
lNGei6zh9Us,0.8629534123753352,1.0,True
tj8X43KgL3s,0.7217305499860742,1.0,True
INMlVjB_1zU,0.6470703516516323,1.0,True
KsjuGD0vYug,0.8436400293255133,1.0,True
lOm7uN5-LlE,0.7434632172213611,1.0,True
uOptUxSYeHA,0.6494298312524914,1.0,True
zPGweGdSnDM,0.4303620659357641,0.0,True
6kfHGTFEuqA,0.6767965505546945,1.0,True
cuuoEe5PpEI,0.35020655208725815,0.0,True
73xPR_TDBF8,0.6693088658256304,1.0,True
k0c3MnKOjrs,0.7141750888209211,1.0,True
aH7aQ-R0yYQ,0.7792723295285727,1.0,True
k4a9y5gT0Sg,0.40916836980932575,0.0,True
PDP_IH0z8RU,0.7798855888716077,1.0,True
agsszmnYEHo,0.8363984230055659,1.0,True
tWRYii__Z-g,0.6755064493366468,1.0,True
7yFkjhl8YfM,0.3964033076166253,0.0,True
Fqm-3frWcmw,0.6629644100211876,1.0,True
WpMIkoayypM,0.6744976999799818,1.0,True
zLzrRtiqLCU,0.5107088625140784,0.0,True
ZvMA_sCj3oU,0.4241665227003727,0.0,True
MFe33JQ6LeQ,0.8160095579450418,1.0,True
4_LZJUEnDlM,0.6438053482086535,1.0,True
h3y5n_57NP8,0.8055214919512791,1.0,True
X7B16XufxNQ,0.410073561954268,0.0,True
hnAuyZFPsck,0.7607233626588464,1.0,True
ciOuZh4TVPc,0.6724344283070092,1.0,True
kXePgRkrXek,0.6874978353175705,1.0,True
CrMA8Iq6ba0,0.6606571391997659,1.0,True
rIbIYX5NP9s,0.8134817563388992,1.0,True
QR5IMXxEZF4,0.6384186250257678,1.0,True
SAWg7mh-kG4,0.8363984230055659,1.0,True
nYpC2fpFGyQ,0.46454405695942846,0.0,True
DMrGSxUkPmQ,0.7979145019842371,1.0,True
hEQxPwW4X3Y,0.4038040735531889,0.0,True
f1ZXmuaYtl4,0.8202231679979028,1.0,True
md4-KHoBX_Y,0.6652593211435723,1.0,True
g5bdnx7nnXk,0.7187216553287982,1.0,True
zqbMirRAnGA,0.5956118484689913,1.0,True
bc8Gwv5xn3M,0.857693326962685,1.0,True
0A5Km4-n0Lw,0.6384186250257678,1.0,True
AZlTbwOxuE8,0.9162682491746091,1.0,True
3DDw6wYIP-o,0.6851989847428579,1.0,True
idhcLIhDO3M,0.7116672402098669,1.0,True
VqVBlZYy0ko,0.7783339068765336,1.0,True
XvXnzQGJw3w,0.620610515191796,1.0,True
KMA1fouIEko,0.6377113610759764,1.0,True
XabYFiEdSm8,0.8801484230055658,1.0,True
kUsV8KqFqic,0.361969615440613,0.0,True
bva3c6iaGe4,0.9138853002416198,1.0,True
i7uBgPrMn2A,0.9068951469039634,1.0,True
paQlM-KAKEc,0.8801484230055658,1.0,True
q79x9wqIce4,0.6851989847428579,1.0,True
ijhRNR4GUpA,0.6369813387054766,1.0,True
fh0MS91_eQ4,0.8053960385429765,1.0,True
2cy32nfXJbs,0.6211752837287016,1.0,True
mrSO6ihHe74,0.9071381397233406,1.0,True
gILXjOZ5Cm4,0.6726750181171919,1.0,True
Rnb_pr2atdo,0.7315455480249373,1.0,True
-DfnYpBAoYM,0.8628661508741076,1.0,True
KZ0HdDbeTl4,0.6703881942676416,1.0,True
r1YFtSZDDBg,0.8122290181132694,1.0,True
_7mxzkl7xDI,0.7640880871437071,1.0,True
lfeZMwhARCE,0.4071727718636177,0.0,True
oQIDGAfBk50,0.7331720876485923,1.0,True
tKhD2fzi3iU,0.6384186250257678,1.0,True
_7iTx85FRGQ,0.6874978353175705,1.0,True
6l3_bghaglM,0.6384186250257678,1.0,True
nLkEQ3Wpp2c,0.6851989847428579,1.0,True
RRUBCuA5YZw,0.41287150382605214,0.0,True
ZEFHuM7oHWc,0.6476342139986804,1.0,True
piUbCDwU84w,0.4116807900651344,0.0,True
ByG28pc7YoI,0.850200651318292,1.0,True
doTVgIMe1HM,0.7603166006962505,1.0,True
BeZUkdGGjS8,0.7541645019842371,1.0,True
fExzOcs-h6I,0.9404583153076868,1.0,True
mG8t0YTmAz4,0.8017026577731196,1.0,True
qfMGP0Ga66s,0.6662394255759576,1.0,True
zMIUZHhwku8,0.6255485784057212,1.0,True
Rs3KzqKg5GU,0.6640927348107503,1.0,True
zqcwzzmXYW8,0.6022578341525477,1.0,True
7kOGykIlYrg,0.7490955776382043,1.0,True
Mmo4AHZRZtg,0.8247922797905997,1.0,True
vWYvZ5XVj4Q,0.6185895203136583,1.0,True
upbJ6HrLg5c,0.66064373740774,1.0,True
fwJsoIa_Z7A,0.6874978353175705,1.0,True
eADmom-zoCk,0.6851989847428579,1.0,True
U6DbNTI_8Bw,0.6457622403435211,1.0,True
WPSfQ0iCV_I,0.7448094284299356,1.0,True
aslqWcp54pA,0.870760557962393,1.0,True
uGYK8RxNaCE,0.9454545454545455,1.0,True
EikkJRbhU7Q,0.8436400293255133,1.0,True
rscLLm-yuUI,0.7541645019842371,1.0,True
7dBjcNs9phg,0.8773389946748292,1.0,True
8sd5myz-qts,0.8274296008499629,1.0,True
Pu_GdyKTrdQ,0.6885866771853842,1.0,True
cvgf0MTGH_k,0.7386743259643005,1.0,True
XBYRvZlSzss,0.8530745595800056,1.0,True
Khm7wdhU6bM,0.5940275313409642,1.0,True
UOSOnQv9pL0,0.7879155234310915,1.0,True
KHjZI9Ookhk,0.5913949207965762,1.0,True
BoO7-TscznM,0.85764662742116,1.0,True
D9S2N32lGhs,0.7181099109038024,1.0,True
1RfRqZhFTok,0.7065390350816618,1.0,True
dnVEolXQatQ,0.6638836491301336,1.0,True
m-68RgcyLlg,0.6793929083893929,1.0,True
NFRbQhv0ygg,0.7153493134739779,1.0,True
JhAyWv4HRtQ,0.932971956413325,1.0,True
7WtdWbzBByo,0.5991230490245909,1.0,True
DalVDx-634o,0.7379414117875569,1.0,True
3iJarn3yGNA,0.645142557411465,1.0,True
Tep--7O8lBw,0.45812257161547665,1.0,True
IWQmb-INi7A,0.397704267162866,1.0,True
A4r8GWjC9DE,0.4719102984904362,1.0,True
UzveQgixnf8,0.5889290978189552,nan,False
boeRZCOYFKs,0.5546616460874734,nan,False
4nRaLPs8WxU,0.6354484100884218,nan,False
khFJWHIn2rg,0.5533388370353205,nan,False
KK85bybTEKA,0.5666458325403229,nan,False
U1xUMRzLw6U,0.6550621916693344,nan,False
nafcFbSGx0A,0.5849420657653366,nan,False
-wdksKMa0oI,0.48237962009762886,nan,False
gmrxGwybNjQ,0.6332155657962109,nan,False
RxabBL-EzQs,0.5877847786080495,nan,False
XIIo-dPNvVc,0.6274244208873184,1.0,True
wS6W8jrzus4,0.7111985681706694,1.0,True
zmq3SeHVewY,0.649369202226345,1.0,True
lfLtNFUJH2A,0.7918934719526641,1.0,True
bJOtTqG1gEI,0.6213971168404665,1.0,True
lMlJ13WbNFw,0.34754697761917297,0.0,True
lOGaFiRnoVI,0.6263849821453508,1.0,True
dV7Wf9mVJEY,0.383771601268905,0.0,True
jF5BaNY1H6o,0.25695528609321705,0.0,True
Oag7u9hDqNc,0.38893019248681415,0.0,True
m9vuZMOhTUw,0.6916843739164221,1.0,True
7SBCxJshFso,0.6063571136784004,1.0,True
Rpg2Ny-6oi0,0.6445142842798043,1.0,True
2mMMon83r2M,0.23583638583638583,0.0,True
E_GFRmNi79U,0.3976177751408901,0.0,True
ZUZVUnhiu-4,0.4127014593069848,0.0,True
l4JHRJd6IZM,0.7217305499860742,1.0,True
NN15jX_-OeU,0.6538185339891097,1.0,True
SqlGVHXuBOE,0.6256761691390668,1.0,True
z7wgoayNyp0,0.4085516305751128,0.0,True
tFpdLIrDF5o,0.3858607631891803,0.0,True
kKDOoSFyJkI,0.6663118237412886,1.0,True
udOxx0yj1rw,0.4108759058803441,0.0,True
QzqeMFUmFO0,0.43401346798142226,0.0,True
Y63sMktsSfs,0.40238861401988835,0.0,True
bzRYNO5oRZ4,0.30773245940228866,0.0,True
fouHF9odKUo,0.6961579809506075,1.0,True
DCEot5j8cdI,0.33593618817756743,0.0,True
ybUFuLpfrzU,0.7541645019842371,1.0,True
BlEitzzRrsQ,0.45299149596367155,0.0,True
CBSsL4u_nng,0.5498762614224237,1.0,True
HScpY9Puq4o,0.40961651262349863,0.0,True
kSpDSks5IcI,0.6903859751786019,1.0,True
8svh5AidafY,0.4318516709099588,0.0,True
ZjwUaugkAyo,0.6229093657665086,1.0,True
sITD719-Ujk,0.3600350765927026,0.0,True
ybRoFgTzaP0,0.4459735347092419,0.0,True
2DxoZIrHv_A,0.663570350177493,1.0,True
0WbB420r5xQ,0.455131829244895,0.0,True
Adx9yZBhkIk,0.38727828548955484,0.0,True
Nuv3ELHLJqc,0.7792093218687192,1.0,True
_rUFoLuUfTw,0.4459735347092419,0.0,True
BdSxLIM6_Hc,0.5808292627239764,1.0,True
H4vDDamYv5g,0.3842171815350602,0.0,True
4MHHJrWkYeI,0.42648367753845723,0.0,True
qLEIwaqklww,0.6361197744510552,1.0,True
8AoHwX6yim4,0.3784084107429746,0.0,True
mihFpA7fZjg,0.4328783716778764,0.0,True
SsYgqqf-Kyk,0.6571543942153949,1.0,True
BthRux_AT3I,0.4148572671126779,0.0,True
jpZH5W15KHQ,0.5741428291596484,1.0,True
Ka6EMpoDr64,0.6329849893230983,1.0,True
lqvH1bs8mJc,0.6389973737122701,1.0,True
yRR_fBtSIbI,0.4292990523060382,0.0,True
_gOaBQIQw48,0.3475649448828235,0.0,True
dILLnbH8zVs,0.354003740344958,0.0,True
o7K-l_U8Tao,0.40631032063094086,0.0,True
YEnFSqw0OZs,0.8872844827586206,1.0,True
JQEjVCX5PIw,0.6232924539168875,1.0,True
32CT5tF0bd4,0.7653825450853196,1.0,True
LNO4h1VS0NU,0.4104309072949281,0.0,True
h8vxjW6MvaA,0.6331024583984743,1.0,True
ZdVn8e--Njk,0.35307726679114093,0.0,True
JGZ22wtm6KM,0.8005707321214025,1.0,True
FEzlLe1Gmgo,0.6343132959797461,1.0,True
pVg4VcGV6D0,0.6438053482086535,1.0,True
3S72bFNlD30,0.42636620846308126,1.0,True
3mc48GH8BNg,0.5846505520177864,1.0,True
cDz-Ef8fyyo,0.5776375679681658,0.0,True
CJzWz7g52EM,0.4512144438984246,1.0,True
3Ma6plBKqmc,0.47388185739747896,1.0,True
WHgE-7X3_GA,0.5948015889746586,0.0,True
SOXRBQPSN6M,0.6355358704830663,0.0,True
QkCWK_YJ7uY,0.59790327608107,0.0,True
AXUIiHAL3M0,0.517282402685791,0.0,True
wk5FLcMWpcY,0.4599179497539014,1.0,True
z0mUSHQNVoA,0.6096017196017196,1.0,True
vjHk7YGV9qA,0.4377033608416239,0.0,True
LEtbmD0URGw,0.5827864411939844,1.0,True
xeZMoLym2OM,0.49059261923643066,0.0,True
uz7eKNtEXOw,0.35993184009037804,nan,False
xmEkTyw71bg,0.33869452796122523,nan,False
Am1RiRDyG54,0.4496840882639167,nan,False
2FtEZ19iKZQ,0.4996278501457108,nan,False
x4MpvU0GCs8,0.45381135107025505,nan,False
uLFiZfvL_L8,0.5193166800648735,nan,False
x4RMzwyYO50,0.45281376700814924,nan,False
FQr3plbXI6s,0.5063081244805758,nan,False
SifmSF3nvmI,0.5631515000092535,nan,False
j6v-McfKPO4,0.43111356601373013,nan,False
Tv6VQayLZ8A,0.3909224486063545,0.0,True
8xjjQo5EPsQ,0.5581264285723408,1.0,True
78lkDYtKTKk,0.30952205737050537,0.0,True
H6cP0brLMyc,0.5843341751286386,1.0,True
WfABpiDfpKk,0.3803799041789095,0.0,True
nlBhOCCv96c,0.40779568621289475,0.0,True
9HADbclLHrY,0.6074948306642701,1.0,True
7Zsn_T0HDP0,0.5574356945660528,1.0,True
8JK--BKpm3A,0.3962867448624914,0.0,True
2oIeAWRvyKQ,0.3981828208672261,0.0,True
qKoVsFI-IJ4,0.5840298827102963,1.0,True
bQPR99T4QAA,0.596545167169055,1.0,True
hf1SEpG5T4w,0.4845754572452889,1.0,True
6X85QMty9OQ,0.5750951229603901,1.0,True
richolvxH9k,0.2649037521618167,0.0,True
dw-drM28BSc,0.6038070887011667,1.0,True
zyZPnmTgNE0,0.33859676987255544,0.0,True
ln6SGVsXGPM,0.5750951229603901,1.0,True
EJHwqVwhYxg,0.5992645278526866,1.0,True
E6CsB386MZ4,0.6207145720613514,1.0,True
sl7wymmT2Hk,0.5704793892732172,1.0,True
rS4mQPNAOdk,0.72648354872403,1.0,True
Y_pgw-W1A2k,0.5833254257719738,1.0,True
2Jk0qttQjzw,0.5258650472531812,1.0,True
s3V7BJ9iioM,0.2607915076666898,0.0,True
XwuGsuEKYv8,0.40310116689573394,0.0,True
V7dhnKaGeUg,0.5946487941655136,1.0,True
3stLn29pRjQ,0.2672791569017984,0.0,True
hpx6MvZiEzY,0.5748715881746433,1.0,True
DOJ_K5FZsic,0.6188873287001924,1.0,True
TNwK6nLtz94,0.6157750451783504,1.0,True
8az8VgxYByk,0.5888320703124654,1.0,True
YUh2Rs3DbLE,0.6056742254674427,1.0,True
ls4JY6kD5bA,0.6138237706464307,1.0,True
zADj0k0waFY,0.618402423462853,1.0,True
_yj-hjzql3I,0.5696827540202919,1.0,True
mG2Pm3mSVcI,0.5489577456247862,1.0,True
8xCsWelmKt8,0.6000497424236048,1.0,True
sEVvXIQ_DLY,0.5568412880100919,1.0,True
ihoyykg3QTs,0.47238187332044157,1.0,True
8w5GqblpzKg,0.3647941827108351,0.0,True
V_aP810lVRE,0.36443219176060887,0.0,True
DE4P1pr_rp0,0.41913283859143735,0.0,True
YrqrIDpeqGw,0.5992645278526866,1.0,True
6s2Vil1GhdI,0.5988244342695559,1.0,True
27g6yZgBgD4,0.6423655203194425,1.0,True
7uydVaGukag,0.5990409930669398,1.0,True
Ea40OvCsTz4,0.3747847146912685,0.0,True
zd64pGNLjVY,0.6085035800209351,1.0,True
Z5mY4XLoy3o,0.6240269065066909,1.0,True
VXjxOT6uVBk,0.14246717509613668,0.0,True
3Dvc617BoA4,0.650222130392706,1.0,True
9-SReJo8Aqg,0.6260527255004096,0.0,True
N623MG6xnak,0.6408439726666327,1.0,True
q9vkT1eZ1-I,0.6408439726666327,0.0,True
LWzpGPE0QGo,0.29595915197778905,0.0,True
3j6BJ_EHLc8,0.283285164149185,0.0,True
Vr1JyqXdEBE,0.3745142715139622,0.0,True
HVGdJTwxdvw,0.3114736525369358,0.0,True
zyL3UVK5IF0,0.18329682518778384,0.0,True
QiJZ1a2ORKM,0.24408557034363482,0.0,True
htsEQ2vs3PA,0.25128627768227324,0.0,True
ivK8bz7IwRQ,0.29703502034981455,0.0,True
bAh4i3_k9D4,0.22527267046323307,0.0,True
ndoG8l02AR4,0.17586268693610185,0.0,True
vhr3dNErZWY,0.19550786056049213,0.0,True
Lv0E-Ij61V0,0.36584971406098343,0.0,True
nkDCjVzHFXQ,0.19408557034363486,0.0,True
rGN2M4kgBl4,0.1754103194103194,0.0,True
G3MDOghjqBg,0.28445540001352543,0.0,True
mboiukHzVpo,0.19756129409963066,0.0,True
s3LKrmUAxeQ,0.22669019276360766,0.0,True
jNGTqbbaBrg,0.21399061918118178,0.0,True
P54IcQZRQug,0.29822651286163715,0.0,True
qadWXFcPsvw,0.12680351906158358,0.0,True
n7Yqvk2nEEg,0.09911688311688312,0.0,True
f21JIlOcaVU,0.16627195027195024,0.0,True
vztKXeLcR1s,0.2753286462641301,0.0,True
0VUhTeBCO_M,0.15550786056049212,0.0,True
cecQCu9hKn0,0.27715354820617977,0.0,True
4Q7ASUKnTm0,0.28262527501902,0.0,True
mcYOCT_19o4,0.3007953014913579,0.0,True
qFcoQxer9cc,0.6007071090731735,1.0,True
9xJbaG_bOg0,0.6815458480495995,1.0,True
8ol-qsvS22I,0.34767968758864554,0.0,True
6xE5muLkNQw,0.2722730969490726,0.0,True
_7FvAutQh7M,0.15143282655910642,0.0,True
z4qcbzfG-MI,0.25624090736718724,0.0,True
4Wz6v6j76mY,0.13586486486486488,0.0,True
TSvcvjVOG-Q,0.1754103194103194,0.0,True
fS9bGGSSXsc,0.2590327962242856,0.0,True
iyTwKibn_ds,0.24696248075774144,0.0,True
DRxZyElXYeE,0.2574148074148074,0.0,True
yqZKi5y8JQQ,0.0890282131661442,0.0,True
1sGEN6Vobc0,0.2673588069814485,0.0,True
l78y0Nq1zKc,0.2678133524359939,0.0,True
G4dSAzJRdJI,0.21065923133812384,0.0,True
c2WtIpgdELE,0.2534796520739363,0.0,True
fruwHfVjWr0,0.3669799511020364,0.0,True
RpZBJo1ckmw,0.2902739375320021,0.0,True
a3hPrcebSOQ,0.27283876970279053,0.0,True
nrPEDbmQWDc,0.24517094017094018,0.0,True
GTW5eAfL2tc,0.31559136059136056,0.0,True
zfqHawI17es,0.21200577200577203,0.0,True
US3WLci1wjQ,0.34881297815828577,0.0,True
MDZrECbuCgo,0.17831215691073893,0.0,True
i87EmzcpaLs,0.27649154624253314,0.0,True
C3SISnlxTWk,0.1421911421911422,0.0,True
w2xMPC6xA6g,0.21519235481499627,0.0,True
JQX7SdUJGeo,0.620610515191796,1.0,True
daGUD3CB7UU,0.6823696301893654,1.0,True
VBAQr43v5hc,0.5873942989404614,1.0,True
m0JR03nxy5k,0.6661789109715377,1.0,True
a2nYw3gao7E,0.6022578341525477,1.0,True
dvAh0pp7tBk,0.5968568858944566,1.0,True
c_qIjQ5UAYk,0.20434762348555452,0.0,True
zlzk9DUaTA4,0.36564665928487367,0.0,True
tAugZKwcT1c,0.23885067873303165,0.0,True
NcCQPOAKNV8,0.40642778970631693,0.0,True
OMN-r6j22as,0.15085347985347985,0.0,True
1nAHTLGSLmw,0.46632343252621167,0.0,True
F2DGI8HZpt0,0.3381581800222008,0.0,True
80G8dsXOyvw,0.4287627079570958,0.0,True
paR68Z3YKkQ,0.39446843036470924,0.0,True
uD28A3zPCtA,0.5194818246111723,1.0,True
tFUg1L1dWmQ,0.3858607631891803,0.0,True
DZGzZSn4dqQ,0.3602823630287368,0.0,True
Z4mgxpjkmaw,0.4740706062431812,0.0,True
J6YQ5A6ovBM,0.4918811351325457,0.0,True
Ak-Y56SfkS0,0.3726361815892866,nan,False
KOH02ftE26U,0.4441923550445942,nan,False
MOo9iJ8RYWM,0.5018151768028577,nan,False
uEIVH6RyeTY,0.5842093886126938,nan,False
JSq-ImPEU2k,0.5882716611320367,nan,False
mQI-I3qbCZ0,0.6166745677743363,nan,False
4PPobRKUj9A,0.43340713714587764,nan,False
WcEQI7X-GJ4,0.4259046587787109,nan,False
SnK32dvYir0,0.24093667135038793,nan,False
Vc_g5SIPE2E,0.5032830468224436,nan,False
2J9p3I3Mdag,0.3834709404366501,0.0,True
3Ct5Tgg9Imc,0.38358240336358285,0.0,True
Vsw1SU3WKDk,0.6056742254674427,1.0,True
Ae_VXGTGR10,0.603102631762844,1.0,True
cjBPnIXK60U,0.6702032163974003,1.0,True
TXXj22jJU9Y,0.6085035800209351,1.0,True
f1aMNoocHug,0.3313830226754934,0.0,True
8S4ey7WAns8,0.36227796097444476,0.0,True
dShKRmG3reg,0.6056742254674427,1.0,True
RtVe68dqlDE,0.27882569258626516,0.0,True
xmmfWcR65kI,0.5694706399165522,1.0,True
FClZ_Vc7pbU,0.5306603133608665,1.0,True
IrMggF2Ikhw,0.5990409930669398,1.0,True
z0haYqIhQGo,0.3909224486063545,0.0,True
03uyN3WquIc,0.6409203210908967,1.0,True
23tzKPBxpO8,0.5774857019367878,1.0,True
rColrY4grU8,0.6362282389794598,1.0,True
scZVLCB1aX0,0.6362282389794598,1.0,True
bjoAgVRiKGY,0.2806877615517824,0.0,True
flSKi1BawHI,0.2139608277214003,0.0,True
Dk-bkeAOyrk,0.22343910806174955,0.0,True
zRVoi9CQYKk,0.14547806910071062,0.0,True
5Iq7rGqkZUk,0.22882569258626512,0.0,True
SVJf9nmZ0-k,0.12182750582750583,0.0,True
W99yR-nH1PQ,0.17404949767213915,0.0,True
I4VaK9DgUZ8,0.397704267162866,0.0,True
_xiBLEfIYkE,0.35208984121192655,0.0,True
mS0KeX9qwHc,0.31269710692207575,0.0,True
-3-dRuBvqv8,0.5775193494185088,1.0,True
jVtVMfxxkGs,0.22396107524947712,0.0,True
doTMUdBBq7A,0.21034293396557543,0.0,True
8AsSwM1HY8c,0.21441537317594572,0.0,True
kDECBQRJqA0,0.20580437430582182,0.0,True
qlwaXmvurqU,0.17808557034363487,0.0,True
-jUVINwjOgs,0.13950786056049214,0.0,True
iPwxqErrvak,0.19550786056049213,0.0,True
2hlKKBP0dcY,0.18280351906158357,0.0,True
qR3VCsElZdg,0.20128627768227325,0.0,True
nKearriPEJA,0.14280351906158356,0.0,True
YXgXw25E5RU,0.6333478918091913,1.0,True
SsL6RVQlIRk,0.6314399414623856,1.0,True
f5Kwr8PtI0E,0.19692538286086675,0.0,True
_oBdXG5H4-M,0.14280351906158356,0.0,True
IccXgIlOTZg,0.18862029083574178,0.0,True
aVmvLFgq0jE,0.13541031941031942,0.0,True
-6spz0ZfQQY,0.24408557034363482,0.0,True
mS2dyFyiC9s,0.15550786056049212,0.0,True
OUOz4oF4H6I,0.22064270701975622,0.0,True
0ewc_7nutG8,0.16680351906158358,0.0,True
Pnr8dbT20ZE,0.19692538286086675,0.0,True
JuJRJRpenTk,0.26342939486950995,0.0,True
kHDHuumS9Xs,0.3674412411943175,0.0,True
3hOdcPqTB8w,0.33617476658848316,0.0,True
I7LMRZPtIL0,0.31042536817844446,0.0,True
7vr8Rm9n-uI,0.13541031941031942,0.0,True
-sUTEqzoD94,0.09454545454545454,0.0,True
UOQCi8YBXuU,0.19692538286086675,0.0,True
xUt7-B8IfxU,0.31277602891365064,0.0,True
MCE0Kqjclok,0.3314458110361945,0.0,True
EraEV3aOMJc,0.258207434142918,0.0,True
bP09yHFtN6E,0.5549973596728495,1.0,True
In3b5ltGY64,0.3747078809836665,0.0,True
2T_RrcQMmeM,0.3081567160351715,0.0,True
0q9JQtZF5tg,0.24190719577343436,0.0,True
XroE3QR-56I,0.28185799741612283,0.0,True
mIqEn-GncUw,0.6670766648841899,1.0,True
nptWP7G8hOY,0.6269929130009775,1.0,True
bbhdHgKqlio,0.7076682260741464,1.0,True
CQWSKxrqbAI,0.7388781245636084,1.0,True
DU0IeYwVJHg,0.6598103289141262,1.0,True
i5fIB4Gqaec,0.6056147078727723,1.0,True
Hb6ZMPgpwLo,0.602527714270001,1.0,True
T3CZe5Rj_bI,0.5806110619239889,1.0,True
q--Atq5TgYU,0.34238270529935766,0.0,True
uZBV-jPmhMA,0.3841079078609842,0.0,True
_OGLP85SMq4,0.23185799741612279,0.0,True
xUjcTjezXhw,0.37415228056373595,0.0,True
ZSi30z0_0po,0.3511338321282877,0.0,True
cO2kRXOYkRY,0.26444920670727123,0.0,True
GhE2Tt63AyE,0.36129149957267764,0.0,True
qXZWQj54mOo,0.17779658280516725,0.0,True
s42h4VHpqlo,0.4808077202270953,1.0,True
qri9oDd1ILU,0.2960720435039854,0.0,True
hWMGRs5WvzQ,0.24937777919098333,0.0,True
FJY6T9b-PF4,0.1693362384741695,0.0,True
ExJ9t_SuK7Y,0.24892323373643785,0.0,True
7IbSJgvgyV4,0.22669019276360766,0.0,True
ytHIpZ9gNC8,0.3256302011273943,0.0,True
RvjvIQxR6kU,0.6221167063621609,1.0,True
r3J8UAg3KEY,0.2356813492296344,0.0,True
J5e-clEnkws,0.05454545454545454,0.0,True
OgmOIAxaI00,0.05454545454545454,0.0,True
sApOzGgqe-U,0.11100000000000002,0.0,True
-i3qAksNxV4,0.2502912757696584,0.0,True
qiX0Ixy2e44,0.28606250132671224,0.0,True
R4MofOh5Ymg,0.34754697761917297,0.0,True
Agd6X7_sTZo,0.3103741767457861,0.0,True
lCtv6jMphAc,0.35291536191784834,0.0,True
hV-cZrcHDfk,0.2283990147783251,0.0,True
5yof30j1v-Y,0.4169602461114888,1.0,True
5DNEvDwqCvs,0.27478045004466095,0.0,True
_YIIraretqQ,0.3386198314159405,0.0,True
Zwv2HBo_aQg,0.2865170467812577,0.0,True
cC65jxVYaWY,0.1971973791915953,0.0,True
P7eUpULnI2o,0.21173255183822484,0.0,True
dOd9YjPt2IY,0.6035369446632246,1.0,True
BI-UOyAZCY0,0.7338587570758877,1.0,True
55oIwErDr3I,0.6522591858059839,1.0,True
hgIPxuhAAQI,0.6213971168404665,1.0,True
xDT4ujlwPv4,0.37315642169027174,0.0,True
9FhPaxfRO4Y,0.33402547364811513,0.0,True
DP17ooOf_NI,0.3446966415606624,0.0,True
LRZ6r2N2x-I,0.3140530712944506,0.0,True
gflvhOeZNnw,0.2441627891627892,0.0,True
tBRPf3a6a8s,0.3225300147880793,0.0,True
i6l1Ai_gc68,0.25817036746894056,0.0,True
N9afgFkfV1w,0.09090909090909091,0.0,True
4pnUGdXRXN8,0.6186286576662285,1.0,True
q2jR6PmLOqU,0.21756132756132757,0.0,True
5Ugu7Mxsi38,0.315515767757147,0.0,True
1_ZczeKkduA,0.41624020213648094,0.0,True
5wmTbiiaIuU,0.22328782328782326,0.0,True
4qVL0BIM7H8,0.21404582345758816,0.0,True
CNDU5v7B_FU,0.315515767757147,0.0,True
QoI7QEvAljo,0.581750919064352,1.0,True
WpRFs0gUYRs,0.2937082437082437,0.0,True
O0qdEu7VjDs,0.13541031941031942,0.0,True
f_XVxYjmWj8,0.15993506493506493,0.0,True
tqo0h5jvtsE,0.15613275613275612,0.0,True
cTrwXW1duBo,0.17884337884337884,0.0,True
OVjL8kr7fEA,0.1716956115779645,0.0,True
PUAzU57wt88,0.40215292561376936,0.0,True
6xECaYzBOAA,0.592947937795808,1.0,True
ex_iQIhPAfU,0.3249086126143882,0.0,True
uYlv-fwohH0,0.2687161859575653,0.0,True
07XYwNzhX5s,0.3215845445915305,0.0,True
Xr0X54Ipnmw,0.3897722915738445,0.0,True
xGqfuo8jCEY,0.4796544631259538,0.0,True
zepni-psR88,0.32439912606895527,0.0,True
V5_YpWZGxmE,0.3964033076166253,0.0,True
V06kVp9f07s,0.45619139712996537,1.0,True
nOCGqqhJHI8,0.3582557211723736,0.0,True
cTsYMeTV-Fw,0.4999670709445714,nan,False
29KSDMfUrMw,0.5126398516928166,nan,False
OLKy6JC8wbU,0.4177153162910628,nan,False
13aIeYOidFM,0.5727243415857426,nan,False
8y49oKpFKzg,0.4816043472705315,nan,False
2lDnq_5uEnY,0.4362858385412493,nan,False
8aIh59slxX4,0.45245328596890755,nan,False
sFUL1pt_zA4,0.5222609457036598,nan,False
7mY3B8Ne_-g,0.4287627079570958,nan,False
JmV66EACeeg,0.4137685423353005,nan,False
GfuBbXZLPXo,0.6631667786045666,1.0,True
qvA10kkETY8,0.5738530007507261,1.0,True
oQQFMad9go8,0.34951657494697674,0.0,True
OvAb65858qU,0.6232924539168875,1.0,True
TU1TMp42dcQ,0.6382664727553163,1.0,True
ixNyE--p4Vc,0.17342109381792886,0.0,True
iwvXTzTOXLg,0.39043730475792504,0.0,True
Onb0ABUG1lw,0.6168827563021314,1.0,True
w67c2W2Yg-Q,0.29214188891608245,0.0,True
AGo9zbtnbNQ,0.3639898230242292,0.0,True
e2vkrtZWKR0,0.33284990828031,0.0,True
r-_UocprtRA,0.6178915056587964,1.0,True
dhoYi8_3yPI,0.2813857249354207,0.0,True
nWVHriSeR0U,0.3842171815350602,0.0,True
W2GKDq-i1QM,0.3944697857455713,0.0,True
oo0yS5iHUKs,0.40573882518349114,0.0,True
6p7f0aloEcw,0.405491538747457,0.0,True
YAeUBH1LlZ4,0.6206446926730219,1.0,True
3oQSZlnDYig,0.34472260677719013,0.0,True
-NhfmVQ2TTg,0.40215292561376936,0.0,True
m4IM4-U5M90,0.3273375863719926,0.0,True
z9U1XXpl6dw,0.6448140975653185,1.0,True
iljVwzzBeUo,0.2698405907527153,0.0,True
LMprh2trI40,0.24092668100318032,0.0,True
2ivOmL3pBtM,0.5859939725384851,1.0,True
1HltC3cr3kE,0.6090135188148207,1.0,True
IUr-ekpLmgs,0.3842171815350602,0.0,True
nSGQzOKM8Pk,0.38986580931047526,0.0,True
119kKhRyvMc,0.39161038118632435,0.0,True
N6WnIBr50Vg,0.6786760378638259,1.0,True
KIjbIarArkw,0.38526117483711797,0.0,True
EWOMRI5NR78,0.39161038118632435,0.0,True
FJtgQxdy3nM,0.6793929083893929,1.0,True
F3eJ_CybfL4,0.43429020393099427,0.0,True
ozGX3s97MA8,0.3757373653133085,0.0,True
Uzrz4tUn0mk,0.3668168951492141,0.0,True
G6keO9GTFN4,0.388441706812217,0.0,True
2ellStA-i8s,0.6417626040315116,1.0,True
pnk1tgMLjjo,0.7209748735079408,1.0,True
VX7TLZyzSZ8,0.5927133514098349,1.0,True
sebF7RfBlIM,0.6362441866980445,1.0,True
bJXL4R_dATw,0.7009145520378239,1.0,True
2zEcExXZJU4,0.6793929083893929,1.0,True
gBWVd4ALqIg,0.6795103774647689,1.0,True
B8aIdgDEWQs,0.6410218632907709,1.0,True
9NUqAnRawbU,0.3554023634120722,0.0,True
RGS1NQDhOQY,0.34874176094504766,0.0,True
OwEEbm0dQTQ,0.6266724072968408,1.0,True
U0EWmXlBjDc,0.6232924539168875,1.0,True
k7XRg9jaPAo,0.6438053482086535,1.0,True
wyNdFYjLsa4,0.3712655536001174,0.0,True
bVPx1LZKpbA,0.37459891043957194,0.0,True
y0b9LGbYTmg,0.41313202483475536,0.0,True
1vQwRkW3BCM,0.5721183422134002,1.0,True
yW-MpVDWax8,0.4596638814590979,0.0,True
Pv9yPjZanHU,0.4811952900752036,0.0,True
znYTliK6H1o,0.5994741635865579,0.0,True
NJggpJlC57Q,0.42636620846308126,0.0,True
ZIDjzG8Xhmo,0.5028887058587903,1.0,True
Uz8nYZUVTb4,0.546001114543314,0.0,True
dzVC8hZrquA,0.44342091610532136,0.0,True
_KS2kqi4SNM,0.5981142996679261,0.0,True
FmuFzx8xgDQ,0.44543252323007615,1.0,True
uwTlf7skIgE,0.6022000497077664,0.0,True
UueywtAO0lg,0.5204870059408637,0.0,True
j57bMnlzvcY,0.3533992213237497,0.0,True
ifiK4mYQqy0,0.40431472268523283,0.0,True
SQk7Ea6hbag,0.5263936276874321,1.0,True
QRmP3FjJLNg,0.4473332302072824,0.0,True
ISHWDGZh_II,0.48517741147121596,0.0,True
drez5rZga_Y,0.5266502833925342,0.0,True
gfj9bHAsUgo,0.5260334397403648,0.0,True
G3HqBpYvUSs,0.4858848022877238,0.0,True
ojQGhMmapsM,0.47388185739747896,0.0,True
UfafXG2N69U,0.5745413444522557,1.0,True
wC6IrcG4VjE,0.46418475139406895,0.0,True
LS5LnAkve8Q,0.36767556268000096,0.0,True
neBITBe63Kc,0.4645082965202797,0.0,True
aSkncejseP0,0.3990962206278911,0.0,True
3n6_VHRdOYY,0.5060221919960146,0.0,True
IjY4XruEUHU,0.4760480097409857,1.0,True
1jU4y2bcadE,0.4431838976424908,0.0,True
MKCWObCbR6E,0.3962867448624914,0.0,True
gLNRO3WjHh8,0.5767941717609354,0.0,True
AQCU_MLUHL8,0.5251861583091424,1.0,True
2uXOUOJ0RDM,0.44090461036320916,1.0,True
bCCfE1Vx-u0,0.4377033608416239,1.0,True
WhEyu4WmCbY,0.5774857019367878,0.0,True
UZ8gAd_LViU,0.43664384490800023,0.0,True
hcjJ23c_KhI,0.4230892114462951,0.0,True
m3LYFORZFBw,0.4177153162910628,1.0,True
j9vA997yGJM,0.5269122720514494,0.0,True
u8MeIie-4dc,0.5716611025621037,0.0,True
a5opndCapVc,0.5551453499010572,1.0,True
ZX7b3vQXQbc,0.47655832174521623,1.0,True
6LuRuIy1rNY,0.4592250044900549,0.0,True
KFDQm1-IkCM,0.49952800001271047,0.0,True
4hxG5Ba_Bx8,0.4592250044900549,0.0,True
L_VjITLTM24,0.4910441002905956,1.0,True
EGqgk2tfqwQ,0.4765667532855691,0.0,True
wmKZlq34xaM,0.4643631586392928,1.0,True
qk9eDtxAEFg,0.5281065103177973,1.0,True
xZZBba4ZC-w,0.4225575366957074,1.0,True
v-mB6Ce5PME,0.4820548509716063,1.0,True
MaoeMBZivXc,0.607472126395338,0.0,True
oilaryWteZk,0.48180719060104915,0.0,True
QWxGcLhgjMU,0.4578074821896803,0.0,True
vtLJjs8jdcM,0.4377033608416239,0.0,True
O82FaFaosJ0,0.5204049631854006,1.0,True
LbcisCY634g,0.4362858385412493,0.0,True
p1LjXJXJUMc,0.5145526872495647,1.0,True
XJ93R4MdRPg,0.4350340605089412,0.0,True
tn3w8cMHKus,0.5283761190423032,1.0,True
xQVxk8oO_Sg,0.564138482999884,1.0,True
4KMs9t8Mclc,0.40215292561376936,0.0,True
zlSXNkP0tjk,0.576356207179478,1.0,True
CdIKRrUr6xs,0.5143737957286547,0.0,True
rhtrpBjcYJA,0.45281376700814924,1.0,True
YLmqboLjUGE,0.4570767496732914,0.0,True
_ozwuT1BCJk,0.4298425113443515,0.0,True
dXVakycETx8,0.4764613551369615,0.0,True
pA8ppxKgkdA,0.42358149704234077,0.0,True
-NGCC_DXBAk,0.4377033608416239,1.0,True
HsA9ZImi_hY,0.4505344797288676,1.0,True
SHchoDoCKr8,0.5908489608026664,0.0,True
pF_yw7lVYqM,0.5162188646615788,1.0,True
eDBv0tziEL4,0.42358149704234077,1.0,True
AUxkwAHp9TQ,0.49471832769735424,0.0,True
a3g9KBlyj5A,0.4544374129530345,1.0,True
tKW1SQxSg2Q,0.4935509335203204,0.0,True
C8N1AgkRn78,0.48871346185172493,1.0,True
teta3ow_81c,0.4985707452042467,0.0,True
j0g2EpcEjlk,0.4530198906526599,1.0,True
Su4BkzigCa4,0.387161722735421,1.0,True
uUae5EQCl_I,0.43487396962358443,0.0,True
ATkRXZzvv4w,0.4870640764461703,1.0,True
phWmJQ13qgI,0.5107640353357761,0.0,True
aQ86Z6-KagE,0.4544374129530345,0.0,True
gnOIUB3fgaE,0.49273420071322727,1.0,True
IxSD_CkXMaA,0.5378340795645645,0.0,True
pNHcH07fVaI,0.3287471361966029,1.0,True
X1FbVLh4F4M,0.4868062448293893,1.0,True
OY9r7vbzWjc,0.42716081641417886,1.0,True
YpgYkTzekOA,0.5027019905083682,1.0,True
weif4RTGxWA,0.46721590484867415,0.0,True
ZkKA4A0ZvaI,0.38574420043504637,1.0,True
po3N0U03UfU,0.487973706136028,1.0,True
5Sqfko4gLlM,0.4592250044900549,1.0,True
COv2bF9LxXQ,0.47388185739747896,1.0,True
GTWjgsFP1lo,0.3803799041789095,1.0,True
cIgJUSZFhJw,0.4963885152373644,1.0,True
wVcsWHqHmcc,0.383969895099026,1.0,True
S_bi2id6300,0.47875544922520363,1.0,True
lyK-aqdvc6M,0.4564626319375127,0.0,True
83a71xVyRlc,0.42746164677511383,0.0,True
H1URllYvpPA,0.4362858385412493,0.0,True
k8EKZUZZViY,0.46125047909359945,0.0,True
fsaS2GJ2MZU,0.43293261840237846,1.0,True
QwzqskrQ4f0,0.29281335243599393,0.0,True
CFHVZV8FNaM,0.5141539746920193,0.0,True
1j6DdGWqSL8,0.47037988082382975,1.0,True
iTXbPcF6_wg,0.5811581164787676,0.0,True
O2hPtdpMXC4,0.3757817944200088,1.0,True
lYl2U_tQrtY,0.4525839902316088,1.0,True
ApWXR6wxids,0.5345170216131959,1.0,True
7Ocjo-v9kNg,0.49496845582069504,0.0,True
awcFG87TPEM,0.5403146545007067,1.0,True
Dkv4CqdFSdA,0.4473332302072824,1.0,True
YuA51_2Uu6I,0.4783438367703695,0.0,True
ziWy1OYAEhk,0.42513295633573556,0.0,True
eoSxdhPrKLI,0.39898425123966197,0.0,True
Ihaz2KCfIB0,0.46884488944807917,1.0,True
_5-ffDHhMDc,0.5037729094153183,nan,False
KYQMrl8gn5I,0.4870925706319674,nan,False
c6wTpLnzRA0,0.4564626319375127,nan,False
e5f4Nzg7ciw,0.6817289272030651,nan,False
3ZXi4Uc-EK0,0.4865793629213352,nan,False
nH9DQBGn7i0,0.4059166142281498,nan,False
_WVzjXEpo1c,0.6094257733712425,nan,False
RT49gsa5YoE,0.4272782854895548,nan,False
ZGl6LyEHnQI,0.40779568621289475,nan,False
xPD6wcZcMic,0.4287627079570958,nan,False
QgcDYearG78,0.46348386807485775,nan,False
8h-aziHbB_c,0.57803064481547,nan,False
J2hV4eq5pic,0.78456541218638,1.0,True
G5sfV3-z45o,0.6197365716720555,1.0,True
xv2rnrjhGMY,0.3817974264792841,0.0,True
QZ7g7qJhQlk,0.5806095679230008,1.0,True
Nei3ll4HsK8,0.624987362760753,1.0,True
UTwWUbhR29M,0.3204368009011972,0.0,True
koP-wX_ErYg,0.5824301731198283,1.0,True
LG2VvUbdx0Y,0.6231410436395238,1.0,True
9PBMb95MlRs,0.3216034845201369,0.0,True
Q0RgGEjBNxc,0.638815926225548,1.0,True
3D5twhUkmAQ,0.3823755021246175,0.0,True
LSxdUIxYn-8,0.6026814391025314,1.0,True
loWNs1KJSm8,0.6117045679141017,1.0,True
qK7JtJ0meyQ,0.6233066669662888,1.0,True
x41YIsPRSDk,0.661054440399546,1.0,True
hT4NvY1vbK0,0.5638333626819685,1.0,True
Pe56btumR_Y,0.32919747740874683,0.0,True
WK7z108YASw,0.3747078809836665,0.0,True
B-kTcgaqQhw,0.3248003622408406,0.0,True
blcJtN2ZDeA,0.38467324347274817,0.0,True
egMBTySzx_s,0.2529484875711291,0.0,True
kxwOcvxH-F0,0.36515378027361506,0.0,True
fHp8B1RJBIw,0.2701657315617271,0.0,True
dwJwYt0a2Rk,0.29408736417440196,0.0,True
T2-q0fiY_GA,0.18714691614691614,0.0,True
mwpPEWsOl50,0.6537183428487776,1.0,True
WIqbcC2CavM,0.36647262841026046,0.0,True
V1eYUJAdDhU,0.18669237069237068,0.0,True
Z1XOrSGc_JQ,0.05454545454545454,0.0,True
fBUTbkD2RB8,0.5749850848791629,1.0,True
ZdU0wiIExDo,0.6619357686738842,1.0,True
2DlslHY3kU4,0.19408557034363486,0.0,True
765FKCz48wc,0.6579247675705631,1.0,True
XmgEGizeiWM,0.3939625393687597,0.0,True
kk5jUGjGlhg,0.36584971406098343,0.0,True
fJitIhJkJyY,0.3705535295879358,0.0,True
MP2WXGULId4,0.3823755021246175,0.0,True
GfK_4v1oUtE,0.7873900293255133,1.0,True
J1MpTUOuGPk,0.6021246313735481,1.0,True
48l4CK1yH1A,0.19408557034363486,0.0,True
5WtpM6FQPo8,0.8171365127963929,1.0,True
nZ5kGLmIPjI,0.1907899118425434,0.0,True
wv8Npe2X6ro,0.32731659966580007,0.0,True
Jf7OGsO0v60,0.6070439709970568,1.0,True
qaQo40MeAhM,0.20885981762039013,0.0,True
N7aAuJO3LTA,0.7673148164272057,1.0,True
K1mCREsYN2w,0.36145259889307724,0.0,True
anSzewaM1rw,0.7268099678032274,1.0,True
7C6r20v-7Jo,0.7158980938416423,1.0,True
Dlpc2xDW7Ws,0.287071491158529,0.0,True
tmJwJF6ppCo,0.4031848039637328,0.0,True
68mC70jSbek,0.6835618246651443,1.0,True
so_J2lTejIA,0.6104345227279074,1.0,True
4JF6WFRjyjs,0.602527714270001,1.0,True
KH1qdzfx1No,0.763007149716497,1.0,True
-4VPi-a8jkQ,0.7278580576070517,1.0,True
hpSqKxntChU,0.6598247591372922,1.0,True
cnyo8R6TIGQ,0.18669237069237068,0.0,True
Yyb4ly2qOnI,0.8741987179487178,1.0,True
rFtw3EqmJi0,0.6714960013307609,1.0,True
DJMeUELOgJQ,0.25388368027967584,0.0,True
qS_YaM2d5No,0.7214178071032908,1.0,True
74juihc3mz4,0.16672649572649573,0.0,True
mPPO9P-hK_c,0.3596732434727482,0.0,True
GY0a6NxxH8w,0.7490303751782729,1.0,True
nYoyIaFUeYs,0.07054545454545455,0.0,True
Jg8S1WTEX6E,0.8285460013919941,1.0,True
3JHm1_tkJ7s,0.21368797094378483,0.0,True
nljIfFoJBlw,0.3719531652111273,0.0,True
aHcm8gnQ7-0,0.7446978620767364,1.0,True
IFsMUH1sCrI,0.6734340030055004,1.0,True
OIJtMTnOXGc,0.37506987193389274,0.0,True
hm0pg8d_EtQ,0.3457681041763244,0.0,True
EihLiriVM-0,0.667988396275227,1.0,True
YG0V8SqYkrg,0.6794128213483052,1.0,True
83Sm_D9BVj8,0.6859109561043868,1.0,True
iW2hUcapck8,0.3331591274168932,0.0,True
TgWuCbaFYrw,0.39782050770759597,0.0,True
m4l-AWYCT8k,0.3007953014913579,0.0,True
vfW5Qwl_JQY,0.6072514710561645,1.0,True
Fs7aaTM-9Ys,0.763849577705931,1.0,True
C_-A5lAtSP8,0.6816739434889477,1.0,True
wd8tbaS3nXY,0.6391838860819623,1.0,True
q_kDg2NRWo8,0.6294913506757512,1.0,True
JuE9HWY8gTg,0.7487781733898233,1.0,True
Yk-PjKmE0RU,0.3256181580369087,0.0,True
S2PO8FBnf0I,0.38727796328015096,0.0,True
J4ma7oRDIco,0.32222091644588524,0.0,True
S9L-nFiF1PY,0.5908321221277573,1.0,True
zjUC7HCgQEU,0.7300199576409254,1.0,True
mtvTQ_ggOls,0.46066158967716253,0.0,True
6QABvgL3aMI,0.347211086039863,0.0,True
n36E3aTu_6c,0.3400495066071326,0.0,True
IMvSOCCwZCo,0.661054440399546,1.0,True
c--9flydbGA,0.5935740576116283,1.0,True
4dkLQijTguY,0.623447254499886,1.0,True
sILGgDj6FUI,0.5572001302814656,1.0,True
S_yewoh35h8,0.6204773124127964,1.0,True
wZ-IOuJppgM,0.36584971406098343,0.0,True
4XYzfNAcWA0,0.4152745480431972,0.0,True
Dzq1xhGUO2Q,0.3309862469261942,0.0,True
m6AjTYZh5Is,0.4239087605400349,0.0,True
zoRpJzB_Oeo,0.3817974264792841,0.0,True
MwdDFR17iS4,0.607605168174415,1.0,True
eHWzmz73d3I,0.3981828208672261,0.0,True
-3w5GyBI6ZE,0.31972260677719017,0.0,True
5ND7TO2--lo,0.3076824139581995,0.0,True
hJ2kwcRmPM4,0.3007953014913579,0.0,True
MdvP0IzmOiM,0.7280032934790486,1.0,True
RiOheP9Bm0Y,0.4314143869375302,0.0,True
E62bT3eJMSY,0.7569486088113985,1.0,True
7fqE0-5ROWI,0.36227039468914535,0.0,True
Ycz4FqzkYvU,0.5638333626819685,1.0,True
DR3MUXV-P1w,0.2630502946743661,0.0,True
YR0iITd5md0,0.6633532909742587,1.0,True
z_Uhgqk9E9I,0.5797758316780792,1.0,True
VEPxVHOO75E,0.20890324502952487,0.0,True
S9PSQn8T0dE,0.5696955692293922,1.0,True
9SjEIbud-_k,0.6975703306320943,1.0,True
AWXIhQSbNjs,0.36781335243599395,0.0,True
jn-ICRt_Up8,0.21366003843897916,0.0,True
9Y5O5-GD5yQ,0.6227825283761252,1.0,True
GIRSab225iM,0.6778052999113594,1.0,True
-4o0PgZMQ28,0.6124775224775225,1.0,True
2YjCUQUt8iY,0.3194416874486734,0.0,True
T_DEcr4MXrM,0.35523918598810733,0.0,True
hfhiLKOaiNI,0.13799830798659926,0.0,True
GnIREMgz-SQ,0.5555691397618755,1.0,True
PbQxlXDTMFo,0.35737910251182925,0.0,True
avrRGdfErg4,0.4135212112842702,0.0,True
9X59vSu1yvs,0.3463973788161294,0.0,True
Kar1L_8LPx4,0.6211806666240163,1.0,True
LbclesWipP0,0.4154666745192296,0.0,True
VUigIddB-Yg,0.22074376198514126,0.0,True
pOoKvYb4688,0.2415595856996649,0.0,True
oaAc0c-TUgU,0.3612832531639592,0.0,True
z8-yKa50fnk,0.41668114204349427,0.0,True
uwVj-tsDDDo,0.3383224995358172,0.0,True
QP0SHDV_7Ts,0.5363105925504399,1.0,True
_Jrk9sbKYxM,0.38460460555371234,0.0,True
rLF_uG5aJMM,0.07054545454545455,0.0,True
KJMKDrgmUnE,0.2636074708309409,0.0,True
9WZlGiCoGiw,0.10454545454545454,0.0,True
wPMGYYO8SLY,0.14089028213166144,0.0,True
3G_icKo3d9s,0.29168485143377276,0.0,True
jRX1SAzq_Ag,0.6538014473061009,1.0,True
MAr0YXvXVrs,0.7219632839312086,1.0,True
D_BZT5X871Y,0.633026097014386,1.0,True
oOjWNQJ9mvM,0.5911007358855523,1.0,True
mHKb1r_q_3E,0.6631095479021746,1.0,True
kBGqUGrxGZI,0.2534876043496733,0.0,True
-KYlkVOeJMU,0.2027148778411577,0.0,True
RSxc3QC9blg,0.18089028213166142,0.0,True
zeJ3ZjypTZg,0.1718275058275058,0.0,True
4mGevU4qWlI,0.26212309074573226,0.0,True
xKPoUNeFR94,0.261929876678798,0.0,True
f3HWh0XuFB0,0.19143282655910643,0.0,True
3Zy8stG1KM4,0.14089028213166144,0.0,True
mbbt137vEKg,0.606366299216717,1.0,True
2ppKEXlNWJ0,0.07054545454545455,0.0,True
uA_29csXy_g,0.16054545454545455,0.0,True
SkDUHu9a92E,0.6505168388829045,1.0,True
UcRNowmbS-s,0.2027148778411577,0.0,True
eqORTXxQ3Tc,0.2029484875711291,0.0,True
uwEUgz-fz_A,0.5489075830067158,1.0,True
twOPe90LN-g,0.2966351235158295,0.0,True
Cb-OZ6lLpL4,0.42864917172528544,0.0,True
23tcRibultA,0.559522351380105,1.0,True
crketzsGy6w,0.4079945259111783,0.0,True
MrBSEaYBeqQ,0.3595867514507723,0.0,True
NPd2RnwrABs,0.6080054919889147,1.0,True
tZIFL8yuUaQ,0.8241976210011515,1.0,True
UazDcJhOEtU,0.2810653706880122,0.0,True
4Z-WRkC5xPA,0.3516362555972558,0.0,True
5A438KVlLDc,0.16756132756132755,0.0,True
ADyWIbSpMLI,0.1792979242979243,0.0,True
rmMoKSjsmKs,0.5984197302423904,1.0,True
IKvnwtwOJrg,0.168015873015873,0.0,True
H4KZUBmzDCE,0.0743994953218638,0.0,True
GGTVGI4jO8E,0.17884337884337884,0.0,True
f_ZEL7j_P_I,0.07054545454545455,0.0,True
7f37iLn2QcE,0.3466351235158295,0.0,True
msRXlhzUzpo,0.1421911421911422,0.0,True
stHi2AXQUH0,0.32499797403238023,0.0,True
iVd3iR--nI4,0.40501097479215425,0.0,True
XjLjJvpj2SQ,0.6096556340221918,1.0,True
WbZhwgl6LxE,0.4159448302263769,0.0,True
Q9Ua-ntGAhU,0.2954183944528007,0.0,True
cxeK4Sb7TaE,0.2941627891627892,0.0,True
1vycoQTCVm4,0.17884337884337884,0.0,True
qHXMlj6fdrI,0.25027195027195026,0.0,True
6ncn_Ty3mOE,0.16756132756132755,0.0,True
MJpT1rpC_Dw,0.07054545454545455,0.0,True
q2zTWFz6L2k,0.25948694910959064,0.0,True
O68TMWHtNwA,0.302948487571129,0.0,True
WGtm6iQOGYo,0.2937082437082437,0.0,True
TOg5ZKD40uE,0.3466351235158295,0.0,True
_n3baXRqWT4,0.5944543270349721,1.0,True
79b4B1iVsF8,0.28878737841001995,0.0,True
J5ALoluwVFY,0.3862227541394065,0.0,True
-cKqb4CVzyE,0.17747226712109956,0.0,True
bDNIWaJSgG8,0.2720285950608531,0.0,True
3DnsnvzQlfY,0.05772251046377652,0.0,True
Yia6U7qlSEc,0.09848847926267282,0.0,True
lRvNOnigWFI,0.26896458084021624,0.0,True
vrNP2JYUnp8,0.1516069416272256,0.0,True
4xnmfzDzf6o,0.25320622284914834,0.0,True
5j3hCsXNmNE,0.13312418300653595,0.0,True
99KaVY2uxaI,0.17342109381792886,0.0,True
4m-WKucFdJY,0.12845852187028658,0.0,True
fdoXwuxm5LM,0.20408413763383337,0.0,True
kXoSRd62CMk,0.14977053054472408,0.0,True
uemaeRvAUoY,0.3712655536001174,0.0,True
p8iYsgF2Am4,0.38574420043504637,0.0,True
LpyTOnVzhqA,0.406862561698519,0.0,True
IFqlDBYeCIo,0.38041372898947545,0.0,True
-pD_TTu-0D4,0.4497721458715856,0.0,True
Fn8jaDpb_Qk,0.4362858385412493,0.0,True
Ec2noFcVGLc,0.5478776249856404,0.0,True
1KB02VQ4AlA,0.48224313917074657,0.0,True
Z-YkRWICuTY,0.6438053482086535,0.0,True
t7MeRcOVtyc,0.5694609270399222,0.0,True
pLrHyCkYDhk,0.4997169428212306,0.0,True
eCkUOFscT0Q,0.5661331599263973,nan,False
Z9zkVkgUdL4,0.451503140652565,nan,False
Dgp74qsE8Lg,0.47042174131381775,nan,False
oYLPzuO4krE,0.4146408441578127,nan,False
QSgVLgLFui4,0.5791936621194923,nan,False
dIdp4t3CWn0,0.5307316797069106,nan,False
FxXXaHYUjKg,0.5014992954160508,nan,False
gwT9lt_Q2gc,0.5212891395234348,nan,False
dmj87AgqgIQ,0.4889922635640043,nan,False
7HcFa8_Q3q8,0.4362858385412493,nan,False
ZUBcDUGiExo,0.2792802380408106,0.0,True
gCcswhOVnJQ,0.32256646136596606,0.0,True
jD8P_TpIT3M,0.37639225848842844,0.0,True
4egiUGD9zXw,0.37395975229207123,0.0,True
ZKTJNfHXAIQ,0.3618161006156053,0.0,True
7L3Q2tEWtFc,0.4122103658485802,0.0,True
4Gi27hhY4Ok,0.36647262841026046,0.0,True
C72P2pRVUw8,0.30652063633384047,0.0,True
UT0304Dn6F4,0.21256832896432448,0.0,True
TMou5v_E72Y,0.2866734376920747,0.0,True
FTtoABVZRls,0.6421958796055014,1.0,True
USG9Q23BSiU,0.3778304414832762,0.0,True
vdJN9aapcy4,0.37229743195008097,0.0,True
aLMU3rdLWdI,0.5991372620739923,1.0,True
ycixnkW6WXo,0.586265117835611,1.0,True
-Igi6zobBW4,0.27527267046323306,0.0,True
6SZMNZLZa_w,0.22119763646184737,0.0,True
vABSwbOeGys,0.5561297790401641,1.0,True
v0LRDGjCFK0,0.5572001302814656,1.0,True
79rAtAr9CxI,0.6011158820168832,1.0,True
yRT6zW3Wi7E,0.5572001302814656,1.0,True
56DXodnr1Us,0.6251255703126057,1.0,True
huo2PUqCuNs,0.6097462525966704,1.0,True
CRfHKpfct-o,0.6032550159950218,1.0,True
OGgskzrH5bI,0.6436356310144646,1.0,True
Ii8X-5ZIyR4,0.5856927030581647,1.0,True
j4Aog3YAVAw,0.5791440049851813,1.0,True
uatbpBBJwZg,0.6639079175675393,1.0,True
V9JIA7Q7TK0,0.2607218865859074,0.0,True
gVfNfmec96M,0.558726430840899,1.0,True
gxY_GRnZnRI,0.5579151377371623,1.0,True
bNengdozsxM,0.6245722594170555,1.0,True
H95SRNuPH1I,0.8162412445639106,1.0,True
zTjCtbJiSAs,0.6642887772255074,1.0,True
BzaVVLyi4Ew,0.4018084756074809,0.0,True
b0084GEGBFo,0.5884030482971263,1.0,True
Vs9-hZadaVQ,0.40859029416399234,0.0,True
JU5rnVUzHcc,0.6239752857979459,1.0,True
Fa7ZvT37mDU,0.6198697744510552,1.0,True
ZaAiC9HO3RA,0.3525612515956578,0.0,True
pkxLZVWzWIA,0.5715902105557278,1.0,True
JZK3B7877-Q,0.4619720615438022,1.0,True
_h1q2NgZla8,0.464067282318693,1.0,True
SZKlhhC-CKE,0.4760480097409857,nan,False
rByZM4khvRI,0.5916420248635264,nan,False
8vi-RAlrclQ,0.44686165537727696,nan,False
ySwRdjwEhCg,0.5884030482971263,nan,False
-lNOy2ydkDk,0.397704267162866,nan,False
qLpazfBslV4,0.397704267162866,nan,False
UudV1VdFtuQ,0.5851640348024687,nan,False
qYSpx1p_dds,0.4496840882639167,nan,False
jZAOMNlLec8,0.4078126902328846,nan,False
PqtsT09E6UE,0.5918577101593313,nan,False
mSSPt2c3kSc,0.29917052017247203,0.0,True
-v3vNwKNpLc,0.3408358463002426,0.0,True
qf5ny8NoyXU,0.5358467067822752,1.0,True
n-5N0X14qFk,0.6548044548044548,1.0,True
Hugj2Tzv5I4,0.612840772877881,1.0,True
6X5fcqlByLI,0.5546704642468113,1.0,True
EHvjHmgk35s,0.6061017258377395,1.0,True
AC9tUXJX5UE,0.6360145555958363,1.0,True
XATESyti26M,0.5534674136015882,1.0,True
J3zUBdw5MR8,0.33402547364811513,0.0,True
12u0lozEj1o,0.38615519474382265,0.0,True
8_8KRAaa6aI,0.42372685951612665,0.0,True
PjcjpPRs6PM,0.37127029851167787,0.0,True
2BGBsXveFPY,0.23829228243021347,0.0,True
IEkibBtgvas,0.5840298827102963,1.0,True
cEyDzWbB1Sc,0.4497721458715856,0.0,True
OFOrJGbHxOk,0.6147018572825024,1.0,True
Z00KSdCV8qA,0.2652125070765279,0.0,True
1BRV8T7ufmY,0.30176792276987463,0.0,True
GyFdTgUS7Tw,0.1870754716981132,0.0,True
UBJXd92FJQ8,0.6191768927327389,1.0,True
VCx9UKBGsS0,0.38990194476326334,0.0,True
RbvPbqFnzF0,0.4165584007347646,0.0,True
3h0_v1cdUIA,0.6894287260358689,1.0,True
DDhdVEzcxCI,0.6911863904933437,1.0,True
kAtwn9WTok4,0.2947119772458273,0.0,True
SimhpkjmCCo,0.28853550665759203,0.0,True
J7MnBQE8uBY,0.5211083001503167,1.0,True
8Mt0GIPE8IM,0.40268098280745673,0.0,True
qA5lLeg5HU8,0.5696827540202919,1.0,True
4XoPLv5e-68,0.564138482999884,1.0,True
BGnXvvbGTeI,0.27882569258626516,0.0,True
VEJnv70Prwc,0.3460591652167485,0.0,True
FBcEbKCaMWY,0.4101637279905531,0.0,True
lg_y5WPd9ho,0.46389719373315097,0.0,True
EPqoB2GIoVI,0.6360145555958363,1.0,True
O1eF7L4bTGY,0.5642818057622008,1.0,True
t8Temwzbo8E,0.5832704197274934,1.0,True
_ldM3PpWIFY,0.34653227791158825,0.0,True
4AaHvwc6Y3k,0.44105110000420494,0.0,True
35Ap1y3Qse8,0.266805990943922,0.0,True
S7lPTrX8LeA,0.28855431543502147,0.0,True
yzMxbRPZGDg,0.3512541101653187,0.0,True
aFrgZV3a1y0,0.35813443042137727,0.0,True
60sUBWrPVdE,0.4356868037480681,0.0,True
Dqg3AtXhYAA,0.34018162056341733,0.0,True
M93Sksos-WQ,0.3980365870688451,0.0,True
qRToM7Ul63w,0.3726562452938164,0.0,True
3bh24KNDTJ0,0.2491632723356096,0.0,True
evUfqwh24oU,0.2677361336168397,0.0,True
LSjqhxo_lio,0.38278198107599193,0.0,True
NMDyBezDc9U,0.3040716384834032,0.0,True
KWyzY2U5EZI,0.3500166051498518,0.0,True
qBVzk-sw_6w,0.30555424977921863,0.0,True
t2ikUW67P4E,0.33580356218287255,0.0,True
jjHF8Fde2m8,0.29918089560577343,0.0,True
CDsMP6zr4RI,0.614234995058266,0.0,True
Sooy2iHLpTI,0.614234995058266,1.0,True
-_sEIKfDYos,0.6436202325465686,1.0,True
nl_uEfOz9co,0.644821182134615,1.0,True
TYbB-YMF56A,0.41008652467343243,0.0,True
9bPTf1hNT34,0.38790634681755537,0.0,True
AaJRzqqgnyI,0.4083592855102333,0.0,True
TazfL2Gqd7w,0.42710094516220953,0.0,True
STtcH6qqXow,0.1870754716981132,0.0,True
n4y91lPu9RA,0.3950292818860239,0.0,True
qFnEbDsbdRE,0.639281128318699,1.0,True
7U41zwlRSXM,0.6708798754611562,1.0,True
z6vTSx0hugw,0.3749897732837842,0.0,True
iKHgb_Xhb3s,0.789967695539429,1.0,True
pgffXMrVaAw,0.8438867116029443,1.0,True
HMbpuwmMqys,0.7597047690531609,1.0,True
6Hm2B3stYAM,0.7828109028751522,1.0,True
_5SyZ0TXPH0,0.7140149536503405,1.0,True
MpEhEIuOC5M,0.7849834739276499,1.0,True
V6fo5qhnq_A,0.6356472283433356,1.0,True
oM-EFrMP0Ag,0.38045469104507446,0.0,True
kBPz-Vsytmk,0.5630278381414057,1.0,True
j7pdyB2LNLo,0.5750959737566552,1.0,True
jGfwkwVY2Ow,0.3817974264792841,0.0,True
zxB-lg0qwxo,0.22714473821815312,0.0,True
hXM_MYWA_uY,0.40486707474643086,0.0,True
F5EXW0EzW_c,0.4716757089346129,0.0,True
Bg9LbuPnyPY,0.40684606959244335,0.0,True
uu2JqBjF_T4,0.2526761792343046,0.0,True
cHe0kwh8JwM,0.440617268140383,0.0,True
hnnSXT0q5ec,0.21706560106560105,0.0,True
UjdhwPX95R4,0.19220743414291802,0.0,True
867bDgihr9g,0.2868275058275058,0.0,True
pyGH5OoTydY,0.19220743414291802,0.0,True
wW9QGCAczb0,0.24550786056049212,0.0,True
JrqBBd2Wy4c,0.25046974088119633,0.0,True
-a161yw-KT0,0.30098158198127273,0.0,True
zLEO9AKTuxk,0.3767542494386547,0.0,True
S-4Oyd8Qqys,0.6662196679438059,1.0,True
XqzArif4KMs,0.3749747361880539,0.0,True
IyfWGQGs1Ys,0.6541100357472525,1.0,True
dvRlEAV7KCY,0.7446259355590659,1.0,True
NBvzp_Cr1kU,0.4571362976599403,0.0,True
7xS51kWwGkA,0.613166814028883,1.0,True
R0AGKnanp7A,0.3323731631220844,0.0,True
50i32E5eI1Y,0.4168374148261208,0.0,True
J_Yx1zL1taY,0.4452989532876592,0.0,True
MPYpIK1ubbg,0.24718362293254428,0.0,True
A7-HifapmZc,0.38927388343526287,nan,False
SSKtiEA8qMw,0.46329557987571757,nan,False
oeiBCD8o8y0,0.35269503134993097,nan,False
8SwgvHKBd4Q,0.43586689070284795,nan,False
wNdKnKVwNII,0.46294075280048536,nan,False
QPgRHuhjgo8,0.5091275137810064,nan,False
291xst62-yA,0.4177153162910628,nan,False
5UnJ_H21EMY,0.38750050426058696,nan,False
V2Jhl9fPR2c,0.41627478941305246,nan,False
mAfAyI_UCKo,0.3654170970601121,nan,False
uI7VwD348Bk,0.5946487941655136,1.0,True
oaGWM0m8mq4,0.38790634681755537,0.0,True
chnHeBclKXA,0.423340219291276,0.0,True
NhAJDvKzAks,0.16929840289374806,0.0,True
mUytiBfh6kk,0.6085035800209351,1.0,True
yfN-9SwbT_Q,0.31972260677719017,0.0,True
bOp6gsu3P38,0.31781335243599396,0.0,True
larp__SvgNI,0.6484217171717173,1.0,True
jc2yP7NxNmg,0.4473332302072824,1.0,True
FEYHy-5h4BE,0.21441537317594572,0.0,True
pPvhTOHAmQM,0.3965770748710858,0.0,True
F-7TMkVXW3E,0.35224609835844545,0.0,True
Mb2A34DYyuM,0.31760289210233594,0.0,True
qT1xGeWnpHM,0.6066578858290722,1.0,True
TUqgHV7W4q4,0.620138657868033,1.0,True
7mn0RQtlfJ4,0.30652063633384047,0.0,True
1QOO3KVdV2c,0.5672847231079939,1.0,True
egGOQ6vpvbU,0.2944804435148497,0.0,True
Qfc3KLE7sLc,0.5480664653434972,1.0,True
IJ-bpo53_zY,0.22882569258626512,0.0,True
OgszZ7qzxwM,0.20917972831765938,0.0,True
6CbKNCvEiQk,0.14593261455525605,0.0,True
1dkJwJ7vEQ0,0.24284990828031008,0.0,True
tjylZj0iNQk,0.17821515298688684,0.0,True
f-EaG7rogu4,0.1821111111111111,0.0,True
dT2L3cO8v4o,0.181993006993007,0.0,True
WudJPTI8xL0,0.2029484875711291,0.0,True
4WEt1HDcZFU,0.5591220264062418,1.0,True
glqjMOXTmfE,0.5208972765634607,1.0,True
S5Mdnqe6INo,0.326994515677458,0.0,True
1S8GHBmgh_8,0.43029210536030976,0.0,True
mfVVCdIDpCQ,0.2810465326594359,0.0,True
w2q650a6YOI,0.16584170546434698,0.0,True
RRwFUKMba60,0.26484392988949745,0.0,True
cWAuRdoQ5HQ,0.6010682272400493,1.0,True
NhpUKpAXq2E,0.3598399687511773,0.0,True
ZB3ifGowFyg,0.22882569258626512,0.0,True
qA4GQDUgQBc,0.6282382283132723,1.0,True
44hyEWnFHkc,0.42710094516220953,0.0,True
K1Su9m_Blho,0.315349939262279,0.0,True
YJ3wdt38HRU,0.2888162948349319,0.0,True
HOqub8msMTg,0.6167837945350153,1.0,True
qJUhy13QNe4,0.16396082772140025,0.0,True
OKHRQmiFu_Y,0.6306136073377452,1.0,True
FBTJWag8ZcQ,0.194867679490321,0.0,True
FxMxEOewWRU,0.5832704197274934,1.0,True
8Q11yItkSuI,0.14547806910071062,0.0,True
aIksqOFmxfo,0.14547806910071062,0.0,True
1xHJoIhZvHw,0.18165656565656566,0.0,True
GtinmKOEFeE,0.26393879910139806,0.0,True
ey3ZwVrYr1Y,0.15927784891165173,0.0,True
rRkFa1yVWFg,0.14547806910071062,0.0,True
jNPM9bMMfwM,0.2530956625074272,0.0,True
Zw8IF_9Kjlg,0.3313830226754934,0.0,True
28t-AD3vCEY,0.3602823630287368,0.0,True
j1MsEl9cTRc,0.5427601621137698,1.0,True
N2s0NSndk2c,0.7284256701509083,1.0,True
smxbuFc-GkI,0.7284256701509083,1.0,True
dgdtvMpzQe8,0.5694706399165522,1.0,True
vMBTlypMgz8,0.6892122758194186,1.0,True
8wdxlo3SzkM,0.486626536703036,1.0,True
ZNmyV8v7BLA,0.6518505353581523,1.0,True
od1LTiIfOdM,0.20262092624356773,0.0,True
GmjjXr35g3U,0.5911302219676369,1.0,True
zjya69hnOMY,0.3015059433699642,0.0,True
0oES5SzAefo,0.6423655203194425,1.0,True
qzLNhdTAhHA,0.6423655203194425,1.0,True
YV5NVwFwJXQ,0.5581264285723408,1.0,True
W4efNaOCeLY,0.9182795698924732,1.0,True
2NxkS-ZLQRg,0.9111111111111111,1.0,True
2A5B7tFzUkQ,0.9182795698924732,1.0,True
h5eAP3wplWM,0.9182795698924732,1.0,True
sJK3xpAGt2k,0.6785440168752975,1.0,True
d8o-4G8khsg,0.9182795698924732,1.0,True
gMhTznsvgQI,0.9182795698924732,1.0,True
i1hlc_eFfi8,0.8887323943661972,1.0,True
o5b63c7taEE,0.884090909090909,1.0,True
9ivQSiJNtI0,0.8887323943661972,1.0,True
X1eDdcYhtA0,0.8887323943661972,1.0,True
4JoIYI7f4UA,0.8887323943661972,1.0,True
Jj5-xA549wo,0.8887323943661972,1.0,True
YKiAQ8NcRNA,0.8887323943661972,1.0,True
lqDhS2Gsfew,0.1294780691007106,0.0,True
1CSJjuNcbAU,0.1294780691007106,0.0,True
WLLFVRprIqg,0.1294780691007106,0.0,True
Ee39OStdERo,0.3375829176032016,0.0,True
429sSl8RN7c,0.544439425919821,1.0,True
aLxEOT6j8Yw,0.2792802380408106,0.0,True
8M5utQAVbnM,0.17404949767213915,0.0,True
HDyK6AodXZY,0.34421971087285486,0.0,True
_M3tK2KrE9E,0.35813443042137727,0.0,True
SX4Jh1xebB4,0.10582750582750582,0.0,True
froQFWyOm0Q,0.28116111578375735,0.0,True
xrZyPyMSWtM,0.35446922852625595,0.0,True
hpkRyhcuD4Q,0.2292802380408106,0.0,True
qmf2K_MTIx8,0.33896045098082456,0.0,True
vXPuJ44vk14,0.22776060753234137,0.0,True
aG8k8KAvZqQ,0.2211036848642574,0.0,True
GOToLpcNwoI,0.23732589587559164,0.0,True
0NhS1nq2_o4,0.2540250915612119,0.0,True
LoAu5rEtC2U,0.5612203417366318,1.0,True
Upc3iI_4xok,0.3076824139581995,0.0,True
WYMXbA2V4nI,0.14547806910071062,0.0,True
S45H7bS5trA,0.638313406170549,1.0,True
bYMTDYvrlUw,0.614234995058266,1.0,True
MHjycTZ101o,0.638313406170549,1.0,True
tLOOAcEMUYQ,0.5573182254906768,1.0,True
-uJ5AxFwZ90,0.818670734058389,1.0,True
VqzsGFysjRw,0.34641385787684303,0.0,True
Zn3Pe4gxJRo,0.8141527176639066,1.0,True
iGzzMgo-Oqw,0.23151991614255768,0.0,True
vB629BlyaHQ,0.82439815378352,1.0,True
LecECRhWPwA,0.38462468726712296,0.0,True
Z-Xt_s4kJuc,0.42660267650959066,0.0,True
c-ywCWaE5qY,0.336175739560084,0.0,True
1HegJWcqpxM,0.6828831211031672,1.0,True
_pZ7wuJLD2A,0.4000807431420076,0.0,True
j1N1_1SWCnk,0.6785440168752975,1.0,True
N_magANgkuM,0.43710432604844274,0.0,True
QqURACgXpgM,0.6630347576160384,1.0,True
3FWoevKtX2Q,0.713712639492791,1.0,True
Qkk-5StQGHw,0.7113310375608218,1.0,True
pi75q5j9TI0,0.6085035800209351,1.0,True
mcsAyoa0kYg,0.39009928459872845,0.0,True
W9o-oKK3lq8,0.5781470763427876,1.0,True
RnZygXQ-Oos,0.21584170546434697,0.0,True
wiNSu9eUX0c,0.3803799041789095,0.0,True
7C4QBOSMdV4,0.3618710500968566,0.0,True
zconOYr5Z-g,0.36767556268000096,0.0,True
K6eY6yGSSqc,0.6702032163974003,1.0,True
mURzq8TsyiA,0.3015059433699642,0.0,True
GCZKcntbsF0,0.639281128318699,1.0,True
Dd1ekrp44sI,0.5694706399165522,1.0,True
QkOKFA0lW1E,0.3823755021246175,0.0,True
-jOLiDTl-Ys,0.42851846746258415,0.0,True
pbWfSvhNr-I,0.5551777106236229,1.0,True
pwRzSi6VX6A,0.6354430244085416,1.0,True
zU9Wir3PHCo,0.5332662896737563,1.0,True
-3aS6YfIgkw,0.6085035800209351,1.0,True
7BornIyHhU8,0.16396082772140025,0.0,True
4re8f5FFuTM,0.14547806910071062,0.0,True
qXfp8_bqUN0,0.17404949767213915,0.0,True
-OXpBAQwupo,0.2541768388106416,0.0,True
63DLfNU59o4,0.24253225629282885,0.0,True
Pu_W8OUdaCA,0.5709132211370391,1.0,True
KnwJhkmS53M,0.36584971406098343,0.0,True
mhJ3StNMfHM,0.4134089831298014,0.0,True
Jx_TEWzsr5U,0.6300026290401999,1.0,True
2tCF6S9oWAg,0.42581709247064214,0.0,True
v11zBtrG4pw,0.42581709247064214,0.0,True
Zi-u_YgBGvw,0.5833027215030415,1.0,True
_l7hxGci03o,0.3778304414832762,0.0,True
1mYlqYIsMpI,0.4292730567961717,0.0,True
SqthnJbnBEM,0.4154723008415644,0.0,True
LfZuZnd323I,0.607605168174415,1.0,True
vOVYB3h-u0E,0.6233066669662888,1.0,True
1t6QbJm6R3Y,0.638815926225548,1.0,True
iJ5lSk8wDjM,0.3923399709067291,0.0,True
ATy9pYZV2yo,0.3939625393687597,0.0,True
CRs7HMYYlO4,0.36584971406098343,0.0,True
_Q08g-sjp6E,0.6638645693387073,1.0,True
M7TJjqIHVaU,0.5721142932209634,1.0,True
NF5G5wziwso,0.5711055438642985,1.0,True
aa_1s97kcAY,0.3455048864747766,0.0,True
E47shqCls_k,0.3626123758038652,0.0,True
Mc3yJqUCs7Y,0.28976813216187713,0.0,True
BDRzK3iVmAI,0.2386709201859004,0.0,True
NKIOzbWXO64,0.3251756556728489,0.0,True
BqqqAJ6rsWQ,0.25361971361971364,0.0,True
CsXNa69NTLQ,0.37165397089504093,0.0,True
5PMJILCPH7w,0.17808557034363487,0.0,True
oSC0WmW8kEc,0.17950786056049214,0.0,True
U_xBDZualxo,0.3909224486063545,0.0,True
EsBS6CzlK8c,0.3920341189209114,0.0,True
ZwYuy2b7yHg,0.4125575366957073,0.0,True
C7wtoLJH41g,0.40020655208725814,0.0,True
wzIAmuWmv_A,0.4825502382608107,nan,False
FmllsQZyXj4,0.3962867448624914,nan,False
bF_cdmn0tY0,0.6196430278856535,nan,False
IkNj8g_nRAw,0.43157970937726226,nan,False
E007PVmqt4I,0.4918262524345186,nan,False
j_IN_a4eWmA,0.20517512931306037,nan,False
oUVZXJfmiCk,0.3962867448624914,nan,False
XKgqLBUmW5A,0.4031848039637328,nan,False
4qVqPFy7Lk8,0.38574420043504637,nan,False
A_Iw8194zAQ,0.39111275224188313,nan,False
Or_8Y3JDVlM,0.3131947358665169,0.0,True
nZFaPhtzID0,0.601877636820429,1.0,True
W95ArH9k8YE,0.34862860834023757,0.0,True
e_4P9TosL1M,0.3764669550337132,0.0,True
RyyFRsB-ukU,0.2151657315617271,0.0,True
ChMsi_Ut32g,0.21256832896432448,0.0,True
jfhAFHrcfug,0.5074594952472183,1.0,True
m5-DBwOdFPM,0.3480496893421601,0.0,True
KQ9RxS9mnMw,0.5711055438642985,1.0,True
W75QJ83dxK4,0.5550698636463287,1.0,True
BHhVsaAzSQE,0.547955354328637,1.0,True
-IJNvG6iZto,0.5655665488091745,1.0,True
oZyh4iWGZvA,0.5779552264812515,1.0,True
A78UfaQbQXA,0.5717576429702352,1.0,True
_WSaOSrZrW0,0.6128034034930586,1.0,True
5rp9fOSoOJk,0.5661331599263973,1.0,True
90f8r1vWS5Y,0.3048190363771618,0.0,True
WaChAuX5Yeg,0.5296547125287069,1.0,True
DSo-d1saJ9o,0.5694078422333377,1.0,True
5G7YmI0bFPY,0.5763057788387012,1.0,True
2uGiDaYNguc,0.6478669869045577,1.0,True
IXtsm2QycsI,0.5800675343245946,1.0,True
gx5MLSp-ok8,0.660665559446475,1.0,True
UtsIH9ceaME,0.5374212374089182,1.0,True
CtOLemVXaRQ,0.4110992420026179,0.0,True
6IcTOPOYbvY,0.6716206162018971,1.0,True
fvjmgESyAwc,0.4455844977925283,0.0,True
rZ4TW-rs_wE,0.5234518399850387,1.0,True
9zys2WVt-rM,0.6431067416327667,1.0,True
I6JrLIzfrPk,0.5974974345275849,1.0,True
dPhCAN8RVa4,0.5556302655243435,1.0,True
JyTPJSNQLSY,0.5930187819842992,1.0,True
D9nD9WZyI7Q,0.4137549391840323,0.0,True
TsKCRYrS9pY,0.3773827052993577,0.0,True
JsqyiuP6Vqg,0.5660180049835223,1.0,True
t9MrurTB8lk,0.36965808397870425,0.0,True
V8TUgInbEYg,0.3963479146159033,0.0,True
mvwL5ZI-BqQ,0.29473078602325675,nan,False
WwdOWJRieYQ,0.38574420043504637,nan,False
smSNKNn4ZwM,0.21691716595157215,nan,False
4T8RWsE9bG0,0.33307608793863325,nan,False
WMLj1OIOJmk,0.2292802380408106,nan,False
DuOP4ASVsaE,0.2977126099706745,nan,False
mDpY7UP8aS0,0.21079747942012092,nan,False
DBOS8NH1MOs,0.19441313403577554,nan,False
VEdDnAwywIo,0.2169739500083562,nan,False
YdMKltxCOl0,0.41162060972794096,nan,False
nMrHaS91cM0,0.23089502057029368,0.0,True
egd4Eh4eyDA,0.14280351906158356,0.0,True
H4uS6z0yIPE,0.20678991184254342,0.0,True
v29TSTqRlP8,0.5739763355224979,1.0,True
6Yn462aqLNg,0.2551751293130603,0.0,True
yS_EO6XmjZA,0.19550786056049213,0.0,True
FYaVmZryzV8,0.45975999359819586,1.0,True
csTcIE0AkSY,0.2181906790713851,0.0,True
6UQp9Vv4X8w,0.21256832896432448,0.0,True
DGb3qaimZX8,0.3022216337797592,0.0,True
jFNqy0vSWQo,0.6329991155797607,1.0,True
syFDGKAGoq8,0.3369842294815332,0.0,True
9F5YughFsLk,0.20509134471398624,0.0,True
eSXlcDMYlSg,0.35172785026170034,0.0,True
iD6_LtK92EI,0.39161038118632435,0.0,True
EeRADNpdKD4,0.5144129002651395,nan,False
Hf0ntUMyZLk,0.5578518293095287,nan,False
xzwjYmYF9mg,0.4377033608416239,nan,False
vE44lgIIBqs,0.5522746014627966,nan,False
AiY-n6tqsAw,0.5054152470228725,nan,False
h7gT2Hj9ZeQ,0.433882763718721,nan,False
JYwkV_me84Y,0.46674524454229804,nan,False
F-U2J5JgcoE,0.41913283859143735,nan,False
wAyblZNRt70,0.5412144918464592,nan,False
RhUz1rmsiL4,0.4092132085132693,nan,False
pE3ypCLdb9s,0.2600913447139862,0.0,True
fyCAMT27Pv0,0.22404949767213916,0.0,True
l_czkHaI1WQ,0.6418527220232977,1.0,True
5iIoa5CNesw,0.6349074863494345,1.0,True
E_py569X00U,0.33585483438868446,0.0,True
JJpZ_BZmgdA,0.26079747942012094,0.0,True
uNp4Jlg0no8,0.5694706399165522,1.0,True
Y0XR5J0WR-M,0.36846190237311094,0.0,True
WwoeO73tVNk,0.6298728665970046,1.0,True
bM2tCOfyOoI,0.38790634681755537,0.0,True
Q-JXZ5YRgjw,0.4122234676052644,0.0,True
ueEKYyzMdKA,0.5946487941655136,1.0,True
OFqRZ7dcDI0,0.36867858533172937,0.0,True
KjsLNoTZU9E,0.36846190237311094,0.0,True
-9yIqpPy5DE,0.2668850668850669,0.0,True
1xTY0hkp9Co,0.3817974264792841,0.0,True
2wVcZ4Qj4Ek,0.3647941827108351,0.0,True
Xq-8YKnhNjg,0.34334568214518685,0.0,True
JIXjwka3E0A,0.36584971406098343,0.0,True
cXdZpsf5BI8,0.5713219940807488,1.0,True
vHl6IkCxu5E,0.32374634166299404,0.0,True
TupglMaCnP8,0.5713219940807488,1.0,True
YAiQAKqFH-E,0.638815926225548,1.0,True
mJz7JOfwriA,0.5799521353692655,1.0,True
7MCy4m_EeH8,0.37133025086185034,0.0,True
PMbpARpdgz4,0.5731694752233532,1.0,True
pSXJkWlpQT8,0.6649664456053844,1.0,True
fccWxHGmHsc,0.3490919637828097,0.0,True
gi99H7Ws7yE,0.32731659966580007,0.0,True
QntARgbWEMM,0.27902561596109987,0.0,True
ClBuEdok34U,0.5996983597165084,1.0,True
F-yA_a1pXHU,0.565653967878796,1.0,True
BWjU9re-qdo,0.6896745120841338,1.0,True
CYazjdqiFfg,0.6352873943885815,1.0,True
DIZUowoc4F8,0.6716077164003431,1.0,True
1OuNsVkPf5M,0.6026045437308236,1.0,True
6f8TjNo7Wi4,0.3608255664304563,0.0,True
R1CmVaB1Zvo,0.34408664398311917,0.0,True
q9KAi0HYDtk,0.3323731631220844,0.0,True
AomsROaQmcE,0.38857030471143394,0.0,True
8IEmcmMuKrc,0.3669799511020364,0.0,True
t32gYMBNz4A,0.35172785026170034,0.0,True
Ks7h6RbxdLc,0.37940194771346236,0.0,True
9ras33wPWLo,0.3595867514507723,0.0,True
-yLyYRp4qIA,0.16584170546434698,0.0,True
X3GztGCugjM,0.6485076898908578,1.0,True
jDWKbdKW6qw,0.38910413410857236,0.0,True
__Rgaa9ZwZQ,0.3015559888140533,0.0,True
42L25sqrC0w,0.33924192386456536,0.0,True
S6AWHuYG_b0,0.33878737841001993,0.0,True
rS8W5VRV5vc,0.6278894716394716,1.0,True
usogRrIyDgw,0.3381581800222008,0.0,True
0sJ9Vf3ric0,0.34433465061043617,0.0,True
VDkj1ETq528,0.5725989599123927,1.0,True
V3Y8--ZNs5M,0.37494535682606284,0.0,True
7-v5g_X0bpM,0.6631429083893929,1.0,True
MDNMc2N91mg,0.4702624117484538,0.0,True
8WWov05cnNs,0.41913283859143735,0.0,True
yFANjfmaz7g,0.4344493684024734,0.0,True
EEOECgy2QCk,0.4287627079570958,0.0,True
wjI5hGpHqv8,0.36767556268000096,0.0,True
wpp9ykLnaVI,0.514884295336229,0.0,True
40NfaM8aieQ,0.5312348976114429,nan,False
jYkKBXqqunE,0.5994348193885249,nan,False
xVUJBHh6GPg,0.4452113119082993,nan,False
VoU1PDrhPOw,0.5169135428665669,nan,False
--6QcHDo79o,0.41913283859143735,nan,False
0gW0qiziIPA,0.46884488944807917,nan,False
Jgqi5J4reTE,0.5165812132476633,nan,False
KtFM1KSYgU8,0.38358240336358285,nan,False
MT9qk8H_IeU,0.33113268016708636,nan,False
FSZ_Uv5AcyQ,0.4619720615438022,nan,False
llAvYb5Qrhs,0.5427601621137698,1.0,True
gl7MRPWSw_M,0.5694706399165522,1.0,True
0kF6nf8rsP0,0.6176833171310012,1.0,True
wPZWdy9SW38,0.278732495158359,0.0,True
PRThVXkP22c,0.35195795983314204,0.0,True
3kjOvRP6Dio,0.3388366583361021,0.0,True
XmNlBN3hM8c,0.3607501280081925,0.0,True
_xMeMIaFxtc,0.39711395629032015,0.0,True
3CZdD0ACDZE,0.40385405923585604,0.0,True
xzQUo5uf0zc,0.16396082772140025,0.0,True
Ej-g82wAGMw,0.29284990828031005,0.0,True
SrzqzMfwNhU,0.21584170546434697,0.0,True
brUomHlgg4Q,0.5533388370353205,1.0,True
KHuxrhITHg0,0.6157750451783504,1.0,True
sJR8fkQ_acY,0.3515661702035451,0.0,True
hs1dUvHP2Os,0.6435903131715939,1.0,True
VgYkZsBllSE,0.31995620957885107,0.0,True
oV3_cI4SWqk,0.3344800191026606,0.0,True
-7UCFfOh70c,0.30095315938291395,0.0,True
QBlqw7z4Qfo,0.5720336589348212,1.0,True
8KpHzL3yKOU,0.5866330257033512,1.0,True
qQwt4rzmVxY,0.6209958072349889,1.0,True
rs5T97hZpSY,0.6394131493072274,1.0,True
OfDCuuiqB8I,0.6871298754611562,1.0,True
mYs_4vVKpgA,0.6382723789620341,1.0,True
6LVh1GNT4Ok,0.4173886140198883,0.0,True
yfxBZZHtBbw,0.2748789907596968,0.0,True
MKRQKPjBiRM,0.3909730537194275,0.0,True
hmKcrTqRlCs,0.22714473821815312,0.0,True
6r2fa3QJQFo,0.3754482201300777,0.0,True
rwcqPxr5nbw,0.3135567268167432,0.0,True
Fl1MZUa__V0,0.30125865693393006,0.0,True
63VuTY7OIeM,0.5950826260293356,1.0,True
dEVu4A2Afgg,0.5354620364165844,1.0,True
HRFszvGM4ec,0.3662117050112097,0.0,True
fuomhA3sps4,0.2852020865493351,0.0,True
ieiNZCr0WGk,0.3291807348560079,0.0,True
3fuf09c-lCw,0.28180566629645015,0.0,True
jvTstNz60XA,0.3468423710183181,0.0,True
8JMLvS6uJAs,0.3026761792343047,0.0,True
loeOZVfDvuQ,0.20517512931306037,0.0,True
rBMTPpNihnE,0.5768025308816156,1.0,True
pSgdyMxm9IQ,0.33014371170183704,0.0,True
Mz5pgRhyrfI,0.5954557331879355,1.0,True
CDwSkebdfs0,0.5755289548242121,1.0,True
4dbl8iAU-tU,0.2442897732897733,0.0,True
vLKYp3Co_NI,0.3156778526133365,0.0,True
Az3u8cxCsiA,0.5572001302814656,1.0,True
HNtLHMKy2CQ,0.6287872037671557,1.0,True
qI0y2JT7Dvc,0.6175091835843278,1.0,True
5rYmWVGrDgs,0.6940465333905539,1.0,True
acVU81F15to,0.30793815863421503,0.0,True
zlGuaIO1AU8,0.632458039835089,1.0,True
37UcpMSTAZc,0.36584971406098343,0.0,True
tJHlcnjwf0o,0.24800759034406283,0.0,True
2jTFd9gmjBE,0.5628246133253035,1.0,True
nxAqOvS0fvE,0.3662117050112097,0.0,True
gCaaSbax34E,0.6448044403995461,1.0,True
RVgydeDFixc,0.3662117050112097,0.0,True
xtyG3qYys68,0.3455048864747766,0.0,True
k72Mqs8hz-w,0.6928086794158224,1.0,True
Xqra4iGSfM4,0.3778304414832762,0.0,True
ymctfCbjv_w,0.35545723498883447,0.0,True
KP3I8iD1Kao,0.5950826260293356,1.0,True
lt8kIs-IuCQ,0.5684870719758777,1.0,True
P52NBru1EL0,0.6363438729698389,1.0,True
-mnwT4LeV9w,0.5745965538918111,1.0,True
yOR9qJXcOl0,0.3291807348560079,0.0,True
7DPevyIwo1A,0.30123984815650057,0.0,True
djVpVEqaZCc,0.7284617680549502,1.0,True
zTyCe-IumfE,0.6094257733712425,1.0,True
uSBRXQv4BNk,0.6615650389823116,1.0,True
Ld0m2sMrGog,0.3817974264792841,0.0,True
eUnBzr2oCgQ,0.6176353613545731,1.0,True
tAFqJck83Ug,0.6305265185706969,1.0,True
fH8D-50QWZs,0.3120484877974092,0.0,True
11bIc363B5U,0.613166814028883,1.0,True
tdKVjf5BjeQ,0.2755199568992672,0.0,True
uBEKxzOxW4U,0.6693088658256304,1.0,True
8prd-jMWWcs,0.6299732076751466,1.0,True
WKgRzmZAhPk,0.2774409016015877,0.0,True
2ItxY2_wihY,0.5833729260927487,1.0,True
R5gok5oMRVU,0.5819092353044228,1.0,True
vaEspD49CuE,0.460633526279278,0.0,True
8KR0KaLvyKU,0.5831122859496458,1.0,True
0bjIh5iZ6FA,0.3120484877974092,0.0,True
f0r-gWV06cU,0.38609682439937165,0.0,True
QUQ2KOH7kp0,0.3369842294815332,0.0,True
ygblCHa3QCk,0.3120484877974092,0.0,True
8sZZNVMK6OI,0.31662059311789686,0.0,True
FtPwd4qGMqE,0.5793675397709281,1.0,True
D7orJKGbCcA,0.437787432550332,0.0,True
4EgcaS1RKB4,0.6023788034223461,1.0,True
tubgk9IYFHs,0.3373462204317595,0.0,True
UpPeucOSbTg,0.36227039468914535,0.0,True
jqtWWWhIMas,0.591826763690079,1.0,True
h1W7Azrqdck,0.25493686968579105,0.0,True
aB50Kj-pCTk,0.2722730969490726,0.0,True
Zrs_tbofUFU,0.35609392410091,0.0,True
AZ7fHpfeRDY,0.41871004543862167,0.0,True
6GvG8DmidI8,0.3678666506094256,0.0,True
Eei3GZIcLxA,0.32475200663271264,0.0,True
glVXFiY1o-0,0.5979124616193867,1.0,True
ZltHlKtCZBI,0.6159961685823754,1.0,True
Z2a0UY6TSH4,0.3273494092301153,0.0,True
up5rK8ptYAY,0.6022578341525477,1.0,True
CmeyKAaGQBI,0.37315642169027174,0.0,True
OkRSOSFnFGk,0.37968429260094494,0.0,True
HHNIVozXNwE,0.5988306087246867,1.0,True
GlAC6_1QSzQ,0.35805144767408914,0.0,True
zUAvOywcPus,0.6022578341525477,1.0,True
dQIS_OIaH0k,0.5912148129258928,1.0,True
T3bgoouudCA,0.7490942919514348,1.0,True
OipSsSpiNaQ,0.3368382040975017,0.0,True
ZSIBciBYpf0,0.6178915056587964,1.0,True
fgVZm0ysjaU,0.6640011182055096,1.0,True
tEh050NGnVM,0.6910297758224024,1.0,True
dOvpTGwyk0g,0.39161038118632435,0.0,True
2QXRyGBDFME,0.6065752981658393,1.0,True
8Z7i0duMa3M,0.41271429629403567,0.0,True
uuCcSXko06Q,0.4473332302072824,1.0,True
cdLrM-i3FKE,0.4552526826724524,0.0,True
LPyB6pY6gyY,0.4545548820284105,0.0,True
5p9zZPOBAIE,0.38358240336358285,1.0,True
gQHSDbCTlg8,0.5824493988479413,nan,False
pdvaxHuaCSU,0.5804501097084581,nan,False
odWsW-7Yj8o,0.41627478941305246,nan,False
ScrF1KnP3sA,0.553233795385566,nan,False
X8Tppp_NH3U,0.46348432872141976,nan,False
PZlUKbcidmc,0.5774857019367878,nan,False
lbrrm6JDlQQ,0.45311296287251945,nan,False
bwJSRcdh0Cc,0.5627361354948902,nan,False
185B-kMy4m0,0.6051356508566268,nan,False
djvLmTS2Hfs,0.42716081641417886,nan,False
B6sAVstZM2g,0.6161110034244361,1.0,True
6SDu9Q7edvA,0.6919733626588465,1.0,True
0FoGNIMcIq0,0.3438002275997323,0.0,True
z8ghO9cwB_w,0.33365852916352357,0.0,True
J0qwVIcM3BA,0.6236975820122612,1.0,True
Vby37apIbB8,0.6483553100794479,1.0,True
S-aCfON-4Rk,0.5762662555151722,1.0,True
ZxJQ2CoeJ3o,0.8818820475360297,1.0,True
AM2icKQDWg0,0.6914661162820349,1.0,True
IMrMEdTa2wY,0.603536463626666,1.0,True
aYv0dtsF5vs,0.6969159925610577,1.0,True
L2ix4iYwPjI,0.21773613361683966,0.0,True
IKYu1lqj-Cw,0.33742268936270936,0.0,True
PfbE545SKC8,0.544264847746494,1.0,True
-QhP9zXllNE,0.3007953014913579,0.0,True
OYVFEIcFvjc,0.34654326966700194,0.0,True
S1Wg20Fy7ts,0.3952157879001931,0.0,True
Nco549pGWLU,0.6892886168707321,1.0,True
7cYB-roO29A,0.22527267046323307,0.0,True
CZIpnq47Dec,0.36145259889307724,0.0,True
0GjfbtYAuHE,0.22527267046323307,0.0,True
WzKgT5B1MAk,0.8912027080685659,1.0,True
VW7pTsxQmDU,0.8002320101573887,1.0,True
ij1IRtd6DRM,0.6450376323510653,1.0,True
lkO-eaLqE0E,0.8624342656792093,1.0,True
4gdGXfbgb3o,0.6476165630185988,1.0,True
lPxAiEvZefI,0.6522411432141979,1.0,True
6i54g-lm6IQ,0.7466986673476829,1.0,True
uLYlUMnThvs,0.6521836069922261,1.0,True
0sEi1d5sRdc,0.9346938775510203,1.0,True
RWRbQwEfb-0,0.5704600304781793,1.0,True
7ZVAirJfWIc,0.3535780366635757,0.0,True
vClmk2InnSc,0.7132619802677942,1.0,True
Wx-LH-zakK0,0.4930779442774109,0.0,True
q8UPZn5ENhc,0.43242313629419515,0.0,True
aal56fkg0i4,0.8242772108843537,1.0,True
R4f9f54kl9Q,0.3529319418998339,0.0,True
wvXi5TGiMQs,0.45614011358958023,0.0,True
GLxySiZ0ekU,0.6575634617630965,1.0,True
N9r3b2qneTc,0.6975703306320943,1.0,True
1CZorV-KHFY,0.7444719665780262,1.0,True
efCJpVEvRms,0.3259739500083562,0.0,True
MsS1pG-ectc,0.3537234482074083,0.0,True
xaEPwNdzj0I,0.21065509203440236,0.0,True
uhh3kVjFHd0,0.35523918598810733,0.0,True
RUlpGYZYu6g,0.27787085259646843,0.0,True
vAnx-BViEu8,0.21265068998011039,0.0,True
HxfiTLWFdSU,0.309713064599917,0.0,True
wcrIcbYXmo4,0.14547806910071062,0.0,True
rlpN8EGBEhs,0.3487007244496458,0.0,True
vMQL1PMvgcg,0.21627744214146297,0.0,True
YzOGoN4ivuc,0.5983892043158602,1.0,True
Ps5MCEAOts4,0.7328734348089186,1.0,True
ObgLTI0-ODo,0.6032550159950218,1.0,True
gHqf5EnXBzE,0.5525824444891813,1.0,True
gkJhobFNnqQ,0.5453361544352873,1.0,True
URI-_RhWtbs,0.9310404535359392,1.0,True
xTwF04Js-Q4,0.8208891637463067,1.0,True
QXJswcud6hI,0.7453745629885296,1.0,True
zvMOD0CzSOw,0.340301037165058,0.0,True
63mHGmTrRXY,0.9338856171227052,1.0,True
iD4HnhLeZFI,0.1903102644481955,0.0,True
XKXA1paILQU,0.32398982302422924,0.0,True
1QHqd7Q6gnw,0.6550638833194076,1.0,True
S7zD191S3UQ,0.2628770838790357,0.0,True
KbLfi4TI_m0,0.1792979242979243,0.0,True
2ac8H_zyp8c,0.6473640844866038,1.0,True
9FvREqVgW24,0.8801484230055658,1.0,True
pN3KzBbQRaQ,0.5725989599123927,1.0,True
8thjTik76Kg,0.6022578341525477,1.0,True
DFI_Zj9vjjw,0.6668603709301061,1.0,True
OzcnNh5a_d8,0.23091552053816206,0.0,True
DGT40QNiu2Q,0.8328793614219882,1.0,True
iRXGyDL4MkE,0.46312653465905385,0.0,True
lyPzb8_28uE,0.340301037165058,0.0,True
Jk_GPTKmDlQ,0.7187216553287982,1.0,True
P4d9vhHte7c,0.21786553826237331,0.0,True
UeuGvdNjZQw,0.322033503866672,0.0,True
Fd0luj-j-4Y,0.7110157802928887,1.0,True
iuiSOgu67OU,0.5767184156839329,1.0,True
tEWU6ST89qU,0.6606571391997659,1.0,True
SS6PtNOpC60,0.7589790681668561,1.0,True
gMProLB2LnA,0.40215292561376936,0.0,True
c8B5_cZV1Co,0.4137549391840323,0.0,True
bMe0u5OmMI0,0.6517534459573038,1.0,True
ishkUAEMGuQ,0.3513881104389186,0.0,True
ny2xU7tSgJE,0.2995350885673466,0.0,True
72jpae6JrgE,0.13312418300653595,0.0,True
sN9WpyIBCuU,0.22648653878842556,0.0,True
AvnTZhNxAwI,0.25685648093298025,0.0,True
owSMmCJcW9E,0.19682471773684235,0.0,True
2jCj7rHNObo,0.5937221007664999,1.0,True
xtLI80IILzY,0.25199252238935743,0.0,True
Ss-Ory_M9Zw,0.18682381141560025,0.0,True
c97uZAJFsHo,0.696997705869087,1.0,True
R_LIldW2GIU,0.18028123581813316,0.0,True
JlcxHwlLcww,0.16150344595730376,0.0,True
cogmWdjOvLw,0.25472756130820645,0.0,True
DIlOIOADZXQ,0.29208468828797496,0.0,True
-Fj-C2NB688,0.1683410527949106,0.0,True
Id6SEwkAScc,0.42158586243208573,0.0,True
eg4Ph6S1cUE,0.3456840671398768,0.0,True
4H7mtVz3CZA,0.41313202483475536,0.0,True
r8ERxCtdRlM,0.383969895099026,0.0,True
uFHYVaWFgFA,0.41627478941305246,0.0,True
BKtMF5GAvD0,0.40215292561376936,0.0,True
_LRbXmQL4Z8,0.4894273449540899,0.0,True
UYpi1SlGvyk,0.47447935689955123,0.0,True
h33lUbAaSLc,0.516490099469126,0.0,True
9j2wBux58m8,0.48146685791654126,0.0,True
rGVExEGNujU,0.6057059255614544,0.0,True
fHrBs8qrHU0,0.4112127817864744,0.0,True
Hk2UKue7PTQ,0.36578160829004946,0.0,True
0FJnj9Tf_Fw,0.42175532621391937,0.0,True
4qNpQnsTajg,0.33423863986134805,0.0,True
uh_l_FF5NAQ,0.27864439707894684,0.0,True
lddDcpGyQkE,0.4057322449856075,0.0,True
VaOuKCiZvPc,0.39497523101947224,0.0,True
hfEJyMhYzAc,0.37442382763929183,0.0,True
aOeMOFCOWdQ,0.552478376994506,0.0,True
0ejqY7JdaSg,0.4378208299169999,0.0,True
Pih8Cr97C04,0.4515962128724246,0.0,True
Q21zHY2Lteo,0.46343238518989355,0.0,True
EuXB0790VvQ,0.41627478941305246,0.0,True
k_lhrEYis4w,0.40215292561376936,0.0,True
PZeGsaA4Slc,0.45443594276826166,0.0,True
sSJgLSC2R0Q,0.4177153162910628,0.0,True
X3P7e9E9gL4,0.4544374129530345,0.0,True
JFGBVwVLurg,0.5523501797825013,0.0,True
LjUhbzBcGcY,0.5528998760937398,0.0,True
Ek9FZBgzrkQ,0.4052157879001932,0.0,True
2iIlkgfSO5c,0.41058589210970037,0.0,True
1gN8_18Bx_M,0.37303985893613784,0.0,True
Rd7ZqUaBR3Q,0.29733073509379404,0.0,True
nIt1GKLIxno,0.35269503134993097,0.0,True
1FOG7EiWcJc,0.3453018316986668,0.0,True
_T53EiR-zpI,0.3725422299916966,0.0,True
LBv6RzfLylc,0.49110943268957036,nan,False
nZXHcXPbRWY,0.40515060804216246,nan,False
s8pmwISg5pw,0.42734518565672125,nan,False
5fApzQ-fBzg,0.3923399709067291,nan,False
jQkc1amaNW4,0.5180431284969862,nan,False
zPQa9qgYC4s,0.5155055235527136,nan,False
jN9H_KpItuo,0.5515233193542264,nan,False
g7HaLNpfCuk,0.5131906507773767,nan,False
21CG8GO1fc4,0.4910938111888692,nan,False
TsKqo5yYLgE,0.5960933047897883,nan,False
uTwI2ve1sN8,0.5699044717803742,1.0,True
AbkJ-0LU81Y,0.5220237037011433,1.0,True
SyYNRkwkGbU,0.5770228255488506,1.0,True
uNkijma4gxs,0.5954913989730453,1.0,True
cqTwpD_Lvjs,0.66930088883279,1.0,True
eBd9bpziNJA,0.3003407560368125,0.0,True
QHKHcfsZsvw,0.5537962875889251,1.0,True
onU_UQXzTYM,0.6061926837359212,1.0,True
OpZENMwz-YI,0.625774977800664,1.0,True
JYlZw5dqCqc,0.5830834316094566,1.0,True
yhNLJlG2Tn8,0.387311788090717,0.0,True
Wj9y_rTWYZI,0.6333990979836509,1.0,True
wbq49UCXiQc,0.635022790932104,1.0,True
23agUZY6mdE,0.6039452365703756,1.0,True
4m5dCwxYOC8,0.20866197959746344,0.0,True
HGT48YZTwXg,0.3603985783152307,0.0,True
aa8Q601cGJA,0.1503989343989344,0.0,True
f5YKaWZLvAw,0.6891672657073222,1.0,True
KOppeP6I5j4,0.6677777777777778,1.0,True
KiXVsodEvtM,0.3582557211723736,0.0,True
WCp83q_jyAU,0.3123104671973196,0.0,True
r0Hxak3QTYI,0.3548771950378811,0.0,True
G-DMIeYf8JA,0.32782575857467994,0.0,True
QS_OVokzHjw,0.21234474720681615,0.0,True
71TbmazT73g,0.38102966578503406,0.0,True
cIr9IDuHx0Q,0.38102966578503406,0.0,True
xLHtw6jGNzA,0.309713064599917,0.0,True
KNrj5ZZC3fk,0.2675797427060226,0.0,True
kq4Rs82skww,0.3199801793237829,0.0,True
BTEAl-Uy_X8,0.35609392410091,0.0,True
PWHFMLZbisU,0.24484819973505215,0.0,True
RHHqvuecHVw,0.29917052017247203,0.0,True
I7RO-ukdFjY,0.2737430948600183,0.0,True
DCSgrWpLiVs,0.6550638833194076,1.0,True
WWQpQNCA5IA,0.22934889876710401,0.0,True
kwFKlcpKQZw,0.3271906790713851,0.0,True
H7xpc899YIQ,0.31543760455968994,0.0,True
LQe-BSGKcUY,0.5800481037550287,1.0,True
lgaluJ9ChIc,0.3154981853814359,0.0,True
rdJvSTDr1hM,0.2027148778411577,0.0,True
HO73xyXrPxo,0.18089028213166142,0.0,True
WZhmXE4Yslw,0.334970565719487,0.0,True
pM-AvO2Dw1k,0.323737280293962,0.0,True
tc4LNEXmCuM,0.5977783107746311,1.0,True
o1fPO9xZuJs,0.2158228966869175,0.0,True
xUdV-Hf9YZ0,0.05454545454545454,0.0,True
QUbfSiuvF4M,0.5576577404951003,1.0,True
gnBYClZK9a8,0.5815308254963426,1.0,True
v6mQajg-BmM,0.5270652596459048,1.0,True
_08ei35Wj4g,0.16489028213166143,0.0,True
Dj4OTmQVtqg,0.5791510895544778,1.0,True
VJXJusFY3Nk,0.6716077164003431,1.0,True
g8_8gZxx0YI,0.3582367812437671,0.0,True
qJk5dHB8puY,0.21065509203440236,0.0,True
yj0lSEEYlXo,0.2787500997520516,0.0,True
eaFxgyH80Oo,0.6639079175675393,1.0,True
0AIX2wtzkBw,0.6251255703126057,1.0,True
B5Mq2XS_i2g,0.613166814028883,1.0,True
F1zCMzXD8iQ,0.2708098855588069,0.0,True
upZVT4b5VbQ,0.606366299216717,1.0,True
7f_5OmjG-pM,0.23661677785815716,0.0,True
SZbDQ1XyAgE,0.3101676100544625,0.0,True
KZQGyRiMqgY,0.3189871419941279,0.0,True
NCbyCBXSRfo,0.36227039468914535,0.0,True
susVx901QXk,0.2675797427060226,0.0,True
MRomfwVhAFs,0.3052545216732723,0.0,True
anelWAOpguU,0.2811525605596973,0.0,True
oefjob3jSJ4,0.3878479764731044,0.0,True
8agbo_Ym9Nc,0.27939643258792196,0.0,True
G3oNZ_12rM8,0.555096522082539,1.0,True
A4CAYduiEnE,0.33229179306099843,0.0,True
l__nB8lmaA8,0.5471685758499527,1.0,True
a4BfSJRUEy4,0.606366299216717,1.0,True
IFgyZ45zoGI,0.6527650327446949,1.0,True
exyGbghtjrU,0.537204787192468,1.0,True
dgEw8qVBFtk,0.29816765880282536,0.0,True
_a8r59AVmFc,0.5662153802773051,1.0,True
sgY-itUfDlY,0.6363046122235188,1.0,True
MoAd599VeIw,0.6305265185706969,1.0,True
E4UPudbNmL8,0.6213971168404665,1.0,True
KHzT37neVEY,0.606366299216717,1.0,True
DWwHcZGlP_Q,0.5793675397709281,1.0,True
DxOEu_26pfI,0.37315642169027174,0.0,True
z_fzcvTLcds,0.5737430567270903,1.0,True
f8CTGS63IGw,0.4938694601736631,1.0,True
iWj9f1G3bFQ,0.3595867514507723,0.0,True
kOEJrOSgL50,0.6206582444163884,1.0,True
ujrHsK2jgUQ,0.55227872485937,1.0,True
JBih_qFu65w,0.3252065520872581,0.0,True
IctNXIjytW8,0.52303767423487,1.0,True
y0GMR9TqCs0,0.3657632220390076,0.0,True
EoKQ0E1EbhM,0.14547806910071062,0.0,True
N_r4EJVPVz8,0.34433465061043617,0.0,True
ChkSteq1j-I,0.1921911421911422,0.0,True
NUGAemz4SxM,0.3454183944528007,0.0,True
oXTAP0sp4yU,0.3466351235158295,0.0,True
Bmh8FLQSza8,0.5938039965552174,1.0,True
Ru1xWcylbfU,0.31781335243599396,0.0,True
t2M2pdi7tQ0,0.2310653706880122,0.0,True
rI-y8KaShHw,0.5158117676602112,1.0,True
c7b0wuDiP6A,0.31770545564789743,0.0,True
Zrbxa0wRp5s,0.57605008759625,1.0,True
ZqtLHYf7S-c,0.5968568858944566,1.0,True
37A21jgpUlg,0.22842496495412426,0.0,True
jBByx2VEy_s,0.604721931666701,1.0,True
phjeJ8kq4FQ,0.29284990828031005,0.0,True
PawmeX_X0NY,0.5816543498969756,1.0,True
Xo1TPkAmKo4,0.5935042595555615,1.0,True
JI6T6G82mWA,0.5687785329035115,1.0,True
5qsovdNXjS8,0.38574420043504637,0.0,True
L9c4UIeXHrg,0.614234995058266,1.0,True
nTnzojTuwsU,0.3549581445340877,0.0,True
YLeLzrw5Tuo,0.3456840671398768,0.0,True
TIkwhYmM4u8,0.20411318870497755,0.0,True
UiZnHDxFPN8,0.531874066529373,1.0,True
YKcTz-LBOLg,0.44096059622512007,nan,False
iewcbF2pP9Q,0.5542619812696137,nan,False
UVIq60bUBS8,0.41576962008332863,nan,False
-kVe8IQ3UWQ,0.421509314570579,nan,False
ttjsymKeswM,0.3923399709067291,nan,False
Ut6-ErlCSj4,0.397704267162866,nan,False
eYAwaT1OR2k,0.5658726552920303,nan,False
ihz14PW85Uc,0.3281419460585985,nan,False
spwL3RztsoI,0.3909224486063545,nan,False
uqKdfo5FCaE,0.3682984770292779,nan,False
EYFJ8nzhaeQ,0.3419800327711079,0.0,True
DPFbjOcIZJo,0.6553503355209112,1.0,True
AUakHVg1PdQ,0.6224082775788532,1.0,True
eqaiSdqOrL0,0.5580389776403709,1.0,True
orGWQyImNf8,0.4927581891550242,1.0,True
IxXnhzDeOd8,0.5479489962681212,1.0,True
8EdkJmGRX3A,0.26625931539724645,0.0,True
LEUo6Ytqvt8,0.7767062587393646,1.0,True
HkSAU9w5xlg,0.7733021615072502,1.0,True
cgLzoi3XbGE,0.5942330185705564,1.0,True
FN6RueB9MDk,0.3984730232836893,0.0,True
pgvxa_g0ojk,0.5069491832429878,1.0,True
LAxDuSfXTIY,0.7560953927025356,1.0,True
f3Z1tBHoxJA,0.34555137967346505,0.0,True
Nf9ayVHbBV4,0.8309442167367351,1.0,True
O62cc08qa_E,0.2866734376920747,0.0,True
sGyCmaFd7xc,0.7113310375608218,1.0,True
E9bGyA6Ysqw,0.6818632641342167,1.0,True
7Gz0PPL0nJ0,0.697633194461025,1.0,True
wVPgm2oSGxE,0.6423655203194425,1.0,True
sBsR-RxdsuY,0.2930800178517517,0.0,True
6JuEjawuR58,0.603102631762844,1.0,True
ajXw-s1cTrs,0.6880113262313723,1.0,True
6R9djagCKbc,0.6857124756566597,1.0,True
F3M33f77J7k,0.5694706399165522,1.0,True
NDnRohs3cD4,0.5694706399165522,1.0,True
b6OsKSTsNx8,0.37823197157155,0.0,True
0eBG_bkO_cg,0.6423655203194425,1.0,True
cu_MCZe0ODs,0.6784595876473756,1.0,True
lYTHiLU398k,0.6950693085960701,1.0,True
3C1wajmM2Oc,0.6678811480467478,1.0,True
w3EP9VxNVfM,0.5990409930669398,1.0,True
-z7-xvseCAs,0.6360145555958363,1.0,True
thv9i2ApFHE,0.706713015943068,1.0,True
OvrOmsmxySs,0.6446643708941552,1.0,True
5EcVf0nfDa8,0.637826686317632,1.0,True
bPMR9KIn3zw,0.7778335888085255,1.0,True
Ryyk0mPL2Qk,0.6785440168752975,1.0,True
ZFYdKbG179s,0.4611330100182235,0.0,True
GtJcMlHgXuI,0.5943049251281959,1.0,True
WN-3BVNYotM,0.6269281676178228,1.0,True
kE401VTct_c,0.5581264285723408,1.0,True
oTXIxG_KZSI,0.602358328458097,1.0,True
uKUxVlIKkvw,0.6454066073381396,1.0,True
CMp2h5ZYrRE,0.6454444283800449,1.0,True
PT0lfco3eiY,0.14593261455525605,0.0,True
61OijnSZO4A,0.3345474045474045,0.0,True
lfp-_c22yMg,0.32374634166299404,0.0,True
yOTHitRVrTQ,0.3534929451460892,0.0,True
GwGq1AAvGj4,0.34187321875392473,0.0,True
zbl_8_NcVWw,0.6532679351626488,1.0,True
L4qbhAmgbv8,0.27920464520659705,0.0,True
LUP1_C2e1Ls,0.273974449725284,0.0,True
1C1l92sMCZQ,0.32148219376914067,0.0,True
d7arDO1APJM,0.1826702639564099,0.0,True
YMVmZmkLxqk,0.5875978425825117,1.0,True
1V_ueUdFIqU,0.3076411796275586,0.0,True
m5Eqi9dQOA0,0.6219477156669275,1.0,True
ui17-JhrsIA,0.4986198578663532,0.0,True
cM2B47IopVo,0.6191848263250092,nan,False
p-qBouevEm0,0.6616516634812253,nan,False
_JwG_G12rG8,0.5012269870792263,nan,False
fHEofDIhZt8,0.6604050429856881,nan,False
5j71ayO2X2E,0.6046164035962864,nan,False
5N3WLPjZ7Pw,0.5089110635645562,nan,False
2rrC5NinIWQ,0.4538938128469178,nan,False
c6YXDQiXRkM,0.6634557463468405,nan,False
G9PwkLZUgng,0.653012822905251,nan,False
XiLDwTkWAzk,0.4607918719481593,nan,False
NApicBmKhvY,0.38798104336284017,0.0,True
ICN9L050BKg,0.5940756936983351,1.0,True
DjIRFSE9OVw,0.623593461049924,1.0,True
p2-caE6nMkY,0.5946487941655136,1.0,True
u0yW8tB6Wl0,0.36882389332333715,0.0,True
b7tr3J9mM_A,0.3296783638004491,0.0,True
mCphFyclsC4,0.3805131471662912,0.0,True
Kdd-X-y8hcI,0.3131947358665169,0.0,True
NuwcPbRj-zo,0.24062021723464327,0.0,True
fUqT6MbPsgQ,0.36594711644042205,0.0,True
9lVvINLfb98,0.5543586938828773,1.0,True
RIw2sXKyEcM,0.18165656565656566,0.0,True
FDelXoOVWU0,0.15463636363636363,0.0,True
cKFf-BwLNDY,0.6364517737652066,1.0,True
f1517btVGQQ,0.3817298762293201,0.0,True
dOsAaiyQK9w,0.14547806910071062,0.0,True
L5f_-uK6rg8,0.577106999310286,1.0,True
PZ2paKoArSs,0.6166745677743363,1.0,True
7QGA9xCsn4o,0.16396082772140025,0.0,True
YddTdca3Ig0,0.6252376321323456,1.0,True
njKTj2Yd0Fo,0.41780421407785145,0.0,True
sKvDBvRgwlY,0.6135918938352376,1.0,True
x1n8Ec7ONYU,0.2576175042997641,0.0,True
xHHFyQuwIqs,0.21584170546434697,0.0,True
FN_75pqLZBY,0.3116275622613651,0.0,True
g6HV9jLoEKc,0.5704793892732172,1.0,True
EbzkPPjkp7Q,0.2139608277214003,0.0,True
DN2qVUFWWoo,0.21629625091889243,0.0,True
yLapPoxosJY,0.22776060753234137,0.0,True
IGAsslyxmJw,0.6892122758194186,1.0,True
k5pQ745odnQ,0.14547806910071062,0.0,True
v6jVkcuot6Q,0.6446820765767901,1.0,True
d_JBLzjVJlg,0.30210375273755563,0.0,True
C0LGzc04TFo,0.16584170546434698,0.0,True
mnjda2Fg9Lw,0.3963504517322485,0.0,True
ofdvnu6DWVQ,0.6198366838742546,1.0,True
t4DpBBoNeGk,0.1731191222570533,0.0,True
kCB1nGFYqj4,0.23184503686532082,0.0,True
5NeUN5jYRoQ,0.37823197157155,0.0,True
J1_mNsablpo,0.29555974469767576,0.0,True
SS9U8TXuFF0,0.6808428674500102,1.0,True
Kmx_0uUZK_0,0.3249562095788511,0.0,True
HkAX1VHDGnU,0.34386091051405454,0.0,True
CCOXWmHaL2U,0.26068253968253974,0.0,True
6e4-N0yxZGs,0.5833045828213023,1.0,True
HvNoa1CoRek,0.14547806910071062,0.0,True
DAO3QwvJ0HE,0.5936400448088487,1.0,True
J3da1cVAGAc,0.5557836372640323,1.0,True
Dy_KsW1ywak,0.3099602569554505,0.0,True
sBuZbXTmYT8,0.40919666939820054,0.0,True
A1dUh_-YoX0,0.16441537317594573,0.0,True
caX-rVvD7P4,0.5676667190134983,1.0,True
Js9BGrs_eVA,0.2770096006322421,0.0,True
6HmfsODHv4o,0.2450383141762452,0.0,True
1zIwcX1yeNA,0.2530956625074272,0.0,True
02oI8_dUgoQ,0.5704793892732172,1.0,True
BjPb--StjAM,0.5704793892732172,1.0,True
kgMvydElUpo,0.5120652674422401,1.0,True
MPIxr-CNMOw,0.3661505444219184,0.0,True
u2w9njW4o7g,0.34507763957708343,0.0,True
kCxM3VUX_lY,0.5966943813541642,1.0,True
8tWg75xY9Sg,0.5530575042263081,1.0,True
mbFMtYkMX4A,0.2603429339655755,0.0,True
7b2JbvapxP8,0.5694706399165522,1.0,True
gLQN2lflHrE,0.686913425244706,1.0,True
FwEh6H2K8XQ,0.49757812214986286,1.0,True
auGJ5wx0A2I,0.23992251354515504,0.0,True
odt-MWzLG5E,0.3309832473792429,0.0,True
Gq5kxlGRC4o,0.20469374680942617,0.0,True
YCDq8EO7l_0,0.41243991782171463,0.0,True
qtC9Y3LLGCU,0.6788995726495727,1.0,True
eXOcWn-w2GM,0.4610391445547661,0.0,True
ZJ5beFEkQZo,0.6894287260358689,1.0,True
SEHpGaY0GCA,0.41243991782171463,0.0,True
nzAEabqr0D4,0.6894287260358689,1.0,True
mdhR9vNk9DI,0.6779671717171717,1.0,True
nhqtT4XJ10M,0.6784595876473756,1.0,True
DcDyIdi18c4,0.6865442642072443,1.0,True
IQmDqqEPE6A,0.6865442642072443,1.0,True
lOHqar48Vno,0.6807754894769971,1.0,True
iRDSH2-6Kx8,0.4030200763140872,0.0,True
TK1meLOwjoU,0.34627029851167784,0.0,True
MwnO1ggfGiE,0.34393487531418565,0.0,True
34uzIFRyXo4,0.2597208538587849,0.0,True
tmB6TzhE9EI,0.14547806910071062,0.0,True
6KD4chJRy8M,0.29549235925293177,0.0,True
nzMeI9m1Qus,0.209188660801564,0.0,True
8cMPS4vBS2M,0.34170274170274173,0.0,True
5eSS2stBNyc,0.6512469402845111,1.0,True
je41GKk5NJg,0.6236975820122612,1.0,True
x6KXpBGmuwM,0.40115210703445997,0.0,True
M5x2xpRJroE,0.3806191895303981,0.0,True
aZ2khureZe0,0.4272541884337933,0.0,True
0Ru53XsXk9g,0.513207714501519,1.0,True
7MWYhRJJB5o,0.37590201233694004,0.0,True
PGkP8KL2s8U,0.364950439857354,0.0,True
Py0rAorlfhY,0.4153157348151787,0.0,True
yiFaUsKV5Vo,0.18165656565656566,0.0,True
BUpVsKbG_ko,0.19078354978354978,0.0,True
dfakWau5Zq0,0.6577658303464755,1.0,True
0HF2NiBC2TM,0.6448140975653185,1.0,True
XIWeV-cHky8,0.5941227734838748,1.0,True
Kr_zNc_4KY8,0.20013932427725534,0.0,True
HCspKUPCBQA,0.38596824023886595,0.0,True
Wj6EQVXtCuQ,0.39649220540341396,0.0,True
wWJ-oBhhRTg,0.3590454832959577,0.0,True
iH1g_sTSTic,0.3524467690999131,0.0,True
ZRjr7kN5yRI,0.28141824249165737,0.0,True
br709e9V57k,0.3524467690999131,0.0,True
RLaYy1S4Bbg,0.28141824249165737,0.0,True
wEN9VDjYzHw,0.18165656565656566,0.0,True
P_pTgPppg-I,0.2975367234962142,0.0,True
iuFiMsUYrYQ,0.2551072891072891,0.0,True
gJsoMq21BXM,0.19024242424242424,0.0,True
i_0w2MSRKFw,0.2551072891072891,0.0,True
7TDPfUlUSl8,0.19024242424242424,0.0,True
S1Ezwx23G7g,0.19024242424242424,0.0,True
VY36hWZEVCU,0.26774891774891774,0.0,True
ry_gwW9MucI,0.19024242424242424,0.0,True
QFhs1frPX1o,0.2696825396825397,0.0,True
6g2Znx_JS-k,0.4269293587007998,0.0,True
0YS9VMv_J9s,0.4197998120235594,0.0,True
PtyvNKie3w4,0.23798398712191818,0.0,True
Xc86efDFfS8,0.1622121212121212,0.0,True
zZsMLOJnxO8,0.6173788499799415,1.0,True
J8s6bi4nX5Y,0.2592663084042394,0.0,True
BzVDm79Z2bk,0.25633203610377,0.0,True
JNuG2xrzZms,0.618173411158214,1.0,True
m70Je7hkjhY,0.38439053307691895,0.0,True
Zmk_GVaS9Uk,0.29215728715728717,0.0,True
FlJYy9wWFXw,0.6417834256543935,1.0,True
sJsoMbDni2g,0.6691947300813477,1.0,True
4E2SfA2EIUU,0.6243631455475461,1.0,True
ePupqtEDoqc,0.6370913435429565,1.0,True
wRKLQpyLMkw,0.6197365716720555,1.0,True
P3DOeVugFZY,0.5742931745169925,1.0,True
KkExY158iZE,0.6097690839202198,1.0,True
cQw7BCrilpU,0.36584971406098343,0.0,True
AbKa-RgzJGs,0.36592441060626824,0.0,True
vMqZ7Bb-PeI,0.5769464771245867,1.0,True
ZkA9nWhU0A4,0.6460041950841133,1.0,True
uWSGzApkWgk,0.6246129736374864,1.0,True
tBw2F3V1W-4,0.6280717383219013,1.0,True
NOCRfS1puIo,0.638815926225548,1.0,True
aVbOzOG16fg,0.6204773124127964,1.0,True
r_5SSi5oz-8,0.5807845810347441,1.0,True
ta9EIr6kbRk,0.45975999359819586,1.0,True
yrpCI-0KC_A,0.4820548509716063,1.0,True
3m4ozG_TlfI,0.4820548509716063,0.0,True
BkxdiZlpDds,0.45975999359819586,0.0,True
MIwNYpdcCQ4,0.6672828062673878,1.0,True
27EZLMhg_yI,0.5616348322278675,1.0,True
FomMMTGRHyc,0.2555542497792186,0.0,True
QZ9DqJyAWtA,0.5616348322278675,0.0,True
Aca5DoIKMcM,0.6233543961908812,1.0,True
Dju94Bqnbt4,0.34376606204885,0.0,True
hp50qeQQQV8,0.3123104671973196,0.0,True
H92Lb1o4LVs,0.3256181580369087,0.0,True
UvSXDgGWf_Y,0.3487007244496458,0.0,True
Ffo3C5XaLLY,0.39545806339748746,0.0,True
pVjIZSNuzdk,0.32821986496599054,0.0,True
8vJv52xf7xA,0.3140958498168119,0.0,True
iivY6lqgjQw,0.38102966578503406,0.0,True
JGWkgV3Z5Hk,0.3736364661337699,0.0,True
hLuE91pbQJg,0.613166814028883,1.0,True
0K0cDY7miEc,0.623317817117102,1.0,True
SbPOZhI_TKI,0.6303229185064406,1.0,True
O0GchTNUJEM,0.28673677519967267,0.0,True
vCY98TU7fUg,0.3194416874486734,0.0,True
4GIJxVPIQp8,0.25509953647884676,0.0,True
wQquISGhUlQ,0.6473640844866038,1.0,True
q6NDvz9eyqs,0.3174244955736151,0.0,True
B5_D7TKzt8M,0.5294328846068621,1.0,True
7h49UtiLksE,0.32398982302422924,0.0,True
EZFOKFnXvq4,0.16888169301962405,0.0,True
H4Fedbhnh68,0.2084052721658447,0.0,True
3yn6gwb5zEg,0.37589835717414266,0.0,True
tJ4xz8eCXj4,0.2310653706880122,0.0,True
msX3aMJzMa4,0.33924192386456536,0.0,True
qsl8-U_Lwcs,0.12182750582750583,0.0,True
feME2FE7fNY,0.16039661310407585,0.0,True
Vgw26kh246g,0.3249562095788511,0.0,True
Qk9tGsjobJk,0.31995620957885107,0.0,True
WcF_I8LVXqo,0.27283876970279053,0.0,True
epTxJ-aXhhc,0.33878737841001993,0.0,True
qTWsjzdd_ZM,0.1548302506087084,0.0,True
KevDQiYcOus,0.1703258371275603,0.0,True
nn0SNXbJIQQ,0.2602861499087914,0.0,True
UIuwt2SOFek,0.2074148074148074,0.0,True
JH9ATpSxrfo,0.33924192386456536,0.0,True
ZH62HuaSK58,0.17884337884337884,0.0,True
jTh75mSvqK4,0.13090909090909092,0.0,True
cjCy7ow5Xgk,0.14031026444819547,0.0,True
SZ8BtYzq8d0,0.2941627891627892,0.0,True
rmXSb-htu-E,0.1421911421911422,0.0,True
7bWsk-468Qg,0.2688215034441449,0.0,True
rjpCtO-JoT8,0.3537779806586867,0.0,True
UaXoo57u06c,0.17884337884337884,0.0,True
1WfoHPsT5p4,0.3466351235158295,0.0,True
MdH96ICORbI,0.2947163947163947,0.0,True
tIO4eUAeggU,0.31559136059136056,0.0,True
wXaKPB9w0Ok,0.5126154548373002,1.0,True
bfcSYH9UHmo,0.2243770589997005,0.0,True
EcRYmETSpoE,0.17884337884337884,0.0,True
CEfEKOGPkoE,0.5906593023834403,1.0,True
KvaMoeOzjTw,0.5725989599123927,1.0,True
H6DiK9fpojc,0.6244963483265458,1.0,True
CKicNio1rY8,0.7187216553287982,1.0,True
bznhsizekrI,0.6216669937730532,1.0,True
81EZI0q8scc,0.6045566847272604,1.0,True
3uXj4cREpwY,0.6014807943379371,1.0,True
qSc84QZ3KSE,0.6801300603968251,1.0,True
ns7jvxVxh3Q,0.6362441866980445,1.0,True
nX1XZTyusQU,0.6222837045602225,1.0,True
F3TFdA5ylFA,0.5758591267136994,1.0,True
CyXMUcoYRTI,0.4643631586392928,1.0,True
4pbsaFOABK0,0.47593310050484117,1.0,True
nBylySCKS5E,0.4031848039637328,nan,False
2alwcW6Bvso,0.49674625245682497,nan,False
0NwcaRZTP2c,0.4496840882639167,nan,False
h6b5d4VEgGQ,0.4545247304632987,nan,False
ROTIhrgGmzI,0.5261766490513112,nan,False
sXA7b16FCbQ,0.5385666301467678,nan,False
pIykhAx0goE,0.5360416737816797,nan,False
uCFg8ibd5R8,0.520753953801144,nan,False
9Csc6dNe4bY,0.5148028153729054,nan,False
bQUVcyDO4kY,0.5414487466996778,nan,False
sfBkCY5fPdo,0.3602710528403395,0.0,True
m4fALO6MWn4,0.2849249639249639,0.0,True
uePIASBxOfs,0.14430985128757806,0.0,True
t3bkuYAFqrE,0.21773613361683966,0.0,True
34KeBnSwvmc,0.40432069832902184,0.0,True
IoIFn88JvqI,0.34325194228634853,0.0,True
xmC1-GKu8fg,0.43184606959244337,0.0,True
mtgAjnKyY3k,0.37583843224334257,0.0,True
a-ckj3JLlIs,0.30883384104511047,0.0,True
qY_Hyz-2PxI,0.3630719246204265,0.0,True
RZUorbVJo7U,0.6050593024323628,1.0,True
kRbyyLFeVfg,0.208207434142918,0.0,True
3SPAZ0ch-hM,0.6468582375478927,1.0,True
1OJMMRVSmBI,0.7581327829487016,1.0,True
onsuoOWbZLY,0.6128034034930586,1.0,True
3OB0ykRVshM,0.6507966536478408,1.0,True
r1x2B8Su-1M,0.6697348484848484,1.0,True
UMPFY2JAlzo,0.6638645693387073,1.0,True
ikuD--0lokg,0.5899359539035444,1.0,True
cz20ChwsRgQ,0.6910990145900997,1.0,True
XVt9_eKjPOo,0.39782050770759597,0.0,True
WY-SG75jiEw,0.5661331599263973,1.0,True
n6WMLhvfUpk,0.3206855836230193,0.0,True
WueGFsJ08ao,0.5520112961271142,1.0,True
t8jBifZW-Hw,0.2042614179396854,0.0,True
ZcgkiBEOMSE,0.6303418028009478,1.0,True
3AwqD6xNFSA,0.6601845930920464,1.0,True
MfOZSbgEOcY,0.39089835717414273,0.0,True
r4hOVuRIJKw,0.4460887483429154,0.0,True
79phlhutGLg,0.5731326068214799,1.0,True
yk2RmklvQRk,0.37859676987255536,0.0,True
5g4Gxn81HPk,0.3939747307166003,0.0,True
TFGjXQtLGSc,0.2825330644255925,0.0,True
jo1g4czDYaw,0.28262527501902,0.0,True
IeBGv5dDvEc,0.615132975546582,1.0,True
IkKIrQJEnOk,0.34773203735467884,0.0,True
i-urAj3cpCM,0.39654295647727855,0.0,True
m4JxaOIWL-w,0.208207434142918,0.0,True
DEKckUd310o,0.34983987151553786,0.0,True
6MHVlgckseI,0.40876271503850053,0.0,True
cqYicP22VPY,0.33664107850509933,0.0,True
-6APZr00v0s,0.6724043516532683,1.0,True
alp-u4EFLAc,0.6798825160872023,1.0,True
5mQODJAKjq0,0.271974025974026,0.0,True
VOgd5huk0wE,0.1569253828608667,0.0,True
S80DCCdZzuM,0.3921458413093723,0.0,True
7tFWwN-C8u0,0.37743566705830855,0.0,True
YML-r4hmivM,0.41084749332727766,0.0,True
9MjxKt3l1BY,0.3285015436213784,0.0,True
UeuYL5ZMYkA,0.3058212928376793,0.0,True
fbXexQbF8Dc,0.43547567197102915,0.0,True
o71P3LFnsg8,0.35542942497357627,0.0,True
qj7N9wmhtfQ,0.27064270701975623,0.0,True
-gIeJrRgz88,0.4196672504161718,0.0,True
G6lKTEoIKy8,0.4760976799990641,0.0,True
IznFXi5qae0,0.3479681276110531,0.0,True
Wb5oIxjBlrY,0.23089502057029368,0.0,True
YyF8JkWmKEk,0.3866688414184562,0.0,True
0C5PeIcxYxA,0.3007953014913579,0.0,True
zMh-d_Qlx0Q,0.6755064493366468,1.0,True
gDwvDLPaf60,0.6546965540090871,1.0,True
EbFO5rUBtuk,0.4204527962145053,0.0,True
yebtm1Lj75E,0.4247104274568012,0.0,True
F44OZRFTHic,0.3391632723356096,0.0,True
YI8A9E1gxuU,0.3443774291327974,0.0,True
uTRwjD10dKY,0.5887738743508397,1.0,True
Ywjkg2FxHkQ,0.5817050514397474,1.0,True
OCePs_HdP8g,0.38893019248681415,0.0,True
BLmnL0Kwp2A,0.3077971341609608,0.0,True
RYroZKK4mu8,0.5821968943244207,1.0,True
UB83rlMWzVw,0.40276233302032105,0.0,True
z4USrydPsP8,0.6522591858059839,1.0,True
8X6JJZMBurM,0.6117672474748082,1.0,True
CDFe99yzJd8,0.606366299216717,1.0,True
8gONTy1FReA,0.2555334990862411,0.0,True
LHaweb6TdvE,0.36227039468914535,0.0,True
FBbC72Bxgr0,0.19547806910071058,0.0,True
iIh-Dnw8Jdo,0.3198481997350522,0.0,True
H7KNFN2h_I4,0.6744976999799818,1.0,True
lXGoJqft8tQ,0.6767965505546945,1.0,True
Kvzr0hndXDY,0.5819618113180556,1.0,True
yTpHXoBD8iU,0.31919937944531773,0.0,True
DSg13zihy3U,0.5669744768685548,1.0,True
RxCoUUaCvbw,0.33113268016708636,0.0,True
nMgKjh7XZ24,0.40771043691017594,0.0,True
9K6oaqHYqHs,0.3613661068711013,0.0,True
9IB2RRbBlVw,0.5226124354870978,1.0,True
AgujWyNk1ko,0.4108759058803441,0.0,True
KoftULl4UMU,0.3886065051641312,0.0,True
D886nQJNqBc,0.5740377630032802,1.0,True
dADu2YH8XfM,0.3466351235158295,0.0,True
vt10Iz2iYXg,0.2514857911084326,0.0,True
mYmNnNhANCw,0.308244300502365,0.0,True
VBBcS8nmP6w,0.3803799041789095,0.0,True
ztC62yWrtdA,0.3596345082102547,0.0,True
GzCXpzs8Gq0,0.33091634725091107,0.0,True
qP5VRiRVun8,0.26370468915854695,0.0,True
Vj-GEuZsoCg,0.30863078626900065,0.0,True
_wCYFGrZtQU,0.30854727819020367,0.0,True
o1XVUV5V_90,0.28731877759456315,0.0,True
04lR7EXKg9s,0.23714691614691613,0.0,True
FSTq0MkGzlc,0.5697872822601765,1.0,True
RtpoxbQGetw,0.5805525267744044,1.0,True
n5eUHslBvQw,0.3042802380408106,0.0,True
-gFYeQtSQy4,0.2660427946976943,0.0,True
YE3A2yqbx6k,0.19361393323657475,0.0,True
t-XWB9ddTbk,0.2532902737903325,0.0,True
O7TVr03Xw8Q,0.5761803059112721,1.0,True
mMWRGRXKsYk,0.41627478941305246,0.0,True
hQ3IF3OFgLU,0.4187038923837981,0.0,True
w4-itmToNj0,0.46036130757524807,0.0,True
1EVhRbHmL5A,0.40859029416399234,1.0,True
rg3CgBIjZKI,0.3817974264792841,0.0,True
2LlfPVORFS8,0.397704267162866,0.0,True
5rAe7Jz9ZeA,0.4944484434056303,1.0,True
N3VcruDwPSE,0.5290380027449277,1.0,True
TYUPuvu9PkY,0.4649556694142626,1.0,True
ATxEGbJRY44,0.5233343709096628,1.0,True
rn3Q4Kzd0pI,0.4737993714356339,1.0,True
bESgOxC6XkI,0.4599179497539014,1.0,True
Pa97qYA7tZc,0.5641985042819632,1.0,True
qRZ8S6zbrQU,0.5703682335521238,1.0,True
dR7xUVf15uc,0.45962174475026957,0.0,True
Ph5qzDdMB4c,0.4031848039637328,nan,False
PUr6VyYgcHQ,0.40431472268523283,nan,False
XYD_eLdBzdw,0.41332184226486957,nan,False
dG6hsS-e5fg,0.4359994288778843,nan,False
5Hg6qH8F8dI,0.397704267162866,nan,False
DjS7EwL66Hs,0.4611330100182235,nan,False
fri85nGajbQ,0.44437511408873165,nan,False
MFJdb66M2Qs,0.41627478941305246,nan,False
NxhLE87_THI,0.3596345082102547,nan,False
cfPkCzU3w-Q,0.4031848039637328,nan,False
CwdJVdjila4,0.29744039648596404,0.0,True
bwar_fV13ug,0.6075673876886815,1.0,True
3HaC5D_TaEo,0.24037705899970047,0.0,True
czY-EJSM1UU,0.5551777106236229,1.0,True
N6gS2GkKkwY,0.5598697927350599,1.0,True
svzbg5lKUnY,0.2811423070063278,0.0,True
KMcpkH0hzvQ,0.30140442104734655,0.0,True
Bf2i4Zp_ipA,0.14593261455525605,0.0,True
eAZwB7GTnOw,0.5611467578578377,1.0,True
D6T6qJw5ITo,0.5480664653434972,1.0,True
-ZPAcsoqRYc,0.650222130392706,1.0,True
ObPHxrnVA5Q,0.3296783638004491,0.0,True
0WAhlviDAQE,0.20665656565656568,0.0,True
otPsbaUM6DE,0.2084052721658447,0.0,True
sPusH7mfS_I,0.3046636192711486,0.0,True
ppH-5oO3BYo,0.14547806910071062,0.0,True
zuDoZna-gp8,0.2041768388106416,0.0,True
hVImWl_i4LA,0.19547806910071058,0.0,True
-ACMzNgy7H8,0.28185799741612283,0.0,True
fsg_1h4xP64,0.6328178737898432,1.0,True
4Tiu_X0bCJU,0.208207434142918,0.0,True
kN2oOlTBxc8,0.38460460555371234,0.0,True
nies-FD0Rc4,0.32892688115035124,0.0,True
-tA6hFCw0_I,0.31934293396557545,0.0,True
Kv85-nDp4zU,0.2675797427060226,0.0,True
VI73Ti2wGno,0.35474479162549766,0.0,True
mOHeKoccgqs,0.28929264417949657,0.0,True
Ipxl9SfX_IY,0.36092126221373294,0.0,True
ggZm0_KWzKM,0.38025830110452435,0.0,True
OnkVRuf6KlU,0.41169536266525275,0.0,True
Y1LYrxU3Re8,0.3278946753111335,0.0,True
8ax2ij9Bk_Q,0.2708098855588069,0.0,True
quWxCvPZO1Y,0.3123104671973196,0.0,True
MPXcxG-Pv1I,0.5821968943244207,1.0,True
pGG-AB9367k,0.2708098855588069,0.0,True
V-W_Yw0n3vs,0.6525370415025586,1.0,True
K-5T7JEF1GY,0.5943983573946776,1.0,True
cUMIdL7wRI0,0.5761826294431606,1.0,True
6SpW7O05YCM,0.5777266051806846,1.0,True
aqO_Zw4bkrI,0.6162660455149622,1.0,True
-HqOC6skeCE,0.5632085559046633,1.0,True
FnneW9xvYI8,0.3858607631891803,0.0,True
5O-63cMQjX0,0.36263238563937156,0.0,True
fXvEvcTGNPM,0.596352589209732,1.0,True
yw-sG3iyFb8,0.3595867514507723,0.0,True
JBcKBaBQ5Oo,0.3142496805842444,0.0,True
VlE3RGe1qyY,0.5754283144658853,1.0,True
B4cWkozOkhI,0.32711354488969036,0.0,True
6J4Kgcth8ns,0.39161038118632435,0.0,True
Bx6lvZ7AJBs,0.2968608832021009,0.0,True
M1s5GgU-jHM,0.3272201172966166,0.0,True
XaZKuZ4d4Lc,0.2968608832021009,0.0,True
gbJcdFlUXsI,0.354003740344958,0.0,True
aImllVGW_q8,0.3729031738894659,0.0,True
b493hN5YWgM,0.33248209669652706,0.0,True
4rc_PqRUmI8,0.4019698402723876,0.0,True
w1CCqsw0uI0,0.40069632470106004,0.0,True
dXlnhxFVaw0,0.4981216652942345,0.0,True
ChFde9A7yBc,0.397704267162866,0.0,True
05O3lZZPIrY,0.3729031738894659,0.0,True
2roZkL2hb3E,0.435062953314364,0.0,True
kmy5GTxgCZA,0.397704267162866,0.0,True
B2gJAh-70OY,0.36177142333645057,0.0,True
LPMxXMWnl1k,0.3796225527608158,0.0,True
jthjpreWgfQ,0.397704267162866,0.0,True
P2vrsu0HUS0,0.3355118777356252,0.0,True
JqVNFuB_Kko,0.33535064467579023,0.0,True
DxkG1uoI5DU,0.42175532621391937,0.0,True
0jZVTtqL9Ms,0.41627478941305246,0.0,True
yBzzgVvbOpQ,0.3962867448624914,0.0,True
ubmE4v0PfZI,0.44498956894675584,0.0,True
4KZPWdOBNZw,0.42716081641417886,0.0,True
Z0zjwVdS5nY,0.5117903146970224,nan,False
EmeviTHxMuI,0.5230014184631708,nan,False
FQLcILGBdhk,0.55311632631019,nan,False
d-Swh-tUtig,0.5721312055887889,nan,False
Q_uPzAc6CWE,0.5978218593680218,nan,False
2kbFzz4PsIQ,0.40431472268523283,nan,False
aBEiyaaiitc,0.4130207969739019,nan,False
S0NS7YVACBQ,0.5688837137285099,nan,False
svwnECS6rfs,0.5304171907378418,nan,False
1DRlq6zZq2I,0.5009557522716791,nan,False
Vv5YNgAhnQY,0.6875468380989507,1.0,True
aLHpWKbPeqA,0.6967404038317262,1.0,True
DYPgmTLB1h4,0.656472430243398,1.0,True
jH0Z_jaH-os,0.8328793614219882,1.0,True
c2ozRRKMxLI,0.778971310781165,1.0,True
y3Cink6f2oA,0.6076076078226913,1.0,True
M_HDsCyIYJU,0.6716206162018971,1.0,True
DJnjugRDzWU,0.298117074786904,0.0,True
lB55_EfLSKA,0.6716206162018971,1.0,True
_usRldeRUC4,0.6615430707643633,1.0,True
YnKbcxXMZHs,0.7560953927025356,1.0,True
3gKEORBkYxk,0.6877199121517356,1.0,True
BoZ8Zhq1tDo,0.7103752279428516,1.0,True
ezVe9K7ciho,0.5843114708597065,1.0,True
Y8DaA6i8zI0,0.566253069734716,1.0,True
Fp21C3uQ9Hw,0.30889914302122834,0.0,True
freQxJqJFvc,0.7309339945150389,1.0,True
2GVR17L78wA,0.8707427536231883,1.0,True
BaSWGq-PtIs,0.29838731443994604,0.0,True
5aFTMfWOJtU,0.32504698748869376,0.0,True
O-nTIk1qkIM,0.6545580363806965,1.0,True
LLydBYoE2FM,0.6159961685823754,1.0,True
69VWs-FA3Ek,0.43919171615273045,0.0,True
4f_6ajpqzcI,0.16297036297036296,0.0,True
EwcFeKaGp3w,0.1790282131661442,0.0,True
HIu1-YHs9Jc,0.15613275613275612,0.0,True
AHawYsRRXVk,0.2524939421165836,0.0,True
hlrCRaViAM4,0.6347773342250183,1.0,True
le2vkqoursc,0.6009508151220014,nan,False
amWg1WIP-GA,0.5091275137810064,nan,False
zu-vFSKk8lU,0.4259046587787109,nan,False
SZN5vDskOyM,0.6545024832223634,nan,False
cMaHwPea9DQ,0.42825551683534524,nan,False
aAjihjG4Oso,0.5396882226722561,nan,False
fa3YE7AcUVM,0.4059166142281498,nan,False
NU97Wi6EuTI,0.35917115276768263,nan,False
Mmw6yyj19_o,0.5227486307276573,nan,False
-Hj8axd3DOA,0.40522159585356354,nan,False
wvLbI5Ljt6I,0.433882763718721,0.0,True
l1XQt9r80dU,0.4324652414183464,0.0,True
vh1OaUcCRRU,0.5730126612271091,1.0,True
XgyDIPflsS8,0.6056742254674427,1.0,True
KmMWRKa9tXM,0.6536242235957113,1.0,True
xrsk8KFCl6g,0.46727714711310436,0.0,True
uKGDP3lqpPw,0.5694706399165522,1.0,True
94FPUjvn4Dc,0.6624260378638259,1.0,True
IYJdl-4eGQM,0.6576338093579472,1.0,True
UXo4VKDQWPU,0.6716206162018971,1.0,True
KLSRYR2eUqc,0.6590995724308533,1.0,True
j6iUrYXd7-E,0.45431976568341625,0.0,True
u9k9Iju6Dq4,0.7058118975555405,1.0,True
d_j9oGzkrX0,0.6555667857373615,1.0,True
mCd1b7r3rZ0,0.6961579809506075,1.0,True
wKZFuP_nfwI,0.44246862230457956,0.0,True
ssZyCgBoBn0,0.6051356508566268,1.0,True
mdByWalI2pU,0.42492780910417294,0.0,True
k0anI0nnaeg,0.4624796714327764,0.0,True
ZhR4Gs4SqwY,0.3962867448624914,0.0,True
-Hu39gCK4xE,0.33000461355430927,0.0,True
PnN6jshxsnc,0.44246862230457956,0.0,True
PDU2lSa2AtU,0.43050855557676,0.0,True
O8nCbpzpA6s,0.6797980364847668,1.0,True
FY3394jtrrU,0.6522591858059839,1.0,True
5KwB6QlPX4k,0.5129185772226195,0.0,True
4sjKBLzeWMs,0.44443105338415834,0.0,True
Xc3EhWZGi7E,0.4624796714327764,0.0,True
Uk1Thk0LD14,0.346671280220976,0.0,True
j26WfjBChT8,0.8333438150092591,1.0,True
0ADQx2ugOAk,0.6735066893621239,1.0,True
Q7_oVC36QR4,0.6886751359352115,1.0,True
uWw7arEkdGE,0.6871298754611562,1.0,True
nnUPYR7HE9g,0.7227928409448351,1.0,True
TH8DLTO5rhk,0.6716206162018971,1.0,True
OsbJPwfG-iQ,0.6532679351626488,1.0,True
McXj63uFlm0,0.6894287260358689,1.0,True
LwnVzzVMIL0,0.4825851850587135,0.0,True
6xkONlelmaU,0.6894287260358689,1.0,True
usuCd7O8wDM,0.7560953927025356,1.0,True
HWu_LA8iLA8,0.7573422188326774,1.0,True
2TftyAzcnFc,0.39241401570802664,0.0,True
BPmTYCMqvQM,0.6871298754611562,1.0,True
i1A_fuxSzXo,0.6440288829944003,1.0,True
DkWKdHLii2c,0.6532679351626488,1.0,True
G1BqwpRnu-M,0.7560953927025356,1.0,True
eKrYVY7XzIU,0.4610391445547661,0.0,True
vSxXLmitmCg,0.48613570790714905,0.0,True
hVFiob_iT8A,0.4286429906633642,0.0,True
7xcQTDHGPCI,0.44105110000420494,0.0,True
8FsjRrGb5IM,0.4356868037480681,0.0,True
8zf6Zo7708Q,0.7093683896351543,1.0,True
EXUl5YLT5PA,0.4271398572663312,0.0,True
cmqrB-K0RwA,0.6189270771697029,1.0,True
1o-jdgqwXhk,0.48186013642838954,0.0,True
oOD5HUk38Uo,0.4073967407810851,0.0,True
fwa-q9oTq4s,0.6928086794158224,1.0,True
QB0iolPGxSw,0.6928086794158224,1.0,True
Q9uY4vI8awM,0.6687912616484045,1.0,True
_Kh7_6QBlhk,0.6701055010785557,1.0,True
N2QnbpryGQ0,0.6532679351626488,1.0,True
DK-sTlD_ydY,0.6470703516516323,1.0,True
-iDjta6RuOk,0.43050855557676,0.0,True
d9CjQzEjSU4,0.6716206162018971,1.0,True
8vHgFm29Hrs,0.6556391391859371,1.0,True
ux0OmB6IV68,0.6478669869045577,1.0,True
8uGfcNSB4Qo,0.7405861334432763,1.0,True
ytr0qhtdQuc,0.3725443102500859,0.0,True
FEBCuwMGZp4,0.617885217507859,1.0,True
G35wecZyBnI,0.5943676246551598,1.0,True
skyHc5Cf8_s,0.6871298754611562,1.0,True
Iy3ArEVjAsU,0.6880113262313723,1.0,True
Fb1ReXg7J50,0.7220170021875779,1.0,True
Eqg4barwi6I,0.8764026242790468,1.0,True
wuepL0URxYI,0.6590995724308533,1.0,True
7M-66BnswpI,0.7663645383945621,1.0,True
WdFg18_nKDI,0.9026188265494131,1.0,True
D4VX6Cm0A3s,0.8357774090480168,1.0,True
cTVbl2jwEOI,0.8374233593734901,1.0,True
iD-iYptqZ58,0.8404639837756875,1.0,True
yhnGzMgz30I,0.9132630981737376,1.0,True
qHci5ntGd8E,0.9091374342638995,1.0,True
SHYGEGIIO1s,0.904687367673868,1.0,True
lWTGMCsEAdw,0.6184652559217189,1.0,True
hB_O9Fq88z8,0.39685419635364017,0.0,True
Z5HVIYaZzw4,0.8601705085915295,1.0,True
COyCyqJtp6s,0.40119813782941216,0.0,True
KforGA2qvbo,0.5954913989730453,1.0,True
UpVkBl9jhRY,0.5888850425183192,1.0,True
izpzcL_iXeA,0.2785522617291249,0.0,True
T7vxafLZ5XE,0.6940465333905539,1.0,True
oM1TkiPW23U,0.827478413163897,1.0,True
AY2Vsngbvrk,0.6759568570227757,1.0,True
-5DNzfBKlOE,0.43525297188424616,0.0,True
_EvKVb1AjqA,0.651419492274065,1.0,True
rOWv0CIyciw,0.2912335058686301,0.0,True
MHSu2wTwacY,0.5797758316780792,1.0,True
F7WwyzKYIzQ,0.3883729859107212,0.0,True
iFh3tN3Z_MM,0.3371419476767138,0.0,True
zuWUbAKPuU4,0.688401934087418,1.0,True
6n9X6whwoww,0.6660881585693749,1.0,True
NHC5YqNw7GQ,0.3296318706017607,0.0,True
juRza2PMNTw,0.7744268175246583,1.0,True
ScDjJLkW-Yg,0.8770635141100709,1.0,True
X1nwLWXQiog,0.9346938775510203,1.0,True
x9Z8G0j0XH0,0.7985507763871109,1.0,True
TPBQ3ZIAdUc,0.603536463626666,1.0,True
Ss8-X4S5uWs,0.6736580064480631,1.0,True
Pc9o0PJ4YH8,0.5954913989730453,1.0,True
Nmlrg78w-RY,0.36443219176060887,0.0,True
_aR7SjozS3Y,0.898360655737705,1.0,True
GuOR1UXAHEY,0.7494814786039973,1.0,True
e06I9zjQbXQ,0.40744749185494983,0.0,True
H5HVfKbA3io,0.5433115855488457,1.0,True
_Np-o-BZih8,0.30446405960442957,0.0,True
NQVqwogdTjg,0.7054025877221415,1.0,True
vG0fqpQFsA4,0.625774977800664,1.0,True
Hj6XsIg8vd0,0.2720378777131508,0.0,True
PxZgWvo9AUU,0.6567851678218387,1.0,True
yTZJsBmuWnI,0.6409843280394216,1.0,True
7koXaocIfm4,0.36515378027361506,0.0,True
kERZXHnSpoY,0.2808950205702937,0.0,True
9i-Ul-eCQPQ,0.6714416401642763,1.0,True
teqM0SGM6fA,0.8863799283154122,1.0,True
xhuiku5GsWs,0.7423900293255132,1.0,True
UkVHtjoK8vM,0.6275968294263913,1.0,True
MadIprEJo2Q,0.6544033480629698,1.0,True
EOUMLJYh0_U,0.8166829586184425,1.0,True
lYcBohTaHRg,0.7030457538696426,1.0,True
KcYwaDgFvyM,0.6510257179411537,1.0,True
GpbxmkGI918,0.5713219940807488,1.0,True
CnjhNFRrhQA,0.5699044717803742,1.0,True
7bWEJdhqLuo,0.876998966420435,1.0,True
ASkecjE_9mM,0.6217549171045775,1.0,True
2KY0kJMG8lg,0.7434632172213611,1.0,True
JEca0x901w4,0.7466091116240106,1.0,True
nceTUpvdYJo,0.5686014605577363,1.0,True
dj3Z-yQFBb4,0.8801484230055658,1.0,True
lLzKIFijv5Q,0.7541645019842371,1.0,True
VmRKJS4CYeI,0.6280897809136874,1.0,True
UZEIBSc8htA,0.6497500618843131,1.0,True
4oSXimBH-y4,0.6949535550392116,1.0,True
BC7UNCT-7LI,0.22884337884337885,0.0,True
valyJcd513M,0.5542127592295784,nan,False
07xUSYACodE,0.6680796755802801,nan,False
pRChp9zsh8s,0.5500726587691422,nan,False
82VGxrt49lI,0.5805451983761054,nan,False
ZlaUhk-_RDI,0.6109153416092916,nan,False
pE9dfHOLiuI,0.6329849893230983,nan,False
3wUVVsc6VvA,0.6234099229922634,nan,False
4U8EoAYI_L8,0.43919171615273045,nan,False
qrpaXcL6YNw,0.6232924539168875,nan,False
dh9_k_EHcuc,0.5345458040600035,nan,False
P8cPmYnT-cc,0.4232440037344299,0.0,True
_R1ZAgszsUw,0.3927186226710042,0.0,True
MYeopZaHAns,0.46263071073804196,0.0,True
RPBrW90eChE,0.4488309309271009,0.0,True
ANlyIxtiDfY,0.6767451471455275,1.0,True
Ywm7aJ4USpE,0.6931183896351543,1.0,True
56tPk0EgMUg,0.7949850872144957,1.0,True
YGnh9RpcVPk,0.6577855879786273,1.0,True
PPpg4UwiJ1M,0.6622259288330717,1.0,True
gdJd3Zxm5fE,0.7152061749814088,1.0,True
n8kmr5-sojQ,0.7152061749814088,1.0,True
8TwmfPddsFg,0.3160826199823699,0.0,True
KWnriYXrRJE,0.3160826199823699,0.0,True
CIW5XUGUTeo,0.3160826199823699,0.0,True
_c2IFI3EnNc,0.6851989847428579,1.0,True
9behBZKYSyU,0.48942325621334637,0.0,True
icHZGY3QXKA,0.48146685791654126,0.0,True
auBQtuAMbbw,0.7171445867781547,1.0,True
TnL3l3l2Eeg,0.43841613110053634,0.0,True
a61540_ux5U,0.6793929083893929,1.0,True
VSE6fWND1FY,0.7093683896351543,1.0,True
ebn61cph7nM,0.6801300603968251,1.0,True
pba5Ao_yvG4,0.6646208011375657,1.0,True
SfsHaTaXclg,0.65281766200545,1.0,True
xvKRnk4lBj0,0.6394997278310086,1.0,True
utTQjjLfMnk,0.7462304712378123,1.0,True
XHnKpnPVBjA,0.8012455616987262,1.0,True
gsO4z4_gNE4,0.7826854731494585,1.0,True
8Q1sI_lNU-g,0.8176464876138759,1.0,True
eBe_4JG0XgA,0.5944592402518006,1.0,True
d5wcRT-K8nw,0.33791089358616666,0.0,True
N_oNF06GjTU,0.4130634502572111,0.0,True
gGBrgEN3seA,0.38490160199562523,0.0,True
bZtV5WXikTo,0.18898989898989899,0.0,True
rQMHUYfP0EQ,0.3669799511020364,0.0,True
YERyFYzDmBs,0.37351841264049795,0.0,True
vUMd5YecZtw,0.3737793360395487,0.0,True
NoEPxp4NNac,0.3113830613830614,0.0,True
IyCV1gfGyTw,0.2771126463897548,0.0,True
7Wo-k3HfHMM,0.12756132756132757,0.0,True
uMZ5irDMJ2I,0.3978208299169999,0.0,True
ylrz_HNHx1k,0.6361197744510552,1.0,True
dHe0b8bPoFE,0.6394997278310086,1.0,True
Cgv7jl-CIpI,0.14898989898989898,0.0,True
S04qKelqcw8,0.12756132756132757,0.0,True
QpWpcw67bns,0.19441313403577554,0.0,True
qYW3Kak-jls,0.3446966415606624,0.0,True
AvYkDFd5IEc,0.4017303878675871,0.0,True
ytrueD5cIWQ,0.3872877073747452,0.0,True
uGcouCTeK5c,0.25027195027195026,0.0,True
JTn2bIl1eX4,0.16756132756132755,0.0,True
AKXn-bGEjqM,0.17884337884337884,0.0,True
8vQhADXcqMM,0.10407470690078102,0.0,True
Kr-bccbWNEU,0.2447163947163947,0.0,True
QSq34_Zc4Qs,0.12756132756132757,0.0,True
noW9QBwnTGI,0.18898989898989899,0.0,True
MvCo62-E8NQ,0.14174977620174864,0.0,True
0XMgkrOI7zE,0.0890282131661442,0.0,True
duyScd4IAQw,0.16297036297036296,0.0,True
9FFMHL1DXvw,0.2447163947163947,0.0,True
mDQ2e59DRMY,0.28878737841001995,0.0,True
VxKLxLkPDVA,0.373475819633634,0.0,True
vg5x0XwUAc4,0.6332904198975627,1.0,True
ILzt60bTJxU,0.12756132756132757,0.0,True
IXA-BtyiRM0,0.273922513545155,0.0,True
Czbu812njlk,0.17225448445892289,0.0,True
Ui6WwiekZok,0.3045357891584307,0.0,True
fGTgFNhk7I8,0.20027195027195024,0.0,True
StBpPLQvY58,0.20027195027195024,0.0,True
Kty9QMnTgdg,0.5208714228765199,1.0,True
12MhaOUKetc,0.36551593560297346,0.0,True
6Skv9nQRBsA,0.2529484875711291,0.0,True
PLVe2GAIAko,0.12756132756132757,0.0,True
iXopDLkYk28,0.462083155334566,1.0,True
HG0Z6nRbRu8,0.17884337884337884,0.0,True
7pZkHgtfuJE,0.17417232739622204,0.0,True
SNMLywmtHm0,0.16756132756132755,0.0,True
ptekkm_EjGU,0.12756132756132757,0.0,True
l_5cQxZw7yE,0.16756132756132755,0.0,True
SsApq_Ncqto,0.12756132756132757,0.0,True
4ddDOTHRI3w,0.12756132756132757,0.0,True
oTcBYcm5G5c,0.37458336587583657,0.0,True
psUhqsyg-y8,0.619635943316357,1.0,True
7gPmB-f80nE,0.5826833199967528,1.0,True
rjl8udW0fvs,0.2983622487105975,0.0,True
SDht7yS4Fpc,0.4401142351186734,0.0,True
OvkSXqatdSc,0.2693445664028564,0.0,True
JY94IDs0LiY,0.12756132756132757,0.0,True
nlR1h9gQLPk,0.16756132756132755,0.0,True
vGNljfmnb1w,0.20249394211658361,0.0,True
j-7mmxpXI9M,0.373475819633634,0.0,True
Woey3F1ixJk,0.16756132756132755,0.0,True
s33Iqtf6ER0,0.38182714974380205,0.0,True
WHFA6ZZXxOw,0.16756132756132755,0.0,True
onNHAYWk-nE,0.1961327561327561,0.0,True
iXkp9u664Ec,0.20027195027195024,0.0,True
nv3_cM9tdiQ,0.0890282131661442,0.0,True
mSz0ZUtc9NE,0.34617429402274197,0.0,True
-JNIoefeehg,0.5257077673836831,1.0,True
t_dV0PDN5I0,0.17884337884337884,0.0,True
b1xzt-Qq10Q,0.5676960852767304,1.0,True
VvVPtOuxA7I,0.551165551842149,1.0,True
9r1MjM9UOsU,0.526697195074477,1.0,True
PRIjQjipZOg,0.5276945881484459,1.0,True
b3cwxHX9U1g,0.5082020371187924,1.0,True
ocw29Inl4XY,0.5592692291140252,1.0,True
lJVlFQnwFDc,0.37369575883128286,0.0,True
rWuuTRXjJJ0,0.20027195027195024,0.0,True
PegL6rPqLvY,0.5906350339460346,1.0,True
aTP5omqJfCY,0.6177811606383035,1.0,True
Y0OoB9DDO0c,0.7134169040223625,1.0,True
EEUvENXwON4,0.7170558599958761,1.0,True
7aVwKQZFqFE,0.6793929083893929,1.0,True
t_flm0WZjdo,0.7078888389268047,1.0,True
rpAvu6rQpEA,0.5927635188148208,1.0,True
Priw_oVPJEo,0.464067282318693,0.0,True
WG_HG2MiKBg,0.5993209834086098,1.0,True
sqwITXOAA3w,0.6266724072968408,1.0,True
wAEkDEAqdLA,0.6605343475953483,1.0,True
00s8D59fD-g,0.397704267162866,0.0,True
nIObs2rISRk,0.4544374129530345,0.0,True
7uQvnmCq8Bw,0.4646839470364614,0.0,True
wDIqqPyx-zo,0.397704267162866,0.0,True
Jt0NGQV8Pbc,0.6795103774647689,1.0,True
zEhTLwqQcsw,0.4932197924468359,1.0,True
InVQ2TIqDa0,0.7591546465906565,1.0,True
ApOvghMDLTU,0.5983122340519449,1.0,True
m9W0t2wMsDQ,0.6793929083893929,1.0,True
OuXPQ7VH1sI,0.5751515785163133,1.0,True
jRI-5kjOeIg,0.6638836491301336,1.0,True
blPx5gfkCeI,0.6172107485254298,1.0,True
qX3293T8Q8Q,0.6608223861392064,1.0,True
gZC88gaeMuM,0.38627990974075344,0.0,True
zhYgm8M9ALo,0.6616516634812253,1.0,True
K-9g5PSnlRM,0.7592503593742304,1.0,True
UTf5aSUxugk,0.6571543942153949,1.0,True
p9tOedsUWRs,0.645313126879947,1.0,True
wiiH_h2N__U,0.6029549526367117,1.0,True
y3i7CLyhfck,0.6854052927785645,1.0,True
osu0XoupNGw,0.7496894818906022,1.0,True
yApn8msCfFA,0.4592250044900549,0.0,True
MHpK-TNTig4,0.6416451349561356,1.0,True
TDH9aSC6LMg,0.7186623145079738,1.0,True
wI3AVSWZUjE,0.6793929083893929,1.0,True
t2NQmThJ77o,0.6385838719652084,1.0,True
5L_AabEwoag,0.604721931666701,1.0,True
wZYX5pCU20M,0.5993209834086098,1.0,True
f7HrxV6l9b4,0.6571543942153949,1.0,True
vkkfw-RY-GY,0.6605343475953483,1.0,True
42O9G6Dr6ug,0.6455309680908854,1.0,True
tDs9iiRgXSs,0.6793929083893929,1.0,True
cD1gicj9b-g,0.6990270099331133,1.0,True
eR3d8JYLs2w,0.604721931666701,1.0,True
Nr-71h9M4LY,0.6571620835845028,1.0,True
SlpG6467IK4,0.4053984665275975,0.0,True
5lEA3NvU3jo,0.451503140652565,0.0,True
pglL-YBdSmM,0.6259516964840339,1.0,True
11vMmikMb70,0.5993209834086098,1.0,True
EFoF334aHY4,0.42143231477189325,0.0,True
5zBJfcj9nTo,0.39446843036470924,0.0,True
jwXLwzF0VWA,0.47042174131381775,1.0,True
fjidpDFMaMU,0.6767451471455275,1.0,True
faESXyOVxYA,0.8027290681668562,1.0,True
c5wT38nH2m4,0.5815023422052779,1.0,True
0WJXSMhmIeM,0.5473021330418438,1.0,True
6JKXy7ByIvQ,0.494096998248241,1.0,True
nzEdDb2MjvU,0.40432069832902184,1.0,True
PzlSLn5ux6k,0.49078465168928,1.0,True
iKEC1pqIRq8,0.8674736232802186,1.0,True
JA9tdOoAsr0,0.6174757300638392,1.0,True
1-LHKNCCzu8,0.39295131896064517,1.0,True
hGTwBFgNZU8,0.42461337539230426,1.0,True
A9Kteg2x3ao,0.5818853216985449,1.0,True
4AiHaLhyKnw,0.5442354678821228,1.0,True
1-ZF5dz9Kfs,0.3962867448624914,1.0,True
FDUoI3X9O8c,0.5011341659701176,1.0,True
CF-WcHljBpM,0.4926411284933677,1.0,True
n3O4juxIHro,0.5336656890732737,1.0,True
0Oldqx3k1-I,0.4825636437199311,1.0,True
edsJxYKpV5U,0.6032552344832128,1.0,True
HZyOVrneQYg,0.5383214435865827,1.0,True
ZRcc-7N2W6g,0.14547806910071062,0.0,True
mvHXlwnrg2E,0.6416451349561356,1.0,True
KcPtRjRdkec,0.5266502833925342,1.0,True
pNAoRWcbKzs,0.4363447923828276,1.0,True
M4_YU4d-oFc,0.506002802245139,1.0,True
9kJePH5-IqI,0.43050259444671113,1.0,True
TA_1Nc0pAk0,0.4377033608416239,1.0,True
s273vLu7p90,0.5349329833200801,1.0,True
0ybdvKTx6lg,0.17404949767213915,0.0,True
W5k14gBQaCE,0.6222837045602225,1.0,True
F59t_InhmTI,0.5131609583996327,0.0,True
YF6w4_Gy5uU,0.6101633774307815,1.0,True
pkV-Kb2lkA4,0.5149948478257549,1.0,True
YogcB_DRk8k,0.5474593720103141,1.0,True
Jg3ZVETlGbg,0.5408772017344479,1.0,True
XrvuakUlPQM,0.48630267042055336,1.0,True
_lbIW9ZwitA,0.4829287731658642,0.0,True
nonKy04mN34,0.48227288469265445,0.0,True
QJ-bFvWntqY,0.5052901240755966,1.0,True
TPaWmaUohvE,0.5584325000622224,1.0,True
MTLLvGLI40c,0.5483108823985088,1.0,True
2uUatY4V3WA,0.5336649746761253,1.0,True
Z_-fxcWcees,0.4611330100182235,1.0,True
gjl9fNoet3c,0.4377033608416239,0.0,True
KmxqP3gbk5Q,0.516220215177402,1.0,True
TLJdnLaovnQ,0.47042174131381775,1.0,True
WmfopyZ3x3I,0.5314625520334649,1.0,True
FC8ULzaaroE,0.43293261840237846,1.0,True
4VgqqqXkmqs,0.604721931666701,0.0,True
daPQj860ryY,0.5819916142557652,0.0,True
qiUcRFO7VFs,0.4860877876679253,1.0,True
cQniO20cevk,0.4944484434056303,1.0,True
FjwXNehGykc,0.514788948902009,1.0,True
pkprz4u_GFs,0.49484792141918826,1.0,True
ZwqsuDNs1pY,0.4686730088990637,1.0,True
QQFWpTBPztw,0.40149826544238215,1.0,True
9XcA3gRIM4s,0.5514090736732247,1.0,True
J8od2hK8pMs,0.5712205116668732,1.0,True
O3gbMcMzyRY,0.45969277426452065,1.0,True
DL7BQyh0wIg,0.5617793911469169,1.0,True
f7PujoV1XBs,0.5346827107340126,1.0,True
H729EDO5e44,0.5717277580436847,1.0,True
hVnKKVpGGks,0.5617793911469169,1.0,True
_jWjCZfK5WY,0.5552824785005396,1.0,True
ViBhAXyRxPs,0.5737587317377583,1.0,True
U8Oj7-dH3wA,0.44090461036320916,1.0,True
mM7RgKrTGS8,0.5067075238800932,1.0,True
Gtn5GBpd6Og,0.5913949207965762,1.0,True
1Y0xHSbRntU,0.5694437091746753,1.0,True
I3tn0fN-UpI,0.5609178718708959,1.0,True
qFozdf3dcig,0.5495893268454618,1.0,True
Kyv0GIEUzCA,0.5203704558243136,1.0,True
1Rnv68C0zH4,0.6050994762439186,1.0,True
5SPHFtX8WI4,0.42059919613724067,0.0,True
agzUKlc63j0,0.5606421990069338,1.0,True
CShXsNDAVQg,0.45531133514729244,nan,False
l7O98v-3dO8,0.7093683896351543,nan,False
1r09_1gbda8,0.4177153162910628,nan,False
-BPapU9PI88,0.34862860834023757,nan,False
3hjg95aUOJw,0.3863671147843234,nan,False
x_sev532gbc,0.3923399709067291,nan,False
GQ-kpn-ASGM,0.5815545610781864,nan,False
LlALt9x0zu4,0.45240425070563217,nan,False
thQhDkHFK0o,0.536924654370542,nan,False
VJfk82nWr_Y,0.4285897212406041,nan,False
F2DyUJfb0m4,0.5780089747341723,1.0,True
OAaZKNlPalI,0.3712655536001174,0.0,True
DKdLet-gnoE,0.28545670862904593,0.0,True
CzTRd27qQaI,0.3812128413954342,0.0,True
bGawh9aAfPQ,0.6638836491301336,1.0,True
0JHc20UPoPM,0.6468941848701724,1.0,True
OyuHfiajR-g,0.29569717257787864,0.0,True
4KAQzN6Xylg,0.5747168629171829,1.0,True
kTYYTOL2iqI,0.5223331503032347,1.0,True
gy5FyRhe-lE,0.38358240336358285,0.0,True
2us35gcl0uw,0.3876402764397811,1.0,True
J-kTGctxYs8,0.5144129002651395,0.0,True
GStSPw9CjYs,0.6282963063922584,1.0,True
Lm3uoTsOq7Y,0.4544374129530345,nan,False
5KB7VUPWTvI,0.483193284487089,nan,False
BxpmjpcD3Mc,0.48700171562204114,nan,False
Kw6mg6oDVlE,0.5511115841587743,nan,False
B5jqZSzZwu8,0.3962867448624914,nan,False
iilXCf07AcI,0.4376882603245228,nan,False
2tFrWWN31Gw,0.4663032311391827,nan,False
D0mQCCZYOP8,0.480311961182855,nan,False
32weLtp_odQ,0.41627478941305246,nan,False
qnVOwEsot6w,0.47145586003568846,nan,False
vVg4ChDR0kM,0.3511338321282877,0.0,True
ZXyMewQ0Nf4,0.5498003504323178,1.0,True
4aut2Qj0ryI,0.5833027215030415,1.0,True
XqvLiTA6jKw,0.38790087762942793,0.0,True
1olkOXq2VVY,0.3716922418120766,0.0,True
_v_SJMAWc5Y,0.32114012907756473,0.0,True
PmB8ZlxhaDQ,0.37852805237783793,0.0,True
SUs7qS_IWaE,0.610120220014298,1.0,True
aedXVpAFfpY,0.5889272045468794,1.0,True
Og6wnejcH-I,0.3007953014913579,0.0,True
dptA2nntT1I,0.6146465213332515,1.0,True
bXg-zAvCNyw,0.25866197959746345,0.0,True
GrNLbNw_Opk,0.27300854632803284,0.0,True
cNgkIvx7yxY,0.36075403084106866,0.0,True
GQGEhJWjHIc,0.43547567197102915,0.0,True
FwSrya_NhvY,0.5796866234298388,1.0,True
Y_3SL4Yekfc,0.5965001483297102,1.0,True
_PJZ304quhk,0.7300199576409254,1.0,True
0o0rZMEihkg,0.580182484261569,1.0,True
1UBrl-b5oCg,0.3098190363771618,0.0,True
ZBtq5S93txE,0.36578758393383853,0.0,True
f3P4q6u0_Uc,0.5713219940807488,1.0,True
oFMYLY1shXo,0.3371367186948441,0.0,True
8Nm46BKxdLM,0.582378284530427,1.0,True
VLv4HJrbOck,0.29891589809276126,0.0,True
Z_IALkr5wjk,0.39188326247364597,0.0,True
AQYeki_xTLA,0.3143331866234068,0.0,True
Av0RbGe_aZ0,0.39670828134371056,0.0,True
azE-og9Go8g,0.3582557211723736,0.0,True
qZupnY9MF1o,0.3455048864747766,0.0,True
ZXwb3ePTxxg,0.37165397089504093,0.0,True
Jms1aeJyao0,0.6236042242808215,1.0,True
3wL5ajpEnVo,0.30697177207959325,0.0,True
Q6v2pNWAxa8,0.35578095502202506,0.0,True
dEeNvIHTvtM,0.32589907736542545,0.0,True
k_1RTAvlYHU,0.651419492274065,1.0,True
pHcRQagbpXE,0.6072546882559345,1.0,True
fAeqDqtG0Oc,0.5783583093777045,1.0,True
BNcdP5muzeA,0.5647157601219008,1.0,True
ZImnDGZnvoA,0.5781138873486901,1.0,True
KeS6yXcuJH8,0.25866197959746345,0.0,True
qJcTMKDV5w8,0.5779552264812515,1.0,True
EsooeQsukKs,0.3138057848584164,0.0,True
7ChAOgDTkdY,0.5587200924907327,1.0,True
rV9NI2wvIOs,0.19408557034363486,0.0,True
OugnQyrOMgM,0.6439966582779615,1.0,True
JD792IGw3Fs,0.3103929462402317,0.0,True
tWOdsuY1wJ4,0.3230210068205115,0.0,True
4AdMN9th5ZA,0.3480034076218361,0.0,True
q_jYf9LD8yE,0.355995082553208,0.0,True
mav-xFrntzA,0.5954913989730453,1.0,True
838T8xqxfzA,0.43525297188424616,0.0,True
5ZVRZ8YnD44,0.6450376323510653,1.0,True
l6QyP5zQHbM,0.6011922304411471,1.0,True
OFY4kDMN9V0,0.6001834810844822,1.0,True
94w2PXJ5xY4,0.6078886569858554,1.0,True
wQ-MUyNAs8E,0.6377368658328177,1.0,True
9JF9XHlZkME,0.5661331599263973,1.0,True
qafwifeU8bQ,0.6974429037909371,1.0,True
sGUdUsj3Sqw,0.3966176530225633,0.0,True
cj7W8M_IUEM,0.4275862444502653,0.0,True
pP_b6iFsItc,0.553902301749331,1.0,True
E6_5sCg1z9E,0.5879928315412186,1.0,True
60VUmjxuDLY,0.6982398590149448,1.0,True
_Ra6wkIoJp0,0.671067179899732,1.0,True
AGGojMioTgY,0.6459344815891772,1.0,True
mPA29p7yS8s,0.6276971640172044,1.0,True
6UJ8VqS5O6o,0.6522591858059839,1.0,True
yP0grL4HZ1E,0.6878885377304527,1.0,True
E0Yje6PBmEw,0.6524098910124418,1.0,True
Z9pMaurEPUc,0.6305265185706969,1.0,True
ylco2-nUSeM,0.6693088658256304,1.0,True
cT81z22tfss,0.6716077164003431,1.0,True
SxqIA6Une8M,0.7802153871111629,1.0,True
o2w7vmyYeYk,0.6159961685823754,1.0,True
0DvCu_PpdMM,0.6355976907189845,1.0,True
bfLEcKIHziQ,0.8553365734489283,1.0,True
qlNWNuhLl4s,0.637074593765852,1.0,True
X0xbNUMZCvk,0.631683707891109,1.0,True
eR_y_N_vlEc,0.660665559446475,1.0,True
YGRV8DEpVFI,0.31753923105014625,0.0,True
uhGs6qt0zzA,0.5934659564622767,1.0,True
lit-XgtTEoQ,0.6767965505546945,1.0,True
HsG0-asFvWA,0.3584442638081513,0.0,True
sG1dJJh5sHg,0.309713064599917,0.0,True
difApTTQYqE,0.5791510895544778,1.0,True
MRrQPpSbKdE,0.33524802740256715,0.0,True
DvH_dIdm5p8,0.21065509203440236,0.0,True
Hvm4bHrkcZY,0.2804397549244654,0.0,True
SH_B5mXMwPs,0.6522591858059839,1.0,True
T9d8Gt1lqJA,0.5821968943244207,1.0,True
_on_Qbbqz3Q,0.29168485143377276,0.0,True
OoVA_KGuaGw,0.32908454908669726,0.0,True
6f6NOsAs_BU,0.5632005122996452,1.0,True
u9Nt6a72HwE,0.34555137967346505,0.0,True
lC7iMP146L8,0.37315642169027174,0.0,True
1VtGj70HA5M,0.5573299210368461,1.0,True
rVaz2z2TMCA,0.5776782125043436,1.0,True
CH7z_jUygXQ,0.6075423309850451,1.0,True
bZ5kdtsqIHs,0.613166814028883,1.0,True
ZSeTsUmJh5k,0.666479511272138,1.0,True
T3C1RxZIl14,0.42864917172528544,0.0,True
XF0eQBB3Yls,0.6091437874451907,1.0,True
yed5FnXwggQ,0.6851989847428579,1.0,True
H08Je1l1QGI,0.6150337613725505,1.0,True
bvU5pMoC_fM,0.8363984230055659,1.0,True
Z47lfPMCM_E,0.5715902105557278,1.0,True
k9t6rfoR-z0,0.3929659091070384,0.0,True
MTekZeqzB5A,0.39739488201752354,0.0,True
Z5x5zwn3DKE,0.33924192386456536,0.0,True
fI9PtmG1_Qs,0.5769911588138189,1.0,True
9dYyLqEdIqE,0.2966351235158295,0.0,True
liXxlxqRpus,0.17884337884337884,0.0,True
uMZg_yD9fiQ,0.6954234031950736,1.0,True
752C58sZPOA,0.3391663310303518,0.0,True
lmaVKxDzf_c,0.6629604705688598,1.0,True
yr6WgEUwZDs,0.5659657275118899,1.0,True
lfmSIHbrbPk,0.5725989599123927,1.0,True
B5Qu_zT1qeM,0.36443219176060887,0.0,True
MVtzeER9ck0,0.17076257076257076,0.0,True
vx_2J0Yvt2U,0.7601055171729657,1.0,True
YGEhEB27Coo,0.6022578341525477,1.0,True
ehYS99FYJHw,0.6451478799405066,1.0,True
K0Ll8bv5_bY,0.42864917172528544,0.0,True
y_1-2BSMmWA,0.6814811507051844,1.0,True
J3ID6MDPs9g,0.5659657275118899,1.0,True
D5DdinNFlVM,0.6022578341525477,1.0,True
Z2lGW-PkcL4,0.6168487597059025,1.0,True
HOdENr2Svas,0.6801300603968251,1.0,True
5oOenIeIXck,0.7032123960695389,1.0,True
mbabBWhXzko,0.4018084756074809,0.0,True
F2wnvpP3odM,0.5744195651092203,1.0,True
RdJ9vKje2J4,0.9454545454545455,1.0,True
8WZFWLoUVPg,0.6874978353175705,1.0,True
QL1-VIEcJPo,0.6874978353175705,1.0,True
QTWDtWhwS78,0.4088470024852168,0.0,True
WvuVibEOCRY,0.6022578341525477,1.0,True
zH07W4bxxj8,0.8516701765451098,1.0,True
jeud3B2LjKU,0.7115123394637823,1.0,True
EmdPO9WX12Q,0.6699732005621895,1.0,True
CIgtWYM2Cc4,0.5960475116146831,1.0,True
d9qQA9kX6fI,0.5994284795990553,1.0,True
HF_-n6JmAOc,0.6110294569698467,1.0,True
QqY18I7-d34,0.41627478941305246,0.0,True
DO7ycbp9yV8,0.8591873265733018,1.0,True
zn3fJFFJWPc,0.5794118629194797,1.0,True
0jmn8hZSUdA,0.6198697744510552,1.0,True
ToYSSbmDPik,0.4058497140609834,0.0,True
E6E36eNt7Ok,0.6416451349561356,1.0,True
HraLW36zEZY,0.604721931666701,1.0,True
EiTqiIy80G8,0.8271237489316132,1.0,True
UvnNkDHpaK0,0.6416451349561356,1.0,True
0pJ1TUoD3I4,0.35716684306312196,0.0,True
HG5YJA-LFGk,0.6455309680908854,1.0,True
p813N-7rGUw,0.7035954842199177,1.0,True
k1ckpDk9Qq4,0.5886531764204671,1.0,True
tikZVWuhke4,0.5631888813631295,1.0,True
kPsnmLBkY_c,0.6416451349561356,1.0,True
uB51PLp37GA,0.5567342364440749,1.0,True
6g6SnU6k73M,0.5491438348835456,1.0,True
gDrAtyJt6qk,0.6445222187342204,1.0,True
Qoj3Dnu91fg,0.347211086039863,0.0,True
Pdyev2rMopE,0.6678588607160035,1.0,True
bCsYHegKd3Y,0.5795437774177394,1.0,True
8rHK18Jdysc,0.7662206744868036,1.0,True
SVtTG8Q_k6Q,0.3952157879001931,1.0,True
Qa4SPinwHrI,0.45531133514729244,1.0,True
XN-45nwpGvE,0.44928650705565243,1.0,True
pcueFhv5gro,0.389157320681129,1.0,True
V_mZq1g5mXs,0.5293398123870026,0.0,True
6WMtugbBVi0,0.439704438589652,0.0,True
TEvEgHYuXHE,0.4906695695863249,0.0,True
QZNGmtXTtYI,0.5233343709096628,1.0,True
W5h3mao_FAI,0.397704267162866,1.0,True
Pn2zTqJ-xLc,0.5677957738467805,0.0,True
Pr5xf7lx2uk,0.389157320681129,1.0,True
skI43vfq34g,0.5385666301467678,1.0,True
q4TloqMOECo,0.5108713374514752,0.0,True
8oZsuhF9DUg,0.3962867448624914,1.0,True
RBLCePz-BVk,0.6755064493366468,nan,False
JmyW6t_0tAc,0.5782337971570087,nan,False
1v-hmVWpmLU,0.4930540298207271,nan,False
_Z-rUsIV5vY,0.4467008305390327,nan,False
X2DCeSUQvcM,0.3466034845201369,nan,False
0iUtfwHXeo0,0.29473078602325675,nan,False
mFMuXdLw10Y,0.5730151377461039,nan,False
RMKq33oj4ME,0.4407434353793886,nan,False
YFR5GtLZq_c,0.6278340706912136,nan,False
dyPLCf4n-AI,0.4607918719481593,nan,False
oEvnzek1z3Q,0.32919747740874683,0.0,True
y_k9ypehLFs,0.37133025086185034,0.0,True
VpWdb9n8wrk,0.446134779152608,0.0,True
M-k8ZJzfy20,0.40798719270835637,0.0,True
5BresWX4hD8,0.6328178737898432,1.0,True
4Ek72JtrWCA,0.6224219952584803,1.0,True
8J5BWxGxWPg,0.440617268140383,0.0,True
14mw-iKJV3Y,0.4131135832448562,0.0,True
q5smqxwBtok,0.6138121528497236,1.0,True
m19e3ysXnKo,0.3230210068205115,0.0,True
ZMFW6et46j4,0.6094257733712425,1.0,True
ZOwc9uf5f8c,0.6548754565995946,1.0,True
q9HSHXrv7e4,0.41589746239247416,0.0,True
GVljFVClyws,0.7795439221925314,1.0,True
I8L5rSEtVwQ,0.3596732434727482,0.0,True
K2SG_bhvBtI,0.3514236215434563,0.0,True
lTL8dCguYuM,0.40486707474643086,0.0,True
7tT9qY0yDVY,0.610982798296231,1.0,True
bUtBazMgcXY,0.661054440399546,1.0,True
PfHvoWaVkag,0.6567021986376825,1.0,True
xRNMH3JE_eY,0.6597195179766008,1.0,True
0BNpQGq3b04,0.5940738766726705,1.0,True
fW7VIRWQRbI,0.4460182163984741,0.0,True
MvaKtn_frzU,0.7581327829487016,1.0,True
5gW8vtJzB_Y,0.7729329586184426,1.0,True
oNontQfStCM,0.6730351678218389,1.0,True
sO1kZ7-5kko,0.7783339068765336,1.0,True
mFCmMI_7VZs,0.739071018319935,1.0,True
uQFHFJ-WFTc,0.38009270009484825,0.0,True
Oo952ePSnPU,0.7688307065359382,1.0,True
2SUWHEtJ1j0,0.6665349772004129,1.0,True
rKvcWTeohVI,0.6695091686418431,1.0,True
edB-jhCiWZg,0.7246046564273165,1.0,True
GnJugTyl1f8,0.606366299216717,1.0,True
l4qXAeMAWUI,0.6704040928944589,1.0,True
v64hM6vk32E,0.621734605295124,1.0,True
IpFLcsSwnQY,0.7579929166443256,1.0,True
E7D0nOrd_kc,0.8084239200377844,1.0,True
kV7RTymCeIE,0.309713064599917,0.0,True
jZHIfkQ9En8,0.3194416874486734,0.0,True
YBBczyhCc5g,0.24672907747799883,0.0,True
OcT2mpQ1VwU,0.3115939423428637,0.0,True
ors8hnDKYog,0.29569237069237075,0.0,True
M8GrA3___KI,0.3120484877974092,0.0,True
neO9ABCWm9k,0.32907155681433187,0.0,True
ttCmbb-jb_U,0.8447404812545184,1.0,True
go6rx8LARa4,0.7538597571859651,1.0,True
i1xiYE41chE,0.7131283994484398,1.0,True
ucuL5-dyFzs,0.6381171430326846,1.0,True
3ztNu9Sq034,0.7496734877543961,1.0,True
GN_O53mQUB8,0.7211487509222485,1.0,True
R76jQbKExcI,0.7131283994484398,1.0,True
4py8YU8ygpw,0.6550638833194076,1.0,True
FwC0qkC1jHY,0.6257864495445935,1.0,True
GYpo38S0hGg,0.37351841264049795,0.0,True
7er7T3hIhC4,0.385783557880311,0.0,True
S46MvH1qU7U,0.6451478799405066,1.0,True
OYAtKHrt6YA,0.7391894530498065,1.0,True
e-dTyTuSUiw,0.6022578341525477,1.0,True
w_3paeBJBEA,0.6467104705688598,1.0,True
hFfGctau0BM,0.7873555142997103,1.0,True
Bcpu-jqAL6w,0.800274023405154,1.0,True
yVFuWXB_6C4,0.6392285677711944,1.0,True
k4GMGGtnyRQ,0.43401346798142226,0.0,True
UM6OeVkZAd4,0.7249841678413107,1.0,True
TFfqZxSOREg,0.7628246476172743,1.0,True
l-56cTmlpG8,0.12182750582750583,0.0,True
GB6xh_sq22Q,0.42864917172528544,0.0,True
98dmoVm83Vs,0.4687254173011638,0.0,True
eznl9GcqxT0,0.23017837019865417,0.0,True
jDJCavBaBHs,0.5927952471985525,1.0,True
vqCmCSkt-9E,0.6835010337882907,1.0,True
1XcMFwkjaNg,0.645313126879947,1.0,True
65B_GoV-qoE,0.6854052927785645,1.0,True
5bRgc9Kv0iU,0.41627478941305246,0.0,True
s_aG2H00LyQ,0.619635943316357,1.0,True
_ZxqcqMB0ew,0.492097585348996,1.0,True
WIrvgzqh7ow,0.4726530839428066,0.0,True
YrSKp7i-EoQ,0.6090461609039145,0.0,True
a9gdynJL9YQ,0.38907082865915305,nan,False
ThAl8v01Cac,0.387161722735421,nan,False
Ay2SYPMAkjg,0.3314946711173126,nan,False
WnZR7RPH8sA,0.4538938128469178,nan,False
q8c9dmjMatw,0.36784531200669146,nan,False
8cJAXfbuzx0,0.3377036345676554,nan,False
034EXpKtaoQ,0.4727564040247123,nan,False
6DCEC5bjDqI,0.4071727718636177,nan,False
mHUIQfpNPhg,0.2974130961095799,nan,False
OuQ93oDu6ic,0.4530198906526599,nan,False
C4Q2ezioTUM,0.6148528293689585,1.0,True
tfrgpkksRfs,0.5793670587343694,1.0,True
VgUrSo3Me60,0.5291921624825052,1.0,True
p9X4UYQ8lOo,0.22527267046323307,0.0,True
X-hz2ResO1Q,0.6159259639926683,1.0,True
G0Zkw6VFDH8,0.1957739557739558,0.0,True
no2Ck9oTm5U,0.5647156376260227,1.0,True
7CH3Cb5gR7E,0.6094480051689811,1.0,True
ZMrjvxCIPpY,0.6003097401829679,1.0,True
LsLpqhdZB7c,0.3131947358665169,0.0,True
1ZvLeJFZSGY,0.3582557211723736,0.0,True
powfWYn6570,0.6468582375478927,1.0,True
DqHSEaUuOnk,0.26819067907138516,0.0,True
2DNoq4dmmh8,0.5713219940807488,1.0,True
EWoz404YIeU,0.3817974264792841,0.0,True
sRL-3ky58g8,0.4175822464040234,0.0,True
ur-BJvecGnw,0.5925023278229788,1.0,True
T2pr8Dn2YuU,0.5742986154248954,1.0,True
dVUMX5sd68Q,0.5938250406039154,1.0,True
558aRD9GZZw,0.33632008080161535,0.0,True
QJixdtnsUo4,0.6086651497914297,1.0,True
0p5PXtSJNGY,0.29168778951567076,0.0,True
6tcWCh8vAeg,0.17897036297036295,0.0,True
WS3JMUww1sU,0.34268999397017746,0.0,True
Ld5S0K7AE3w,0.3548771950378811,0.0,True
vH3Rp3wky-U,0.5737430567270903,1.0,True
gjveGaZPcpI,0.36227039468914535,0.0,True
1pV9i_U57Uo,0.28005064434926147,0.0,True
UhHaVSd3h6U,0.5880650082041856,1.0,True
8o02_2B_MxM,0.3383224995358172,0.0,True
W4p7tntGYQg,0.6122344130964821,1.0,True
Bf1JqIYAr_0,0.38102966578503406,0.0,True
TEI7JaibMOQ,0.3560272481817879,0.0,True
SO8LmiFq7LU,0.3966845208226914,0.0,True
ty9ayQQhZYU,0.5925023278229788,1.0,True
sM11YYzm2X4,0.3962867448624914,0.0,True
N16L5Bc-ldg,0.2027148778411577,0.0,True
31Sjplgd_Fc,0.19143282655910643,0.0,True
k0PJHSG4yqM,0.5219272377108165,1.0,True
2voQnqkFGDA,0.18288588007736944,0.0,True
uexC3MdBIA4,0.3101676100544625,0.0,True
Sfbx5T9-DKM,0.1718275058275058,0.0,True
UFim56QnE8g,0.18560137901314372,0.0,True
TZKH3fO9tak,0.22681998656890795,0.0,True
eh3l1hubnJk,0.2125992812219227,0.0,True
sKdoPbzicpg,0.29091652134345375,0.0,True
0VYNSKWIOos,0.5979124616193867,1.0,True
JiSQTMmGHFI,0.5977783107746311,1.0,True
Agsh3s7PTE8,0.5632005122996452,1.0,True
yd5a6h2bsGk,0.6223050022572365,1.0,True
h4SZQvX2hUU,0.6213971168404665,1.0,True
ImfwTnoWvKM,0.35910172031503795,0.0,True
iB4tmZHQ0Ec,0.36032514155109807,0.0,True
Y5FvtQomPh8,0.6075423309850451,1.0,True
tFIgG-7RBvc,0.6117672474748082,1.0,True
hDF8gKDOSYU,0.3197036668485838,0.0,True
InDYmxIXkAI,0.3318212209433063,0.0,True
wHVsycOJejs,0.34852798868867474,0.0,True
KVmIwlgp9YQ,0.24853988187359682,0.0,True
HubmluaaFmc,0.6255519240514757,1.0,True
54l-1NfXnX8,0.6249063531882071,1.0,True
cLojEjVHvVc,0.5865682502751753,1.0,True
rv5Bk8O4d8g,0.5632005122996452,1.0,True
f4ZYEZO3Sq0,0.5293815373039928,1.0,True
fxMr9J_QvY4,0.5995265625228827,1.0,True
gOfjC4WIPo0,0.5941465406554951,1.0,True
y-kM5kD2nm0,0.5288353788230598,1.0,True
hijHJImFOnI,0.5535295187342177,1.0,True
4n5u_xq_czc,0.5596193894394794,1.0,True
nfqsZwyFBjo,0.14090909090909093,0.0,True
ntmsPKeXjcQ,0.07054545454545455,0.0,True
43qRMDyL5zg,0.07054545454545455,0.0,True
n2mBSWjcKbQ,0.6240296059243196,1.0,True
ie2sS9ODpSA,0.07054545454545455,0.0,True
OpTBzzLpG4E,0.17884337884337884,0.0,True
g5Ve-gfXzZY,0.32176783117959584,0.0,True
txuTNgghan0,0.6114159368537249,1.0,True
O5hOzqZ60PI,0.3960067635099881,0.0,True
ACiwAkdbsVE,0.273922513545155,0.0,True
VZgrsDkZjHU,0.07054545454545455,0.0,True
Yvl41GTnba0,0.6277509114019596,1.0,True
vXC23YrLGcg,0.05454545454545454,0.0,True
QmqCmwQZADA,0.07054545454545455,0.0,True
GmKDdwn_qGc,0.28070657032921187,0.0,True
BltbbJFHoGc,0.34746784291739674,0.0,True
1l9p0QTl3nw,0.05454545454545454,0.0,True
98blrJ07J-o,0.30940635942143824,0.0,True
EpSlkFh4uSI,0.14264568764568764,0.0,True
VWNHoDaw7AE,0.0890282131661442,0.0,True
o8l9xL6gGs4,0.05454545454545454,0.0,True
bE8ud9pKOsA,0.0890282131661442,0.0,True
KMfJV5GyCEw,0.39964667853601743,0.0,True
mWQyAkOFA_A,0.6646208011375657,1.0,True
ENC6QBbBqb8,0.5838875690604411,1.0,True
ssJa9fIRtnU,0.37315642169027174,0.0,True
55zNDdiEZRg,0.3949281934620435,0.0,True
O8O8eGl0nNs,0.34509683421891957,0.0,True
Gtjeb4xkWHo,0.3015559888140533,0.0,True
josYyWU5upk,0.38369896611771676,0.0,True
kLf_gBXs2yc,0.4038040735531889,0.0,True
Qqb7Q8qPLeE,0.5390387994926573,1.0,True
kXPLgh-TLnE,0.573101369647532,1.0,True
mvaNaZ4-E4c,0.6198697744510552,1.0,True
Nx114VWepoI,0.6253197071423673,1.0,True
lSmgY5OsZmU,0.6659279699977051,1.0,True
xhSJMWUmrF0,0.5873942989404614,1.0,True
bgzFclqj8Yw,0.3794475798632755,0.0,True
1NgA3YB6qAk,0.22374236874236875,0.0,True
vSd__39Ic6s,0.3466351235158295,0.0,True
hzL_lfwfcIw,0.2973929320155735,0.0,True
CvaFkC9KN60,0.5316013710207461,1.0,True
VTLBgdj395o,0.25027195027195026,0.0,True
R1cF4T4lgI4,0.6229093657665086,1.0,True
cluYXBbrw_8,0.05454545454545454,0.0,True
yasGTeAsV6s,0.5716665589799919,1.0,True
j5UwVEQGooo,0.3279484875711291,0.0,True
KZ3hAy_XZwI,0.548464062576457,1.0,True
NNMmKQRzB4A,0.05454545454545454,0.0,True
dZYjKRkJK6E,0.3015559888140533,0.0,True
vBLs85-WBkM,0.38171093445730825,0.0,True
4AOs5ZIJHZY,0.3354881701108116,0.0,True
YoQ6QyMjWKI,0.31559136059136056,0.0,True
jxB7l8d4pjQ,0.16909691487040251,0.0,True
2MDoncgf2KU,0.29259956577190305,0.0,True
0yK5yAkEjZ0,0.5873942989404614,1.0,True
3M6_aoTEtBQ,0.32398982302422924,0.0,True
U7870-WNai8,0.1421911421911422,0.0,True
sbpmdBtZS0Q,0.16742926763696253,0.0,True
fMEDjJE_IBU,0.07054545454545455,0.0,True
zUHtuGPHbRI,0.39235663172077795,0.0,True
tiV1Ot3wQtc,0.1792979242979243,0.0,True
zoyvQDZ9n1Q,0.12182750582750583,0.0,True
I7K6ZlBY2tQ,0.3831378786428731,0.0,True
r1MuzoiLB1A,0.07054545454545455,0.0,True
XcxjqX_P-6c,0.07054545454545455,0.0,True
b956kxODT00,0.05454545454545454,0.0,True
swd5BZBUZlY,0.10628205128205129,0.0,True
O0y6Ttg7IQQ,0.05454545454545454,0.0,True
dI_Vlk0Bwr8,0.07100000000000001,0.0,True
Rfdnsp31X0s,0.07054545454545455,0.0,True
sJf4YFp6PQQ,0.6851989847428579,1.0,True
Ij58FRRWd2M,0.32942881582565087,0.0,True
8Hjns-ba4uU,0.11100000000000002,0.0,True
qYfM2eRDskY,0.05454545454545454,0.0,True
D_kj_PvcpVw,0.19146042148070547,0.0,True
sGo5EoAe3cs,0.07054545454545455,0.0,True
JNPeKrxHhdY,0.0771764705882353,0.0,True
1HyLmf7pM-I,0.05500000000000001,0.0,True
sceIwry-s-Q,0.5622742430852343,1.0,True
TnDemLcmOE8,0.19190385243861852,0.0,True
olZkwEtL74E,0.07753846153846154,0.0,True
oqpP5xSJf0Y,0.05500000000000001,0.0,True
xm-RiXrJ4Hw,0.3034629816164855,0.0,True
0pVar30w3B8,0.07100000000000001,0.0,True
NUKJzrt6maE,0.07100000000000001,0.0,True
D8f8ESBc1Gk,0.49337906683217747,1.0,True
T2YlTB523VE,0.14694128049097624,0.0,True
Q522bmf6xrc,0.09312418300653595,0.0,True
tefoC3wP8n0,0.5539783572337706,1.0,True
qhLaGHJjU4I,0.5593426534899074,1.0,True
MODyHQtzHLo,0.5622000497077664,1.0,True
BNZ2s99MbCM,0.39161038118632435,0.0,True
678k3ftDcq0,0.14440623428858723,0.0,True
M3ks-dHchdM,0.23385981762039015,0.0,True
kJb3HtKvnGY,0.37303985893613784,0.0,True
G0uwf1Y5wpc,0.05454545454545454,0.0,True
1aHTaqJhxzA,0.1865395561824817,0.0,True
vq8pBGFBVQI,0.25555408193339224,0.0,True
xMgk-MpOXHY,0.05454545454545454,0.0,True
FAsjvVWTItE,0.07054545454545455,0.0,True
Hv_4FOKBWNU,0.11843925749985329,0.0,True
7DRqWYaNnJE,0.07753846153846154,0.0,True
fAPFxdR-uBI,0.45536377646321613,0.0,True
JNOWkpNR8Xw,0.34187321875392473,0.0,True
vzlcK1IDBAM,0.3363876222839012,0.0,True
UxDmHwiWhG0,0.43007456922399356,1.0,True
Vt1Pjeob7LY,0.38358240336358285,0.0,True
s5Gjs3ufLHs,0.45281376700814924,1.0,True
yrEic418kjg,0.46910500197905414,1.0,True
aZSx8JNAA10,0.5374212374089182,1.0,True
--GOwV4Z3UQ,0.3909224486063545,1.0,True
w5cFKe2H3Qw,0.5378535913334672,0.0,True
6H4X8NuPFqo,0.4078126902328846,0.0,True
4G6_lUcNsMs,0.3828811703216487,0.0,True
Tdek5h5k6Io,0.4018084756074809,0.0,True
obZiznCOQAA,0.46454405695942846,0.0,True
ojAvnSdsc1I,0.5402434748987812,1.0,True
oHmCqAQb7ho,0.33986194260831637,0.0,True
HkZNhPR6bxc,0.287673775574249,0.0,True
Dzidck96FGY,0.48132521108592696,1.0,True
ayes8sKbgA4,0.4034170858372802,1.0,True
YF2M78Frx2g,0.3962867448624914,0.0,True
MQTjJMpVeQM,0.2616648180397365,0.0,True
3HLMH9t1Q-g,0.4564626319375127,1.0,True
37U0y8k8k5I,0.3497736434118578,0.0,True
hVGzh-2ET2A,0.397704267162866,0.0,True
wRDKDBv7jKI,0.5805337545089854,1.0,True
rP77dn3wD8E,0.25912495815936437,0.0,True
Z5hwjq5K0eY,0.4897405171298588,1.0,True
Ry7lOHR5HhU,0.2948937045749017,0.0,True
vkpYpWfEK5s,0.4362858385412493,1.0,True
vKkNzyD9d_E,0.5286544805029241,1.0,True
DB9oQY46NwY,0.39475972596250514,0.0,True
tcgNauq4joo,0.5036197575691859,1.0,True
i0n6K5doPlI,0.4724643350971044,0.0,True
2wOPEDxU33g,0.39475972596250514,0.0,True
MbWtqeqzMHM,0.43637891076110885,1.0,True
VCCRD_0uJFA,0.4298446017614017,0.0,True
J_ps7bcn3KA,0.12882051282051282,0.0,True
l6GIpD0s0_M,0.4291564143598869,0.0,True
rpE2rzKO6L0,0.41913283859143735,1.0,True
VhE16Z1mgCs,0.3923399709067291,0.0,True
66dY0WCDPTU,0.4287627079570958,0.0,True
zkKPchV2bEk,0.5446029247769022,0.0,True
k-6ldiWIDsg,0.4193148639508172,1.0,True
iDNJXqiIglQ,0.5025836446671252,1.0,True
mtSt-xz-7j0,0.3955972062902252,0.0,True
MAGnwc6wjHo,0.37094112274267566,0.0,True
Tsr_O5Gp5Iw,0.4057322449856075,0.0,True
y0-09CHb2c4,0.24672907747799883,nan,False
Cb_4_sxR3Ws,0.3651729191884921,nan,False
gDfH3Blo9OQ,0.2589944002357796,nan,False
5Pz3oy9Mi7k,0.500448992621562,nan,False
rJviBkh_I5w,0.3598378884927881,nan,False
7IURpXSoupY,0.30701826527828163,nan,False
zSk6yk8YMb8,0.3217492486335535,nan,False
VPm1XoeJAtE,0.4702624117484538,nan,False
6QmV5TtPyZE,0.4711014632740326,nan,False
DzGVMMv5zlw,0.4425624877680369,nan,False
9sIOsnWyrQQ,0.5804825523458677,1.0,True
nQPDAxZkAuk,0.3150756136094637,0.0,True
Huiiq8VdoyU,0.4102422011612517,0.0,True
wgveHgHPykc,0.37226225500503,0.0,True
w5FfGL9RVB4,0.5619687515196936,1.0,True
4GRqwIzvjRc,0.3923399709067291,0.0,True
S92KX8-Hmlc,0.5821968943244207,1.0,True
3LXAfd8VBek,0.3101676100544625,0.0,True
icFyCa5RovI,0.4291013697766428,0.0,True
FEy6f8U212s,0.5645673641011871,1.0,True
0vh1O7bak_U,0.6504385806091564,1.0,True
a12S4ap6bgw,0.5825239583651347,1.0,True
8iFqsRVFKQc,0.36227039468914535,0.0,True
QESaDItegTE,0.5688249953434831,1.0,True
C7jcKQYuMbU,0.3115939423428637,0.0,True
l_865cCIlv4,0.532224325302237,1.0,True
CHWZIW-2Qfo,0.39964667853601743,0.0,True
y1FIkdCIMAw,0.2678133524359939,0.0,True
_wDPySUaXc8,0.3480496893421601,0.0,True
HjlpVZMvsCM,0.5537258526913699,1.0,True
XP9j2PJbaQ8,0.7152336373396968,1.0,True
es4cgeWl2VE,0.2941627891627892,0.0,True
rKU2gzzhT_k,0.5798205133673114,1.0,True
l5v56HgRa6A,0.36821573817734177,0.0,True
ZcycEIYYCas,0.16756132756132755,0.0,True
siOeaIJ-Ldg,0.5962841852480307,1.0,True
jAxFaZFzb00,0.2511014433595079,0.0,True
xj4gX7PS918,0.5927952471985525,1.0,True
Ynv3AOw85UI,0.20885981762039013,0.0,True
WUr6x0GpNjI,0.4264873746538219,0.0,True
VGeJix3sbqM,0.37589835717414266,0.0,True
5fG1R2lGXlk,0.3377036345676554,0.0,True
mhD48UP14y0,0.3377036345676554,0.0,True
OSGGB8zcVdA,0.3792297471463995,0.0,True
DEewjtcAnlU,0.57605008759625,1.0,True
M6xZzyZucMg,0.33113268016708636,0.0,True
Hax3tWGi1us,0.5514898499962568,1.0,True
x5HCrHp4sdE,0.5832978560197497,1.0,True
-jPiUEo_MWg,0.5927133514098349,1.0,True
ZbgfBtX64s4,0.3712655536001174,0.0,True
yj23TX7Amj4,0.36166884141845623,0.0,True
U6KD5D2BR2o,0.3877397983807544,0.0,True
bjlqTq5nLv0,0.38790119983883187,nan,False
72VCJzP-tog,0.49399767561081476,nan,False
xymVCRdAM5M,0.4516918894982672,nan,False
Vn0LW5uNnkM,0.4455844977925283,nan,False
JXbyFZFXXfc,0.5243242541344003,nan,False
D2298T1Asm8,0.4092132085132693,nan,False
IxhtqCMCJ24,0.4650729530009142,nan,False
X8ve1saYoC4,0.49479655607276773,nan,False
dxMUD8FXvaw,0.397704267162866,nan,False
0MjoXk_QsZI,0.3962867448624914,nan,False
Bn52vF85yBE,0.3923399709067291,0.0,True
TsoeQ3LdvcQ,0.30864959504643014,0.0,True
efj3H0Q__CQ,0.5954875499951054,1.0,True
9PxY6bKPNlE,0.33450674454095447,0.0,True
1qp07_i03gU,0.3842171815350602,0.0,True
ypL9v5WRRgM,0.33450674454095447,0.0,True
75gwWrA2tgw,0.20739194139194134,0.0,True
OvdoaM0keN0,0.3106784984415574,0.0,True
mNVUc5ZVLt4,0.36564665928487367,0.0,True
PV0faLaC9HA,0.40431472268523283,0.0,True
6tbZwJS8-yg,0.6067557293363744,1.0,True
t_2cNCeqSx4,0.3806641594120281,0.0,True
-d8Nk9V7fMA,0.5441399880567434,1.0,True
QQ6VeTwgWpA,0.40431472268523283,0.0,True
WYQhjL8_opI,0.3368220154769151,0.0,True
iMTtzOL88zY,0.31317145220371023,0.0,True
vcPZJG17oUQ,0.39161038118632435,0.0,True
ETmrM162ZOs,0.4049376370345099,0.0,True
8awK9JIthpU,0.5617793911469169,1.0,True
xZ2JMKc3S8o,0.37303985893613784,0.0,True
Z8cdrUITMjU,0.39161038118632435,0.0,True
xjArbFAde-M,0.3605666182618554,0.0,True
73LISQOPocw,0.39161038118632435,0.0,True
7LCct5HpF7I,0.2292802380408106,0.0,True
6SX3x1ZiX80,0.5937221007664999,1.0,True
0xeAxqsdFM8,0.5993209834086098,1.0,True
FYsk6SuUQwI,0.3383156582587342,0.0,True
3qcPIxcosSU,0.5927133514098349,1.0,True
TBhFHI27HJc,0.5726630992536406,1.0,True
4nvgvv5p6iU,0.6178915056587964,1.0,True
olaNIr9O2Us,0.33450674454095447,0.0,True
ufaBklKBfxo,0.645025088336089,1.0,True
oR3I6sTusVA,0.5913567254443518,1.0,True
8oKPxvCkpOI,0.35990877854699294,0.0,True
9incy8-ZgXI,0.6232924539168875,1.0,True
YhSbpG-LMr8,0.26302287441886996,0.0,True
4okxFmwPymE,0.41295656013547166,0.0,True
-DXwpzhfTLE,0.6416451349561356,1.0,True
Vm5cYO397Xw,0.6363649427030518,1.0,True
HWrtKaOsDZM,0.5442449618993523,1.0,True
L10ep2tuawg,0.5619230705984264,1.0,True
O3y2AxcZdTk,0.6397142442378372,1.0,True
QiAU7EgxU2U,0.5927133514098349,1.0,True
x2TZLEp3Msw,0.6169329237071173,1.0,True
RVMnsUuXaZU,0.5741428291596484,1.0,True
FgcvxAYySWs,0.6638836491301336,1.0,True
5VLnCRsfsS0,0.5412490655261739,1.0,True
0wB7RLMBzMI,0.6228205094086189,1.0,True
uXOhfa5Ndq0,0.5927635188148208,1.0,True
JcNjXw-RT7E,0.5963616557734206,1.0,True
sf7pjJ2thbs,0.6638836491301336,1.0,True
ZUNOHKQgVXY,0.5993576354105641,1.0,True
hF4PiO2JnSg,0.7375748935938011,1.0,True
i35KzH8l_6M,0.6051420349420752,1.0,True
5j79h2pOhLg,0.37303985893613784,0.0,True
EHst1d6j6lY,0.37821810710744597,0.0,True
U3Ln5xoSmJs,0.30864959504643014,0.0,True
ifYMklO73Uc,0.4063551593348844,0.0,True
UmYrRO9CePo,0.6222837045602225,1.0,True
klWO6xQSHxA,0.2169739500083562,0.0,True
fnp50cqsP_I,0.6168827563021314,1.0,True
z8ZOs3yQtTc,0.6222837045602225,1.0,True
84-ztU7JW-M,0.32961733698191403,0.0,True
o22MO1FfbY0,0.6222837045602225,1.0,True
NZnPEMX208c,0.6419638253451618,1.0,True
pibzsnKhyNs,0.6232924539168875,1.0,True
o-M53DT2alQ,0.5816543498969756,1.0,True
WvhUOQk0j14,0.7009145520378239,1.0,True
butJqQJQY1M,0.5601926743176529,1.0,True
goC3ewFpdII,0.612074781805748,1.0,True
_orK00eI3Gc,0.6793929083893929,1.0,True
r-o0SbKSWio,0.3917278502617003,0.0,True
77w0Qk2YDNg,0.5991230490245909,1.0,True
Q-FUZk0stOY,0.3446966415606624,0.0,True
CfOxmYoQgxI,0.4063195737435459,0.0,True
YVH-q07qKHg,0.38358240336358285,0.0,True
jHltO7Q2txQ,0.6112247030473632,1.0,True
G3YpA7nhpks,0.6409043942153949,1.0,True
SAQ0Xoo5fQg,0.30676871730348343,0.0,True
4uMdMOf1PLs,0.6184642460801142,1.0,True
Q4TVpSMIrMU,0.40215292561376936,0.0,True
52o6ZEBFb5g,0.604721931666701,1.0,True
RLV9sr-X9p0,0.7033030006102057,1.0,True
RtZjFhwTV8U,0.5726630992536406,1.0,True
GprqKbZ2pQM,0.6710392154524074,1.0,True
ONyFiAE8qWs,0.5741428291596484,1.0,True
j-gkVdg9T9E,0.6178915056587964,1.0,True
hshrQiTwkk8,0.6843005209076638,1.0,True
lgpTeLU8DZ0,0.6266724072968408,1.0,True
dZK8eQkklOo,0.6854052927785645,1.0,True
Bj5dOz-G71E,0.39759534381388295,0.0,True
snV38rJ7mVk,0.6232924539168875,1.0,True
rqaAfBQDwmk,0.4236745692622003,0.0,True
fOQOlIzRLNs,0.4148572671126779,0.0,True
k2QZApjdEQs,0.3936059791320323,0.0,True
oxvgDp1C91U,0.7985036891297239,1.0,True
8EUpS1Hkj_k,0.7699229634933528,1.0,True
Osl_4g0HG14,0.6230746127059491,1.0,True
8pdwRpeD5wI,0.388441706812217,0.0,True
HHNZoittmqY,0.645025088336089,1.0,True
iSTISDH7Hag,0.5991230490245909,1.0,True
KZL9nzc90O0,0.5455552225914467,1.0,True
NGho0ShPViE,0.5468346565581265,1.0,True
9E29L7GnBko,0.3915786353642141,0.0,True
eapNboD0PzQ,0.52070227228241,1.0,True
jw4nS_MlRHs,0.5640810352065871,0.0,True
50btfChcLYA,0.47936239419834586,1.0,True
ZlyYXEM30Xg,0.44634204484537393,1.0,True
2y5fXcI2QyM,0.5076907242256341,0.0,True
4oLJSM5NJe0,0.4232964861969596,0.0,True
Ubh-FKEk1d0,0.4599179497539014,0.0,True
bvBywxVtwq8,0.4330073713396902,1.0,True
rESGWguC2jo,0.45764377976794296,1.0,True
JvE3J1hVaP4,0.5804478761875869,0.0,True
No74fCnf2kc,0.4370437835453709,1.0,True
Emz-tqbr5Vw,0.38574420043504637,0.0,True
u578QA9ik2A,0.37021578790019316,0.0,True
gk_K5XoQ4No,0.46845058312273036,0.0,True
cK22gLuUSRI,0.37821810710744597,1.0,True
PWlhtqT1FBE,0.4516918894982672,1.0,True
aIWFV4JM6uI,0.481050316178841,1.0,True
vXdcj5ocqD0,0.44134742750371486,1.0,True
ZvwfFjq_HZQ,0.4500856183521904,0.0,True
PxChcF8PhZg,0.41913283859143735,1.0,True
LyeJ7b6WqyI,0.4175980454107597,1.0,True
wdBjtDpQudg,0.3877397983807544,1.0,True
pPsqEQhiuBE,0.45542757569202247,1.0,True
nxq3Xr62YbY,0.44478785693880474,1.0,True
dvjPMaYxaD4,0.44407923776813185,1.0,True
zWtNGRQMhGQ,0.4287627079570958,0.0,True
Bmzf6wDYoCg,0.4177485886996454,0.0,True
GMnJqYwwXt8,0.4473332302072824,0.0,True
bSUaujmK82k,0.39164435932876457,0.0,True
EpXNHVelMuE,0.5574414630166146,0.0,True
9VP4QBHKUmc,0.538148675458394,1.0,True
bkuhAKpRGFk,0.4431838976424908,1.0,True
kSSwLjpdjHM,0.47856127619753874,0.0,True
E0GIlCoaybs,0.5002224886020892,1.0,True
bE466nynV70,0.5815023422052779,1.0,True
xExwHDcbTFQ,0.5646830483795319,1.0,True
hZtR3Whtmps,0.48913959172632326,0.0,True
eyv7eW8xAHk,0.46796033072952137,1.0,True
ToRchzBjAvE,0.574637969958621,0.0,True
bJT1ICimkFg,0.5097221279558511,1.0,True
ICgfp9bLTo8,0.614234995058266,0.0,True
6CplWaJX_vA,0.5927133514098349,0.0,True
49Wd9NRYhYs,0.538125192127437,0.0,True
LdDbSvi3lo4,0.5613741920847646,0.0,True
HkQ6FYh2EcA,0.5660049627143927,0.0,True
UB7t5RtdnKQ,0.5867825995226055,0.0,True
8f2SiudQOOY,0.46473280580513066,0.0,True
juVZUYlwE1w,0.537925181041941,0.0,True
2Xebpuo1axA,0.5813691400656236,0.0,True
fFcBX9-q8B4,0.45657620100436774,0.0,True
-XSW4RFt6As,0.4315150961020039,0.0,True
RWqnK7Ee_5U,0.4377033608416239,0.0,True
fXTl3qqWGAg,0.45127317318997306,0.0,True
tRutjQ2C0To,0.6111721267874465,0.0,True
643_cy3s8b0,0.5725523555201177,0.0,True
cg_bBJokbV4,0.5311236621040911,0.0,True
5UQELmEXAY8,0.582041111772078,0.0,True
7r4YQ2OdSW4,0.6611457837264288,0.0,True
q0Nhsfjtzmo,0.3824203408285611,0.0,True
IvHJ9XXzpHs,0.5085402612214283,0.0,True
gy5kfgdDIVo,0.6571543942153949,1.0,True
jRHhpX3QET0,0.4544374129530345,0.0,True
9tMLSiNSKvs,0.5688574545971654,0.0,True
VApQ2u67p-4,0.5779131757400939,1.0,True
dz_9kp_RpYE,0.5317037792790712,1.0,True
mmxuQgkrRGw,0.5135602979432146,0.0,True
5x9a_h2FRUg,0.48812854228071123,0.0,True
6P1_rSU0Zp0,0.38358240336358285,0.0,True
NOjTQal9R2U,0.45281376700814924,nan,False
We2UywIBanA,0.6732750896057348,nan,False
FZ4Yn3eY3Hw,0.5662631349596184,nan,False
FolqXZPDmcQ,0.452996108846499,nan,False
Rbo5hdKwXpI,0.36443219176060887,nan,False
2XtBuQWNfrw,0.449116957428493,nan,False
AJUKcoHtK64,0.3461072268304587,nan,False
twfgiiwKQgE,0.5277939637677864,nan,False
1CRxtP26i6A,0.6030239858537089,nan,False
hkJhFo6bLFc,0.6277015101403832,nan,False
rlLeD5x_p74,0.6854052927785645,1.0,True
kRBCGGXcxAE,0.3131947358665169,0.0,True
xeIAKA-8Kx0,0.4044576520904464,0.0,True
KHKnpUkihWg,0.6070931356899892,1.0,True
XmL-RU69fTU,0.5327057809059832,1.0,True
cTTSEzQr_nw,0.6037741983155892,1.0,True
eCbqKp3lQcU,0.39161038118632435,0.0,True
VEz7PL-sD_Q,0.3842171815350602,0.0,True
AqMe7Mlluec,0.6843005209076638,1.0,True
M5xEx3eW-ps,0.31391157444634055,0.0,True
16PZMoJz0sk,0.3239142301900157,0.0,True
Kql3bq4MNXI,0.5751515785163133,1.0,True
HzmO6-jelaY,0.6605343475953483,1.0,True
pstWp6QP4SM,0.40431472268523283,0.0,True
Gux9-E9l5Zg,0.23292166242665688,0.0,True
zDRDJGpieEI,0.5326253604446682,1.0,True
oKk8h7orFqQ,0.5546610657123676,1.0,True
ppCc0gDXo8g,0.4258363663336639,0.0,True
60m3kb1bIJc,0.6168827563021314,1.0,True
BN85vSujQDY,0.6631667786045666,1.0,True
W1plTeVFpBs,0.6168827563021314,1.0,True
oDCJgyMS8-4,0.37303985893613784,0.0,True
S1AFfinmgJA,0.38574420043504637,0.0,True
T-RG7h-FXdw,0.2831181540302786,0.0,True
NJyOy49Ir7g,0.6230746127059491,1.0,True
dt-0sBBVd1U,0.5374412592462997,1.0,True
LDyXDLbR9MM,0.5200798350052347,1.0,True
GV3005PWXu8,0.645025088336089,1.0,True
OkPEz31H3DU,0.6090135188148207,1.0,True
l9BxRtS1eLE,0.3664277897063169,1.0,True
rwySoQVuiZc,0.44591570790690777,1.0,True
_UHRHXZSHa4,0.4145548820284105,1.0,True
snHPCyfDsU0,0.6231548596125589,0.0,True
7mclt7COAPQ,0.44348505544656913,0.0,True
Da0M3dN5I-Q,0.40907402301813967,0.0,True
3lgzpjxSCRM,0.5384652481887182,0.0,True
3aKQGfBJyOk,0.5026609129667922,1.0,True
u1ug-wKPwX8,0.5054460437783627,1.0,True
2zGiTaq_Qvg,0.38715236489513993,0.0,True
q-i7urkgxVc,0.5027939980096747,0.0,True
LNyWNfamayo,0.4488215855183889,0.0,True
I3SiHEgqZJQ,0.5779131757400939,1.0,True
lsb4p-lFyKk,0.43293261840237846,0.0,True
7mMoMXHR8c0,0.4377033608416239,1.0,True
F-sckuqOo2A,0.41913283859143735,0.0,True
-SE04pgf3CY,0.4145548820284105,0.0,True
qpYbPBv1iE0,0.4229268368709536,1.0,True
1QWjSz8Fiik,0.46798566158546684,0.0,True
kIm-ukj4bLg,0.605646149229804,0.0,True
57idTJantg8,0.5180431284969862,1.0,True
oKIbm9DFGYY,0.5091275137810064,0.0,True
HWWSDV8C79I,0.491987748506039,0.0,True
rcpuGE2wYms,0.5610298602646631,1.0,True
JWBUdHiFmk8,0.49580327347846814,1.0,True
yAQZJ4bACQQ,0.4377033608416239,0.0,True
N516avewIec,0.4137685423353005,1.0,True
cLZtNjEUdaI,0.49090797843649747,0.0,True
CRym8aA-Sb4,0.5123287633025917,0.0,True
V1zEHVt6sL8,0.5006768653061928,0.0,True
Olhvw50rheo,0.4889922635640043,nan,False
KHRkXMzUBh8,0.4765517837657243,nan,False
3w5YNfqsgjc,0.47238187332044157,nan,False
ipw0Qd2GjZU,0.4982243361248095,nan,False
LIG6R0jFzA8,0.4177153162910628,nan,False
VUJFjf8dGu8,0.408137888241328,nan,False
tnuAZbDDs3Q,0.4264919875366494,nan,False
yYUX8Gm0CnI,0.47867722084979014,nan,False
uFTBQAytE7c,0.34555137967346505,nan,False
u4OFuuT6Wfg,0.397704267162866,nan,False
wdEsN8yhLps,0.6015889614830394,1.0,True
_HQU0MB0D5A,0.6457594196769623,1.0,True
Y2G7fbmdtVk,0.5855608369076164,1.0,True
ZeB7-9xxCS4,0.6141029740697377,1.0,True
PwtHD86dmfc,0.5720594105229363,1.0,True
EF3IZtrhbSA,0.6158936622171203,1.0,True
YemQ0rxp8dM,0.5927330066814888,1.0,True
tKfqltK-uH0,0.42710094516220953,0.0,True
HQPhC0O2OeQ,0.34433465061043617,0.0,True
fKgZyj8fCGI,0.3842172779748131,0.0,True
IQPE3kIhAro,0.36101086585080416,0.0,True
SqT1LDZ5cf8,0.4610391445547661,0.0,True
3UxRSMq58n4,0.3811662438720195,0.0,True
G2WWWh_jPRc,0.31935402959015974,0.0,True
xvheesBxJe8,0.5168056991260409,1.0,True
-XjpWOSAqSA,0.5642818057622008,1.0,True
o-2IQfVYFU4,0.6408439726666327,1.0,True
MoqmTemcrMg,0.6708798754611562,1.0,True
uSof1W1r5U4,0.6714041659854468,1.0,True
JHHBApQ6PA0,0.6602054030625459,1.0,True
cYBmDWXNdhk,0.34433465061043617,0.0,True
2ZVxbR1T-Sc,0.3950748055989174,0.0,True
2_1M4A2W63Y,0.2792802380408106,0.0,True
5kEaIExX3mo,0.23664107850509933,0.0,True
FXbieCZT550,0.5829832323611306,1.0,True
Q8XxHC3woOI,0.7560953927025356,1.0,True
m9E40HXujss,0.6152437444149308,1.0,True
svXBdyK7DBU,0.38990194476326334,0.0,True
9zHfSaLD5LY,0.5496015399007785,1.0,True
h9WpAsNDBOU,0.5758803375313082,1.0,True
QJyjlogDUNo,0.5843341751286386,1.0,True
CNI6QbHdMPs,0.6530514849461986,1.0,True
MWhKm2uI6HE,0.4033564302914148,0.0,True
BP2NCKQPVz0,0.36767556268000096,0.0,True
tEixZ2xHZKI,0.585262166852708,1.0,True
cXv34sgstP8,0.2744787981014396,0.0,True
pUNfTy4vQYI,0.3682733720475923,0.0,True
BKYcyeIxzeY,0.31543760455968994,0.0,True
HwSvHQJrUt4,0.36767556268000096,0.0,True
I2DLmR89RD4,0.33585483438868446,0.0,True
XswWpiyUcyI,0.35084358159250295,0.0,True
XrqTvkCYvnk,0.5665802661696713,1.0,True
V2EA8O0esKk,0.5789332268705476,1.0,True
dWFGbJ9ICMs,0.5969050482518277,1.0,True
BTgflQVsd7s,0.6002732772093515,1.0,True
Sl76lyg56oc,0.30701826527828163,0.0,True
EAqKK9QfsXI,0.5762314520932754,1.0,True
qMYb3GrLydQ,0.6198366838742546,1.0,True
unXelnQvli4,0.6739194667766096,1.0,True
1Y_GCYG8cHg,0.48246771598333754,0.0,True
lUHzGzabqDg,0.6261155203194425,1.0,True
Rb2WOTxrTIE,0.6188110912963982,1.0,True
Y827xM-CzkU,0.7400738728534729,1.0,True
41eJy4z376E,0.6590995724308533,1.0,True
9-kKai34WRw,0.5903903719809132,1.0,True
ADe6Q_BGHUQ,0.6894287260358689,1.0,True
yCjoJ21LC8E,0.6275364827070583,1.0,True
ixYnfuODNDM,0.5907496710619677,1.0,True
p5gJgyTtgjQ,0.5953046003860873,1.0,True
Odn79bBobrY,0.6716206162018971,1.0,True
a7Heoj7gpeI,0.2674857911084326,0.0,True
8LZQcBZMQP8,0.25672658284340405,0.0,True
MJ5Opt7Kie4,0.15463636363636363,0.0,True
i-R_AWkkyoU,0.22404949767213916,0.0,True
CPRRQgTLqOo,0.2677361336168397,0.0,True
9PdND7TGW2E,0.2304404751157482,0.0,True
J4jLcoPVmoY,0.23478284062347887,0.0,True
U8nTsz8VHVA,0.270830828086642,0.0,True
eFP8vfUP19M,0.20678991184254342,0.0,True
8Fg1Np55mqQ,0.5037497832942063,1.0,True
e2N4JfYFG4c,0.6141053587958408,1.0,True
WTmRfYf1EEU,0.3341669858201298,0.0,True
qHYxseDlt6I,0.40876271503850053,0.0,True
zfn3D5B_bws,0.25866197959746345,0.0,True
OGE1nP7a_90,0.28325607725607727,0.0,True
u7PTIjMdxs0,0.23280351906158359,0.0,True
pcLvS5KOsXc,0.258207434142918,0.0,True
SjCxYHyYjvo,0.6640993969798317,1.0,True
RKMBWusP-hs,0.258207434142918,0.0,True
G0xrdACqSoU,0.38727796328015096,0.0,True
aqm63T3Tc24,0.6375862449632941,1.0,True
CqgO3rBgWVU,0.6411147768002606,1.0,True
EXbBZ1wVcIE,0.6398401752771887,1.0,True
_vV_7TZFFnQ,0.6430772078798394,1.0,True
EcvfPgSxO_A,0.7355692873729204,1.0,True
cw_ghVX1CyE,0.6169347133493334,1.0,True
c8LDINpbUVk,0.610982798296231,1.0,True
DdwRDsXN5bo,0.6479672990943484,1.0,True
VbczxWxncgY,0.6021246313735481,1.0,True
7u7VSBaqx4k,0.6007071090731735,1.0,True
_Z6SFGMZ1z4,0.28774688941671867,0.0,True
qjRRW4WIZRo,0.14092538286086673,0.0,True
kVABfh6TxzU,0.12680351906158358,0.0,True
Y9KMlYFIh44,0.18669237069237068,0.0,True
VVabs6sjwJk,0.1768035190615836,0.0,True
WIvlDHEYyAQ,0.12680351906158358,0.0,True
bzdzMIgtEtk,0.17950786056049214,0.0,True
oF1gRoxHQEI,0.12194508759042481,0.0,True
XoFs_RyIubU,0.17816793135942072,0.0,True
mwMNFN_cc4A,0.14898989898989898,0.0,True
Si0Al94J6B8,0.24575514699652629,0.0,True
QplVkGLfr2Y,0.16828490812223357,0.0,True
Xy_bpOyXYJU,0.12054545454545455,0.0,True
NHvTiUuKK94,0.10454679689777366,0.0,True
k9NMhkZspz0,0.2675797427060226,0.0,True
T4eoUPavu_4,0.05454545454545454,0.0,True
UeGPV6k-trw,0.357081770631706,0.0,True
Up1qLOCw7yE,0.12054545454545455,0.0,True
ztp3kYCPQqg,0.30825337499615,0.0,True
uaSvy7TxD0U,0.23115932228560215,0.0,True
ALaH5k4XOWU,0.2476138677401476,0.0,True
VPrgnS10ikA,0.05454545454545454,0.0,True
iOyZarzZX5M,0.34501060595219357,0.0,True
5mp1k89t7Es,0.289747189634042,0.0,True
QIAXCbQ2pMY,0.16489028213166143,0.0,True
24ck4gXgAlU,0.11054545454545454,0.0,True
CswEGIEcOK4,0.24596168582375477,0.0,True
l8XUkCW1cGQ,0.23128205128205126,0.0,True
mpNSkZ3sldI,0.2027148778411577,0.0,True
F0ElAlKIyEc,0.1772121212121212,0.0,True
GbhiKP5i9nk,0.3678666506094256,0.0,True
9lLXKy2XBeg,0.3463634646462526,0.0,True
Y4UflRH3oDQ,0.3110420001640855,0.0,True
_PJgy9sXn_Q,0.24575514699652629,0.0,True
LGL9X6NlzWw,0.6744976999799818,1.0,True
2_euWP07eLk,0.5925023278229788,1.0,True
aVRf_gYHoOc,0.6222962157591133,1.0,True
40ZDSPcZrWE,0.31240728815620955,0.0,True
Vxwx_cTKL20,0.2476138677401476,0.0,True
Zi8K__tg4HA,0.3020455336724006,0.0,True
6LCgIguyLDw,0.2883979245242044,0.0,True
bmKTuPumCPA,0.2570951344245548,0.0,True
jwClZJY_8x4,0.5951061222073728,1.0,True
IVltz8kYETY,0.36263238563937156,0.0,True
VlA16coyh1o,0.37485319519679877,0.0,True
O_5oOQaO4Pk,0.29391024643252184,0.0,True
h5_wtVPcMUU,0.35609392410091,0.0,True
RUnpYtVxaz0,0.37226225500503,0.0,True
H_T-xv9DzMQ,0.2685283361291647,0.0,True
13781jzl1bE,0.2811423070063278,0.0,True
0pjdnUl9-Vg,0.35609392410091,0.0,True
Khe7Agedj2g,0.36745999554553455,0.0,True
RdwnHT-f3Oo,0.3267361336168397,0.0,True
yFDP-DrddYU,0.35609392410091,0.0,True
mEWyxaxII_w,0.28553718240120324,0.0,True
OMInLFMEBtA,0.3194416874486734,0.0,True
DDrzocxZ9yM,0.3115974641293623,0.0,True
WArz9JtiisE,0.33035423689963916,0.0,True
s42LUKp6fjE,0.29408719632857566,0.0,True
j7zG1RkcS9s,0.2865170467812577,0.0,True
ZwHw1Nx3ft8,0.35833059381530424,0.0,True
uj5qYYS2x-o,0.3120484877974092,0.0,True
yvlGxqsdNFc,0.16756132756132755,0.0,True
s2Gfsqn8ADA,0.2973929320155735,0.0,True
IrrxQ6_f94I,0.31735880698144847,0.0,True
I9FT6Hir9nQ,0.2495357891584306,0.0,True
X9ORYL_fMZE,0.3296783638004491,0.0,True
_4Nm28dNMrM,0.2531887084896103,0.0,True
ZPH8nzbKATA,0.2134249084249084,0.0,True
XG8Ppf77MlM,0.3864409016015877,0.0,True
1l9DbGRWG7g,0.2441627891627892,0.0,True
jKaoPCJToeE,0.5930578865207841,1.0,True
gprzKv2nc20,0.36947826077073154,0.0,True
VJbpF0N3BjQ,0.29408719632857566,0.0,True
yRW2kjPS9O4,0.4214184503077892,0.0,True
sKnCBwKjcHM,0.4020789787219937,0.0,True
9Y9gOkQ4z58,0.2725300147880793,0.0,True
fJuOyviKrlE,0.4401142351186734,0.0,True
Natyd2JnKIo,0.38103755864117617,0.0,True
b6gw6U0Pw3o,0.43152498871874945,0.0,True
zxnFoveBEGY,0.4076325349609521,0.0,True
iCkp16d-goU,0.3239142301900157,0.0,True
0Qfinj4PSAU,0.3177377596017804,0.0,True
AF1QRW_xVgU,0.37315642169027174,0.0,True
SD9eA7F97yQ,0.38171093445730825,0.0,True
kaxVdxcgoT0,0.1809090909090909,0.0,True
lmzB6lauPkY,0.17884337884337884,0.0,True
tflC5yTFYJQ,0.3537779806586867,0.0,True
j5Bim3cLxwc,0.273293315157336,0.0,True
OxXlU1XH3Gs,0.2941627891627892,0.0,True
Hf4C5YdKHU0,0.3040076008716217,0.0,True
i9wIZdqMfB8,0.6001604538189904,1.0,True
AO44OwqBIgM,0.14547806910071062,0.0,True
Jf4gIrxkB4s,0.273922513545155,0.0,True
-Zb8vo7LTpE,0.4127014593069848,0.0,True
i9LaXQQTic0,0.36263238563937156,0.0,True
A-VzDxE8jhA,0.2584052721658447,0.0,True
wf72gc52MHU,0.5754283144658853,1.0,True
nChQRza_Rj8,0.5669744768685548,1.0,True
eR7vKWss8R0,0.6472610693953207,1.0,True
YSIvylWKing,0.30144757823834917,0.0,True
Slsn2Tz5Cak,0.39379826559981856,1.0,True
eXGceZFKt9E,0.4248719403527386,1.0,True
-iyZaFi6jp0,0.4215276227422565,1.0,True
AuHz04PfnzM,0.38574420043504637,1.0,True
0IKiDXWIE-8,0.5565599419247109,nan,False
0UaJ57b68i4,0.3909224486063545,nan,False
_WMGDldA9pw,0.47340222388211145,nan,False
aZKrsnl1Bus,0.45959260168877164,nan,False
J9LyJLaT-go,0.6182833691379418,nan,False
HWZGzJGIWfg,0.6182185435118603,nan,False
qPp_v5LR-x4,0.7560953927025356,nan,False
ZJCHESvmlMo,0.6731787260358689,nan,False
9WN9yZGI8F0,0.6251255703126057,nan,False
JyxMx6PctPA,0.6128175952537693,nan,False
mtlX3UZm5Gc,0.7560953927025356,1.0,True
MfjmboucF_4,0.7558789424860853,1.0,True
pv0tz6gONt0,0.7560953927025356,1.0,True
oLG2EhTFtR4,0.6894287260358689,1.0,True
NGhqK1DCbxg,0.21655823031880286,0.0,True
Pnd7vjesrPg,0.2084052721658447,0.0,True
x7660D8_pFE,0.3528413379297825,0.0,True
IZa3V2dvL5I,0.5843341751286386,1.0,True
O0aEAllOGSY,0.3961752819355586,0.0,True
Lz2p6Q0wQjY,0.4889922635640043,0.0,True
qg0ZsL8WC7s,0.49014366587252667,1.0,True
nVlJtlV9BDI,0.6754419191919191,1.0,True
nCFeC3LLOQ0,0.4408346497877547,0.0,True
cyJ1SHJcCfk,0.6375539431877459,1.0,True
H1C2WNwcioQ,0.654063714063714,1.0,True
w1K-DShDflw,0.6282963063922584,1.0,True
IdyFDNjf1Mo,0.25125865693393,0.0,True
-vHBL7R84mk,0.29937777919098335,0.0,True
Fq4URKylum0,0.324610555433209,0.0,True
MMMm6tG3y54,0.5917565591003718,1.0,True
BDDADE_jFZU,0.6949220806075644,1.0,True
0KUMaVquSB0,0.5950827485252137,1.0,True
LyJL02uCa1M,0.3464712730293984,0.0,True
mXR9tjSorP8,0.669912607322229,1.0,True
QN_zBs8JOqA,0.40684606959244335,0.0,True
rPvGTyvJmvM,0.6021246313735481,1.0,True
7C-NsOg35xs,0.5699044717803742,1.0,True
5LP_lddc_IA,0.5812536427888156,1.0,True
ghvMhQJ4TSM,0.6215487914428695,1.0,True
aK_6wwm_Ays,0.31697054401889674,0.0,True
Kcta8JUh2Jc,0.32114012907756473,0.0,True
jErySZgs2ho,0.33048357650087956,0.0,True
r-Ml3uVEO0g,0.14448160230565527,0.0,True
TrfmJ08dtbU,0.17950786056049214,0.0,True
kRLHCihJm7w,0.15550786056049212,0.0,True
7tjcdgJ-K6Q,0.2996250656270175,0.0,True
FELeEPSkbn0,0.38102966578503406,0.0,True
TtMzYtmmYrk,0.40055231797201296,0.0,True
DeC2FW4fsOU,0.18714218661720428,0.0,True
zZiO3eRFOyc,0.35609392410091,0.0,True
GsBbFjbnDSo,0.2312863064125863,0.0,True
C3TR8IRyuMM,0.2120170751091907,0.0,True
7oSyVd15eI8,0.2027148778411577,0.0,True
7FlP7gB7kdU,0.193000719950735,0.0,True
wkBT2eg1iNQ,0.2027148778411577,0.0,True
IJKx1N0jPdo,0.2241874647704895,0.0,True
L9WEiv56dec,0.3678666506094256,0.0,True
E1V3XWqOaxk,0.1718275058275058,0.0,True
m8Y8S82rkrc,0.6522591858059839,1.0,True
2UtvEAVAMUk,0.20316942329570314,0.0,True
br10rDFtpUU,0.3035728534106675,0.0,True
PHlW3JncDFI,0.2738741737610262,0.0,True
RMBimKs6OKY,0.6117672474748082,1.0,True
_dDpBObFizM,0.6046046564273165,1.0,True
6JslwXtFvAU,0.5927708654500328,1.0,True
nSMMGJy7KgY,0.6465523349151584,1.0,True
1DmpIxHSGnE,0.6340057616488061,1.0,True
aurYghk4zjk,0.5568541742272346,1.0,True
pKQaVpK5TR0,0.2074148074148074,0.0,True
y4HxNSCvezM,0.377003945195798,0.0,True
6ETO-BE0qIw,0.2577627895508372,0.0,True
xkeGX1yty14,0.4701429396015384,0.0,True
_JnDwJEdaKw,0.3737793360395487,0.0,True
cKbYIgJfmbI,0.373644358989912,0.0,True
J1r4oYqskpY,0.42130912648251373,0.0,True
iUoZuvbn62o,0.2354743948861596,0.0,True
C4JHZ4GoVsI,0.33878737841001993,0.0,True
FzVaxW2ie84,0.4159448302263769,0.0,True
OnbXUnTXMY0,0.3463847810074225,0.0,True
Mj5Ktwp_Z4M,0.20027195027195024,0.0,True
LbV5KyeiP2k,0.4130951621295683,0.0,True
j1s_pZeK2Q8,0.37315642169027174,0.0,True
iVCkqOW3ZrM,0.36746788840167666,0.0,True
pxguc24Lvpc,0.37225909057060524,0.0,True
W1UxcA-HmDc,0.6394131493072274,nan,False
_vAz2xylmWc,0.5403215394182397,nan,False
0zF-LgUCer0,0.5193251797790375,nan,False
R40TXkto8zY,0.5280154848023655,nan,False
MNFmn1M-29A,0.546001114543314,nan,False
LPl_ptarSqU,0.523549422968798,nan,False
lUHUQ9RniyA,0.5749580901627891,nan,False
oKtz0zULL-I,0.4865308529797079,nan,False
Anq-jWNhWmw,0.46641814037532725,nan,False
mEwb6M3gEJ8,0.36443219176060887,nan,False
uB2QqtpxMCM,0.7444719665780262,1.0,True
V8JeV_Bz7yM,0.5481838864134541,1.0,True
ykuhfUlfYhQ,0.6349161976492839,1.0,True
2h_zrxtz380,0.62477707022042,1.0,True
WO7W3c9CtwM,0.4792040485294645,0.0,True
SltIyE9h3Eo,0.6767965505546945,1.0,True
ggQEVXy9R4c,0.6140660980495208,1.0,True
YpybJfcTvgE,0.5527321603128054,1.0,True
L1pkH02nLtU,0.5875978425825117,1.0,True
xuGd5gLK5ew,0.6440288829944003,1.0,True
Lb7Fgu3RvK4,0.5221378386533112,1.0,True
6wCoCaJM3X0,0.5979124616193867,1.0,True
AK8V1r9qoFY,0.5760257058477303,1.0,True
T86M1VmEB1A,0.6219477156669275,1.0,True
JYUSXEX1gdA,0.5932766465371777,1.0,True
_j7Gbe4-uNM,0.6089378929213157,1.0,True
u_9e6vA3e7c,0.6089378929213157,1.0,True
DmFV0VJhxTo,0.3300728849342035,0.0,True
kh3wDDWKtpQ,0.3951515295843172,0.0,True
t_QnPfuV1uo,0.40055231797201296,0.0,True
i_p_FROFhu4,0.323737280293962,0.0,True
Mif6gAGvLUE,0.3753367271382801,0.0,True
8iaQtPCPSMQ,0.6035369446632246,1.0,True
0a_j95WB1_g,0.6117672474748082,1.0,True
BzhcGyLa1Gs,0.4061280116330061,0.0,True
0AH8FBGGUPw,0.7229910287848503,1.0,True
do9rwnmSy90,0.323737280293962,0.0,True
HvY541xDTw0,0.3736364661337699,0.0,True
Um2m_1PH7Xs,0.38460460555371234,0.0,True
n7SJVXjNLFw,0.5781942245660386,1.0,True
g5ywl9GIBG0,0.5979124616193867,1.0,True
OxUoJbicAQI,0.6012924149993399,1.0,True
UDMFMBbIRag,0.5518563009554338,1.0,True
CKdjKiMBzFk,0.5889974091365866,1.0,True
lWht0Ft6rsg,0.6220726809733665,1.0,True
gVGnB9pWUq4,0.6035369446632246,1.0,True
i7wefovFa6w,0.6311764070953136,1.0,True
FLfVdVIZ4Wk,0.5573299210368461,1.0,True
s6yJFKmrELY,0.5898966931572243,1.0,True
rtA7VSBuWKM,0.5211175908485571,1.0,True
uVGB1y9Heaw,0.5627712579582933,1.0,True
RGB9nw33qIA,0.5984197302423904,1.0,True
84yVbvb8k08,0.6199187588842762,1.0,True
x9tzeC6tZmk,0.7353059411901925,1.0,True
Xoln3F0EGQI,0.5940275313409642,1.0,True
gVYOVAerlCk,0.5307868601986249,1.0,True
OSg3QIszKPo,0.6383835256129361,1.0,True
wJTaMwbYW8U,0.344087364174402,0.0,True
3M8yV-g62yU,0.4061018149013195,0.0,True
k67MQ7MqY0A,0.38910413410857236,0.0,True
vteJIGuWc-U,0.5940275313409642,1.0,True
ZQ6PSBZr1Fs,0.3466351235158295,0.0,True
kfLXwrOPakk,0.39446843036470924,0.0,True
X7rv6KZB0HQ,0.38910413410857236,0.0,True
3yXBH6sUk6c,0.3811112367865099,0.0,True
nEAqpFpwJMA,0.5984197302423904,1.0,True
X46f9MiJOUc,0.4083043441390786,0.0,True
HPUwLrJiKQc,0.38061867677649125,0.0,True
xgeyRnXLeDQ,0.43098498028504106,0.0,True
lmnWDfy6vS0,0.6145670189703243,1.0,True
o2JgfbiAi40,0.41522683702839,0.0,True
euGSR25JI9E,0.5958481365377917,1.0,True
n9buWvjlXZY,0.6290985302703523,1.0,True
q7AkcJYirv8,0.41238429244350855,0.0,True
aQ5ng2CxDCY,0.3862227541394065,0.0,True
IVcTasb6Z0k,0.36926734113136195,0.0,True
S1xceIaSTsc,0.4130634502572111,0.0,True
eyRhilVYXzw,0.3528115941040648,0.0,True
PzxoeDFt4Kw,0.6019086682918686,1.0,True
pjxgu9gcHlo,0.2673588069814485,0.0,True
gPftCB2Fkww,0.37315642169027174,0.0,True
Vvq76hEANbg,0.7116672402098669,1.0,True
-L5Z-4t3RLA,0.759475346082489,1.0,True
z4lvidGE1_o,0.6009584132225642,1.0,True
XNYPIJyEDOg,0.40125322824935683,0.0,True
WebXxFua8Bw,0.44771803408168465,0.0,True
Ci4iI10FlBQ,0.38910413410857236,0.0,True
JdiuWnqSNxg,0.620610515191796,1.0,True
Ve4iq_VyQA8,0.2441627891627892,0.0,True
Q_dPHe6nLHU,0.3814636480212741,0.0,True
4N2AB7OmNvc,0.52601521331221,1.0,True
INvUdvDAp8k,0.6202678504384261,1.0,True
jgwbGZBvybA,0.6220454831499046,1.0,True
CXxXBvBByZ4,0.6488548543817311,1.0,True
smh2Z5aDnlg,0.4258363663336639,0.0,True
m93pjL4x5tg,0.6251877188816715,1.0,True
eHRfwgbwvZ4,0.3274822738168809,0.0,True
Wn6VHzcL7pk,0.2886339888832167,0.0,True
dUL3aGgdfP4,0.5723776730542702,1.0,True
NxElM9IWwO8,0.66654673198452,1.0,True
nJaw36cOue8,0.6558349396281771,1.0,True
j4K1xHEUTQk,0.3575231475996469,0.0,True
z3pF1r-wGVI,0.25685648093298025,0.0,True
1l3lqtfj2zM,0.2364360605125598,0.0,True
9BUQhqyS6cg,0.33396989509902597,0.0,True
hru8JpAb53Y,0.3677799551083722,0.0,True
CKiAJFN3nJI,0.35307726679114093,0.0,True
wCSrLm5O1Ro,0.26424968058424436,0.0,True
Sq3-_XtybIs,0.30685648093298024,0.0,True
7CmCO4WdiB8,0.10628205128205129,0.0,True
z3sBHkfmvw8,0.21733594095858244,0.0,True
y5bcHJ5Duj4,0.3453018316986668,0.0,True
w758m8pdfek,0.24332338673515147,0.0,True
sDU37DFonOU,0.23320591765977544,0.0,True
C9h_bBvjJXs,0.2905113536815428,0.0,True
90g08s6aW58,0.4258363663336639,0.0,True
KNKj3ZHol7M,0.3569782500515822,0.0,True
q1QQ18KkYHo,0.41313202483475536,0.0,True
E2uGt-XtWsM,0.35307726679114093,0.0,True
SS1AVtfN7r8,0.19440623428858722,0.0,True
64y7KroxnSE,0.28273243920493407,0.0,True
WdYDELPhkJE,0.23499903177322534,0.0,True
Z36GxFAtMZc,0.2732103199288961,0.0,True
dUm19NeXILI,0.2364360605125598,0.0,True
4sCG8GGm57c,0.23292166242665688,0.0,True
7KBfXS_ZR68,0.30676871730348343,0.0,True
jr2IRSyJyrA,0.30685648093298024,0.0,True
aCebiPfvcxg,0.6631667786045666,1.0,True
X2T-d3249bQ,0.6670526117393164,1.0,True
gwhF43wNhKM,0.23292166242665688,0.0,True
0xC15k6Ns54,0.15702995044171514,0.0,True
aH9IOqfNksQ,0.24332338673515147,0.0,True
PZt6Gy54bzs,0.15702995044171514,0.0,True
shP_FkjwwcQ,0.23104250466514617,0.0,True
ZyZh3Q0Leww,0.2829216624266569,0.0,True
79JeMAJtzNc,0.6389973737122701,1.0,True
pfww6O03uMM,0.6491056847134382,1.0,True
4z7jao3qHxo,0.3252636467194564,0.0,True
DDvTgZHEcUI,0.28273243920493407,0.0,True
9suZE3xqPb8,0.2968608832021009,0.0,True
AQcdbYY4rJU,0.3090818759317293,0.0,True
mLY1DoaEt44,0.5937221007664999,1.0,True
Qfoy-xErqoE,0.31387235394885327,0.0,True
pg-eNV9tkeA,0.5503678500767053,1.0,True
kb_hEguSGTU,0.26416191695474756,0.0,True
bxoW3NXXljI,0.2903487748026326,0.0,True
i1b2YQ14vm4,0.6232924539168875,1.0,True
-Xgd6M1dcgk,0.2783711981572308,0.0,True
Ui-eRVVU43s,0.41497473618805386,0.0,True
DLSdrQvMzG4,0.3475649448828235,0.0,True
4IquPoLkmJc,0.3476824139581995,0.0,True
rxHGBz3l2Wo,0.12840623428858722,0.0,True
B850Sv_IZTE,0.1573919413919414,0.0,True
0CfhOZ7K26o,0.30539253772710157,0.0,True
PYljNOB1V7c,0.5440426908168844,1.0,True
rktR9RKcEQw,0.5728442513940613,1.0,True
-u95gHfokqY,0.39161038118632435,0.0,True
0dC8QX5oc74,0.3705513796734651,0.0,True
Vn0fbrm49rk,0.4999410034039009,1.0,True
lWLMIvoO3c0,0.5508560294058392,1.0,True
sYwQ7xxQtLg,0.3340091155965133,0.0,True
qaivuLiy258,0.59790327608107,0.0,True
nUY_70SM-7c,0.36879826559981854,0.0,True
bHHKvw-03TY,0.38198360105917156,1.0,True
hW5aEqKIgnU,0.523766454477027,1.0,True
JqSsOG83hTI,0.344087364174402,1.0,True
IZUSPYLO094,0.4669593846546218,1.0,True
bzmoe209PmQ,0.36908000833337085,1.0,True
d1K20rIJA_Y,0.6369091581217503,1.0,True
03eaz4jjbwo,0.46844335935980536,1.0,True
_seGZAEvgmU,0.5496584053902105,1.0,True
DM39plk7pkE,0.451503140652565,1.0,True
39mYX9HgZUo,0.5056318458010306,1.0,True
ubtOtrz_cZk,0.4644340133912003,1.0,True
yhpa-N79Ki0,0.347211086039863,1.0,True
CZaMyf7EKeo,0.4546261617987367,1.0,True
vSm_TcUgq3A,0.5665092054275139,1.0,True
-1EKxoUaDe8,0.5092737008538386,1.0,True
ynaunieImX8,0.4377033608416239,1.0,True
PRR6AQ0rS1s,0.396320017271074,1.0,True
ykBzVOI7Oow,0.41443831927427655,1.0,True
RBeSWI6Fd2c,0.4825502382608107,1.0,True
214Q6j0_JcY,0.43293261840237846,1.0,True
HsqtGii5W-0,0.39264225953628784,1.0,True
x_x-PUbcloY,0.5888751555510712,1.0,True
bCAa1w9tM7w,0.4576386624746197,1.0,True
tOlGIZ5z0Gg,0.41624379544037654,1.0,True
GvxTuiQKNVk,0.5924969011933847,1.0,True
IEao5tDSon4,0.5957831016195607,1.0,True
CyYSOoC9cPo,0.6233877740643712,1.0,True
ceEnZLrEgJ0,0.42175532621391937,1.0,True
eSxlYqdCtwY,0.5107640353357761,0.0,True
sGNBoa7Id64,0.5777021521532381,1.0,True
aFQyH_9ANYg,0.5472928402768737,1.0,True
RCJ44_alngE,0.4740032917790737,nan,False
19uQIVaWXR4,0.6478669869045577,nan,False
l552FdZ9BCw,0.5828940710552099,nan,False
nwyBKfcS9iU,0.5309190088890933,nan,False
fALP_r-kBZs,0.600402854524759,nan,False
dhj8QmoNZZ0,0.5067075238800932,nan,False
ABy4I8uoI-4,0.5346192983262233,nan,False
RNashdcEeCc,0.5481719270409652,nan,False
Qiwx5x5mV4U,0.2806877615517824,nan,False
triXUwoy86E,0.6399299920875353,nan,False
dgjFf9sMDIc,0.5148381725334097,1.0,True
gTgJjOO00e4,0.6165564909548931,1.0,True
TnVhhX8pUaI,0.2906783638004492,0.0,True
wruZDe2_i84,0.6144027782611674,1.0,True
8xOflDgO8FU,0.323737280293962,0.0,True
oA8Rw0n79ZM,0.38041372898947545,0.0,True
3nWnGztqci8,0.37536519514672484,0.0,True
eaAQqR1XOgY,0.5979124616193867,1.0,True
CtCY60N9LFA,0.7805964083201969,1.0,True
70Gs5Z1yBLc,0.40968171970224326,0.0,True
6jQVaFUUXKc,0.7450197085092294,1.0,True
mNI7OB9CJDw,0.3773392568562254,0.0,True
YFl_94bGeQo,0.6089378929213157,1.0,True
yUFGWFGi4Rs,0.2959469047074772,0.0,True
0L5m-hy55_Q,0.3767542494386547,0.0,True
H5ve4nrv0mk,0.6220726809733665,1.0,True
R9ap23iNYa0,0.31756080970572664,0.0,True
NiPbpbD_Gb0,0.5959815709010882,1.0,True
ImGp0Wb5VrY,0.638616514054302,1.0,True
8JQMBCvGSXk,0.4688772140961877,0.0,True
24r-e4ryxHE,0.39964667853601743,0.0,True
ziZeRPkbjJg,0.6462681200983175,1.0,True
EWJmCXaIBQ4,0.7794667249833451,1.0,True
c01FMC-WxXo,0.4318516709099588,0.0,True
dlDldMypmyU,0.6524464423991576,1.0,True
Rxy4UeRHy90,0.3431451183278843,0.0,True
_aFeh9ZGo5o,0.37600613168140473,0.0,True
A1olapawlNM,0.6452593707416525,1.0,True
-1I1jVHNsqo,0.5878299478299478,1.0,True
jAR9B2KiHmA,0.36767556268000096,0.0,True
ZoODCgECyoc,0.5958481365377917,1.0,True
EuVhMua8qlA,0.4289445436353895,0.0,True
fp_vOIKykEM,0.37515201963597977,0.0,True
9Mfoq9-t83M,0.6278894716394716,1.0,True
UzOs7j4TQYY,0.6022578341525477,1.0,True
oXxew5ahTu8,0.3602823630287368,0.0,True
ZHLFl29XmDI,0.5744195651092203,1.0,True
dG0nJqXlc3M,0.3308967299311361,0.0,True
9jlni-TzLmY,0.31661951655614595,0.0,True
aPBGL92Tixc,0.5984197302423904,1.0,True
wDQsu5cNumw,0.22342109381792885,0.0,True
es45o4FtNOs,0.2831181540302786,0.0,True
aRibmVPhC4Y,0.17342109381792886,0.0,True
v69oThCzBCI,0.737626968398951,1.0,True
NJEwWgSjOuI,0.44854912123352647,0.0,True
v6rmJ2LmBoU,0.321651268425462,0.0,True
ZouyZxRKTjg,0.3677799551083722,0.0,True
8xr4EbAMj10,0.21463539540958892,0.0,True
ogVRx5on0Cw,0.6208682274587687,1.0,True
M1tQksyicDI,0.5751515785163133,1.0,True
SHOanoU2Qz0,0.5266365716493594,1.0,True
Zl_ZSQJGGJg,0.5470856828253936,1.0,True
ip0teo1bWig,0.13848847926267283,0.0,True
PV0KwRD0ZbU,0.21786553826237331,0.0,True
67aA-7F_ZvE,0.22342109381792885,0.0,True
OWtxfEEMmAk,0.33273243920493406,0.0,True
RPTZDQBNF6E,0.3272201172966166,0.0,True
OvmPXDA2j1k,0.6662063973431739,1.0,True
3uHtgFUIBT8,0.5607468533709072,1.0,True
-_Ezb-iqzAQ,0.3740074890839884,0.0,True
zptNLhrLINU,0.309878565897203,0.0,True
s-TsJeKRNWQ,0.6362441866980445,1.0,True
KXzpLJUEDMI,0.4258363663336639,0.0,True
Wap_-cLGdp4,0.22281590367992452,0.0,True
iNURrVTP_X4,0.37113268016708634,0.0,True
MpHGd9ky3a4,0.36952098172426834,0.0,True
P34cJ-XMdzw,0.6111657187208774,1.0,True
qMuPO1gT5Ms,0.3923399709067291,0.0,True
6yzl8kVxipw,0.3923399709067291,0.0,True
ZnjkZRtD1XY,0.3923399709067291,0.0,True
R7hAaAei1Dk,0.49468738178029364,1.0,True
LZDDpuOwUyo,0.4543549269911895,1.0,True
PO-8jiYDaGM,0.44686165537727696,0.0,True
vW_ze81fJpo,0.5077932975403939,0.0,True
x8l1WA3NSSo,0.45527364172195506,0.0,True
lEHfqjcRB-k,0.39901286611425757,0.0,True
7ROHtSQE-E8,0.4015395781916955,0.0,True
ggViOjQ01O0,0.5813691400656236,nan,False
eutFV6mvNmI,0.6332975756632668,nan,False
2OsQIYOI65Y,0.5112765365136276,nan,False
eyVZ7z_8xXE,0.5343058646915588,nan,False
ShEo42yk94A,0.4981216652942345,nan,False
60hTlX3XLjQ,0.433882763718721,nan,False
6e4oeOO8fUo,0.45491531463301416,nan,False
T0BvM1unCWg,0.630021006464874,nan,False
1niYaWE0Ng8,0.4148572671126779,nan,False
CUJTmoLeXlc,0.5681516458080917,nan,False
rjirYkpdYkg,0.3225355883266634,0.0,True
wPEm4eaQlnI,0.6435903131715939,1.0,True
i7sDQLY6FUo,0.5886713679855845,1.0,True
ZQvO4JrOAug,0.6140730570202927,1.0,True
-HAVsFaud1Y,0.6158936622171203,1.0,True
mo6vuu1O--o,0.6857124756566597,1.0,True
_UW9_57tsfs,0.38150513535941794,0.0,True
NCEd81ONbSc,0.686913425244706,1.0,True
_IztEIX7Oso,0.611252176941832,1.0,True
OZ_egIWY3No,0.6713133969089653,1.0,True
dAywOKCV8YE,0.8636708983142064,1.0,True
R6SrnGArGQw,0.8405974909118159,1.0,True
J2DgfYahmUA,0.2501393242772553,0.0,True
FazNL-4MCHw,0.6808428674500102,1.0,True
J4O8z_H4LPY,0.6716206162018971,1.0,True
7bgDvtmqxog,0.687462521575774,1.0,True
9qUOJ7wCLTE,0.6808428674500102,1.0,True
Xj5m2Cevj7o,0.35568801453721854,0.0,True
Xo-s0ZB4h-o,0.6894287260358689,1.0,True
3m9BFlIh-4g,0.6590995724308533,1.0,True
X1Pcj3L-SXU,0.6894287260358689,1.0,True
-RUsD0Uv1xs,0.7475095341166769,1.0,True
SJx9-UtSEXc,0.14547806910071062,0.0,True
ws5nS7WMbVY,0.23667343769207477,0.0,True
iwC6brMz4kw,0.3247328119908765,0.0,True
RZngtN_YPyI,0.5556384993830454,1.0,True
GyTNGJM655U,0.3645068883058936,0.0,True
-GGzlczpbq0,0.6038070887011667,1.0,True
t_dLrnxcXPA,0.2603429339655755,0.0,True
TuYo1Qmc8s8,0.7475095341166769,1.0,True
mgSq6jbS8MY,0.6793104642213754,1.0,True
TKKgRKuAQRc,0.14547806910071062,0.0,True
8wqSGIHM37Q,0.21034293396557543,0.0,True
KcetKggdj9M,0.9047448824082892,1.0,True
ijSg92O1d30,0.6894287260358689,1.0,True
jzUqdeoohuM,0.6941238451074703,1.0,True
9ikjYAsqzY4,0.6894287260358689,1.0,True
getMUybndqc,0.6594646623218051,1.0,True
MUY8wVp85SU,0.6327236637249101,1.0,True
AyrkkK2Sv7A,0.34130432348323503,0.0,True
P9ONsucxJI8,0.6444295202237873,1.0,True
4bElfmmO_24,0.6555667857373615,1.0,True
6CFKhAfdW_E,0.7459161386605662,1.0,True
3lCKTN1ePNU,0.33621682533891073,0.0,True
9P2gTDja3aE,0.3287780623277581,0.0,True
5g_aX7rglhY,0.31127491095609827,0.0,True
MUuUAYhuf9k,0.34194060419866873,0.0,True
HqDKOfkHRhI,0.36169161707112374,0.0,True
R7UqxlaFUzs,0.2888162948349319,0.0,True
hjJI7bk44EY,0.4624796714327764,0.0,True
yJnHmaen3QQ,0.3917695089932564,0.0,True
SW0ZHagrEHk,0.4229824622491596,0.0,True
xB74FXQx2iI,0.3962335252490981,0.0,True
1ySRP1DhHig,0.33090928257911184,0.0,True
q_OQcpjjERM,0.3150756136094637,0.0,True
140fa2J4OcM,0.4624796714327764,0.0,True
W793mdSVMiw,0.15463636363636363,0.0,True
tZLRf5Q_fm8,0.38440961479141156,0.0,True
pu3B9xJhUrs,0.6469809271515028,1.0,True
pwOddDyf8RE,0.6362282389794598,1.0,True
PN8EKcHJmsc,0.6000497424236048,1.0,True
lJL3ZMW2kOA,0.5281973653277235,1.0,True
H8z1XbzdCSY,0.6844303119370113,1.0,True
Aq4SoNY3prA,0.6613984230055658,1.0,True
qeFV4PcNLSo,0.7048097601089257,1.0,True
lNZaPGBszXQ,0.6495336116678629,1.0,True
qEkk4t7y9_I,0.6532679351626488,1.0,True
ZK7WgxuO6X8,0.397704267162866,0.0,True
ZWt_6msbML0,0.4411894713480093,0.0,True
eJyoWhnGjlg,0.3824203408285611,0.0,True
koZlCuOKstA,0.40955541054170264,1.0,True
XIWUJ9qqxK8,0.42174502690356486,0.0,True
kTDwix4gleg,0.3007853027019551,0.0,True
7sMSKFZAh8A,0.2930800178517517,0.0,True
qQPuS7N2pb8,0.14547806910071062,0.0,True
3w_Q88wwGWQ,0.3413994786575432,0.0,True
m9qRGsmJ76I,0.31635911773842806,0.0,True
Y_Mou6qYyII,0.24967511343568596,0.0,True
bQYFTFCUWYc,0.39769409470272754,0.0,True
LoqgDZUoYgw,0.3719130529075085,0.0,True
SwIpa1YkzoY,0.22240114847456338,0.0,True
VEJhfFJhxrA,0.3944010682508538,0.0,True
zXWP5M45QJg,0.45081934071366775,1.0,True
41g1ygYBiwg,0.42174502690356486,1.0,True
MHAYTtITxWs,0.3714286892247983,0.0,True
1dUcCzmkW_s,0.39495215921885657,0.0,True
havw6jICXDI,0.6127846060992853,1.0,True
RUvAVnJg3l8,0.4981216652942345,1.0,True
E9meBKUXQ34,0.4926411284933677,1.0,True
HRe0v_jvoq0,0.5807845810347441,1.0,True
4nGo84BUWwc,0.4611330100182235,1.0,True
3nHWy3F4q3I,0.5431028801990545,1.0,True
3T-3rUENNgI,0.6649978608150258,1.0,True
Jd0p0bMEx3E,0.5212612001779555,1.0,True
ZAWdO9lmvk4,0.462083155334566,0.0,True
KB5tKzUjPVc,0.5212612001779555,0.0,True
JrL7ZfJ9Pug,0.4611330100182235,0.0,True
Dymt6waswVo,0.4981216652942345,0.0,True
s90hUCmT3fs,0.37133025086185034,0.0,True
SMQJbCcX_iU,0.29980483674032066,0.0,True
tyMEep2mTJM,0.37133025086185034,0.0,True
b1RsOFSIthI,0.32797623438768986,0.0,True
5gPSd5u-SOc,0.31972260677719017,0.0,True
a9RTzHurxeM,0.3351547253626012,0.0,True
GdVSsDRZKUE,0.7203850095154444,1.0,True
A-6wRR3UFsQ,0.6558125717856264,1.0,True
JH48JYP-nwo,0.6375862449632941,1.0,True
APUYeOKuqpk,0.7050324870180338,1.0,True
pe9OSFWM-80,0.6485901377205725,1.0,True
biNBTVKNXhg,0.5713219940807488,1.0,True
sixXt-Qg6rE,0.5723256569225936,1.0,True
GZpQ5qdldO0,0.5252817358197804,1.0,True
L4FVpU7s9DM,0.6499356781912025,1.0,True
qpLieM0vfc4,0.28134750234945416,0.0,True
zaKfiw_4VdI,0.3736364661337699,0.0,True
JVFxXmPm4c8,0.3450161687767413,0.0,True
GFR0GZnMIYs,0.2734196283064807,0.0,True
UrDwa3-pU8o,0.1921723334137127,0.0,True
y9dyOVci6D0,0.2654883485738876,0.0,True
ViFUALFyoYM,0.3365180002785728,0.0,True
TNw_5xobzxc,0.3390041791648652,0.0,True
g6VWoJiwbRo,0.5594501274341608,1.0,True
Y5XRzrpeIys,0.649369202226345,1.0,True
VnwjdPKu7Rw,0.6443111951473646,1.0,True
Qq25MOXnS14,0.2811423070063278,0.0,True
ULgJEJ5DU5A,0.5114491329952954,1.0,True
Qu_39f3F1m4,0.5937221007664999,1.0,True
K_kk88IFvgw,0.5751515785163133,1.0,True
WlKnTPQCK_s,0.5751882305182676,1.0,True
1OeP5fVOiLc,0.5526095020571862,1.0,True
F17Mr1do48M,0.592947937795808,1.0,True
9RPoWnTnGB8,0.5738697343235921,1.0,True
WeRnTKEOYPc,0.4810501936829629,1.0,True
oAro_nFrhzM,0.4412211885897469,1.0,True
SdHxq24ZDCk,0.4619431687383795,1.0,True
tZ2iD2msJ40,0.411022518017218,1.0,True
wJ-PMTgOmW4,0.41913283859143735,1.0,True
FJ30U9zUDMs,0.4653207988601957,1.0,True
GAR04MQ_wCs,0.46716247852612913,0.0,True
mPg48DwFNMc,0.4265617816209978,0.0,True
gTrC3PDYZI4,0.37639225848842844,0.0,True
wpytZe_mIFk,0.37639225848842844,1.0,True
ZAq6vYmq5Zw,0.411022518017218,0.0,True
8g4OMrut2CQ,0.37639225848842844,1.0,True
2FcxEJWrZd4,0.397704267162866,1.0,True
UkTk6Z2RppQ,0.3682984770292779,1.0,True
I3UG0t0Wtmo,0.3923399709067291,1.0,True
Jz-TF714mWY,0.3923399709067291,0.0,True
ghr6_c-GQcE,0.2991772191772192,0.0,True
q4Rc0mrelA4,0.39241401570802664,0.0,True
uKVlA8_P1Kk,0.39379826559981856,0.0,True
hC57h3Lfrow,0.39490249497069946,0.0,True
QwGWQMuYv_M,0.35172785026170034,0.0,True
aEsFdDr1FGE,0.397704267162866,0.0,True
dbqIUenvpfY,0.3062615844598131,1.0,True
2qwrNSEJ2gY,0.5360038376044217,0.0,True
KQfSnhnzIVE,0.45037298938856224,0.0,True
QEjf1jfarYs,0.3923399709067291,0.0,True
P_oFhecY48Q,0.4315150961020039,0.0,True
y4pUR7PFKX8,0.47050777175139596,1.0,True
GV1BSRYNLVY,0.4166443593287646,1.0,True
N_v0mUUVmao,0.36717793373555974,1.0,True
4z0L8qlsaH0,0.4835117267631374,1.0,True
PHaoSFO1RpI,0.34010201278641805,1.0,True
ukmC9frGgI0,0.4835117267631374,0.0,True
nc2PCP2TMH4,0.36227039468914535,1.0,True
rq2FnhgcBv8,0.4041196278036826,1.0,True
MYTVS3Hbiis,0.4835117267631374,0.0,True
T6dg0i2TP7o,0.3962867448624914,1.0,True
YremjTYGtYs,0.4835117267631374,1.0,True
2NWgI3FbyG0,0.43689718659516535,1.0,True
a5rOsgNprg4,0.2122121212121212,nan,False
YvBpkiJEFo0,0.14327784891165174,nan,False
wHbvwgypv-w,0.1294780691007106,nan,False
aGPXoQXE4xk,0.14547806910071062,nan,False
j1AyIPeO1FU,0.21079747942012092,nan,False
tt56jGhfCi4,0.14547806910071062,nan,False
as-gWIXE38U,0.2459607651944904,nan,False
3M3uAi7jWBY,0.14547806910071062,nan,False
OSxnM6ZIizQ,0.14547806910071062,nan,False
wcvZoCjulGQ,0.20665656565656568,nan,False
siTWIE7qtbk,0.14327784891165174,0.0,True
sfxlDES0-AI,0.1294780691007106,0.0,True
B8ILdYMCR40,0.1294780691007106,0.0,True
YiSjqDIfYcQ,0.15927784891165173,0.0,True
kxKAgdP0chM,0.639281128318699,1.0,True
3W885Kw9L0E,0.617885217507859,1.0,True
zNzjVuR0Uz0,0.6186259582485998,1.0,True
kGRsIMkFan8,0.6194740052783838,1.0,True
HCShBiTZc9Q,0.6027244873079174,1.0,True
GbkwYzueBDU,0.1386363636363636,0.0,True
5Az7uZ5ROQM,0.5556384993830454,1.0,True
6VaS4enEhUI,0.1294780691007106,0.0,True
3mb3PiMeGug,0.1294780691007106,0.0,True
Zu_RqaY4xQk,0.1294780691007106,0.0,True
BACE6nmrE9Y,0.6056742254674427,1.0,True
APS5RZOnAIw,0.6808428674500102,1.0,True
UBzBYD-03o8,0.6894287260358689,1.0,True
uwa4sTA5DGk,0.448529516590781,0.0,True
O9RBEZNOyQw,0.6252376321323456,1.0,True
JkJNdho6QVk,0.7622412992601665,1.0,True
DS5xcHKxAP0,0.6608010734923149,1.0,True
mly9EMKS0M4,0.14621212121212118,0.0,True
HSW8qs6pH7o,0.7320002748574177,1.0,True
RNJ7pjwhBAI,0.14547806910071062,0.0,True
lA79yYnGu2Q,0.5840298827102963,1.0,True
slNPNXPoVz0,0.6613984230055658,1.0,True
w99_v5GwbVk,0.644723049907884,1.0,True
BMeLEWz7NaE,0.14547806910071062,0.0,True
HfEP269180A,0.680722745523328,1.0,True
zppKSGWLDds,0.1294780691007106,0.0,True
cEkJnkLJAbs,0.6843005209076638,1.0,True
ekWTB4uJI78,0.5842791690841583,1.0,True
ryKaBi3QIcE,0.5812320774452602,1.0,True
ERBijva0fI4,0.7560953927025356,1.0,True
7BaynZBSHgE,0.665333608190751,1.0,True
HFBhomdxl9Q,0.6446820765767901,1.0,True
4P1ev6_KZDA,0.6548044548044548,1.0,True
0rN9dTS_BCQ,0.32374634166299404,0.0,True
eYBkNNehUdU,0.2635967698725554,0.0,True
RQR8-CpNt90,0.6423655203194425,1.0,True
7jC_wCw_wqI,0.6613984230055658,1.0,True
FXJ_KPSFcsA,0.6590995724308533,1.0,True
crQtL6h_HuQ,0.22450404312668462,0.0,True
tDkoco8k11U,0.1294780691007106,0.0,True
P-2TYCuPUJs,0.1294780691007106,0.0,True
gyPYayTetSw,0.14002734962087904,0.0,True
f9MLqanbJug,0.1294780691007106,0.0,True
qWuO1JAdU5s,0.1294780691007106,0.0,True
nv764ERTy3s,0.16441537317594573,0.0,True
q4HJNWacBTQ,0.2582139775988173,0.0,True
-1V3HE_2XOk,0.5610394476411364,1.0,True
rAopON9vlLA,0.37683498624675094,0.0,True
QzGSaH5N7y4,0.21034293396557543,0.0,True
PENePGKy2vk,0.21441537317594572,0.0,True
SRHt044AZbY,0.18927956989247313,0.0,True
AaZYkS8P8oI,0.2107406953633369,0.0,True
A1ws5mFROag,0.15463636363636363,0.0,True
hBtjw9yMprA,0.19253225629282883,0.0,True
J3VmpizNDQE,0.5505695750370126,1.0,True
rT4cbaj1MQA,0.2588598176203901,0.0,True
gxFo_ClJc6E,0.15973239436619718,0.0,True
gqJlRFk2EXw,0.3321019415137062,0.0,True
mxMQBwHiOAc,0.1294780691007106,0.0,True
jZnbKlgQNDM,0.1294780691007106,0.0,True
1H44g8GuYhY,0.1327810181642403,0.0,True
68meEtr_73U,0.1294780691007106,0.0,True
yRtZugeENzk,0.2768756691337336,0.0,True
uoNNNZlKubA,0.1622121212121212,0.0,True
ZIagefcCQNc,0.1622121212121212,0.0,True
FmStDiXBb-4,0.20410321111300794,0.0,True
StlZmuNV7XE,0.5788398691391078,1.0,True
GjHM96aLyQw,0.15927784891165173,0.0,True
3upXkyHbdO0,0.14547806910071062,0.0,True
6W_9U2C7G30,0.8708499533546729,1.0,True
8bWOsXLicm4,0.32183061869463947,0.0,True
n76_d3rj03s,0.3015059433699642,0.0,True
_3Bxev3udLo,0.7558747505830566,1.0,True
H9YBzxdc7DM,0.5118278885585454,1.0,True
VWvXwVaBQRM,0.18882502443792765,0.0,True
PeOQ396jN8I,0.18882502443792765,0.0,True
8XJXsVdlqjI,0.16565656565656567,0.0,True
3X06N1GiH-0,0.29054131721114645,0.0,True
jqYWqCFXMB8,0.4285242127005765,0.0,True
Z4CuExX3zZY,0.28769957732221885,0.0,True
HchCq7c-6YQ,0.30616352716547907,0.0,True
lnkb9D8v5Sc,0.14440917979188628,0.0,True
5Ptb-EVbs6E,0.14547806910071062,0.0,True
xDY27uh1F1Y,0.14547806910071062,0.0,True
QXN8pFyt_n0,0.15927784891165173,0.0,True
ixF2Pfgze34,0.13452129040423144,0.0,True
tzQZ_rkh0jE,0.22776060753234137,0.0,True
V57n5DkH6B4,0.3015059433699642,0.0,True
06IGPEsHeQY,0.12182750582750583,0.0,True
2tPLi3Vwzf4,0.2966442200113017,0.0,True
V8YCWLVXKO4,0.24002597402597398,0.0,True
aT-CFlOfHNU,0.1294780691007106,0.0,True
y7lGvKKKrks,0.29918163514790036,0.0,True
Ybl0fig4SK0,0.17404949767213915,0.0,True
G0rPDJZ2EY4,0.2603429339655755,0.0,True
KaEjtJTT5bc,0.1794780691007106,0.0,True
RDIZdTp3Zfk,0.5691912695210094,1.0,True
P_E_rnGslgo,0.2507953014913579,0.0,True
pjO0fdMMSrU,0.27971125049739365,0.0,True
vfljgMFEuGE,0.27873631417526407,0.0,True
U7iTbgn2fZ0,0.5963079075204998,1.0,True
0aSPTgs57WM,0.37821810710744597,0.0,True
7VlUEDdsGgA,0.2641988641988642,0.0,True
DYrkokl9U2U,0.40859971604918266,nan,False
sE32M7_fU_w,0.5683626693949477,nan,False
xNdMkliHv68,0.42461337539230426,nan,False
uv4nrBDNHtc,0.5187834372649693,nan,False
xWJ3EQtW8go,0.4405825263748671,nan,False
X7tOiBRmeLk,0.42358024737925265,nan,False
4XHbshMDDVo,0.43737573246669414,nan,False
7HCau9k5tBk,0.5377475854655942,nan,False
AABsvypgd-E,0.41913283859143735,nan,False
3o22eb9sLBg,0.5672522307024088,nan,False
NJXoCs6gdP8,0.6328253691454095,1.0,True
4yvJoprY5Dc,0.3271261361958654,0.0,True
EAWzj62PuxQ,0.31003681226270785,0.0,True
LV4MujzDFPA,0.17076167076167076,0.0,True
oqcGz_f8gSw,0.17583059510770352,0.0,True
ZfvkCj_tvKE,0.17583059510770352,0.0,True
FyzvFcqVp-Q,0.17583059510770352,0.0,True
25r1oAoHK38,0.5378461274304199,1.0,True
TF7Ow_cRBQk,0.7028719891920296,1.0,True
dNgNES_rHEs,0.6117672474748082,1.0,True
opOi_AN_wXA,0.29566219956194945,0.0,True
zLDudM2DOJo,0.17076167076167076,0.0,True
AMqFdqoBGmM,0.5979124616193867,1.0,True
i7MWH1mcbzs,0.12756132756132757,0.0,True
xItTONPN0m4,0.6767965505546945,1.0,True
E33LhDy_M4A,0.7464844957092793,1.0,True
OFwnJ00b538,0.612317846301269,1.0,True
UNIZAp-Ba4s,0.6693088658256304,1.0,True
PYT6cP-f81s,0.775384144297768,1.0,True
1S8hXIht4PU,0.6716077164003431,1.0,True
0l64dJfz8b8,0.8705731487825862,1.0,True
5d3P3bt_3uU,0.6612073712839509,1.0,True
mfLRNp8v5gI,0.6874978353175705,1.0,True
39wjNj5F5_c,0.8122290181132694,1.0,True
dCkxNOHgaoI,0.6923681933092686,1.0,True
Nd0X-OIBQZo,0.7528039577665501,1.0,True
7_StOKKrC8I,0.7783339068765336,1.0,True
bP5QxcXt69g,0.7558439944596598,1.0,True
CfXB20wyuUY,0.6646208011375657,1.0,True
Xfd1nt_sboo,0.3657632220390076,0.0,True
f4t3Mb8U8ak,0.7534817563388991,1.0,True
2xplioAHam8,0.41853707033862336,0.0,True
aD57zBD1K4o,0.6019799098844342,1.0,True
p-7vg4zXFy8,0.5984197302423904,1.0,True
tPA3PM80PpI,0.6067736008612287,1.0,True
TX_jwQWyNdI,0.6696897254835985,1.0,True
lzClA28mGo0,0.6206582444163884,1.0,True
HhgmLYdRIdQ,0.38910413410857236,0.0,True
4wKv8BYaang,0.3633017901824962,0.0,True
W5bQCxrt4EA,0.3684068952876013,0.0,True
umvAeUA13_s,0.5370044991214566,1.0,True
HlTQL9AP3wc,0.29566219956194945,0.0,True
jSFpjuDR-xc,0.3267026403950493,0.0,True
aoB4kqZnoEU,0.17583059510770352,0.0,True
UaoJh519nFw,0.14898989898989898,0.0,True
jF58KeiIE0g,0.17583059510770352,0.0,True
SILxIo3yFYA,0.6646208011375657,1.0,True
DVP9AOo1oe0,0.8241782499176733,1.0,True
xzIme9w0FfA,0.5569003387627942,1.0,True
0WJ54fd4nPE,0.17076167076167076,0.0,True
5KK3Fh3pK00,0.5640013652951699,1.0,True
YorRyLQKEXs,0.18898989898989899,0.0,True
P-hD5bNjaiY,0.2673588069814485,0.0,True
DTyzb6iGblc,0.14898989898989898,0.0,True
XSD6kFzqC1Q,0.25027195027195026,0.0,True
zTp57XDtiLg,0.14898989898989898,0.0,True
cuePwpTD51g,0.25072649572649575,0.0,True
VdkoYnOzGBE,0.22583059510770348,0.0,True
EC1HF1YAwwA,0.5565322299749441,1.0,True
yjMElx7svhA,0.14898989898989898,0.0,True
EMQe64X3soM,0.37458336587583657,0.0,True
6VV9dDdUvO0,0.31513681513681513,0.0,True
CRAF6TggxJs,0.6124378216781647,1.0,True
hMnro8Q4CJI,0.37315642169027174,0.0,True
afrNXTSdptY,0.6177811606383035,1.0,True
UgAu1-Bf3vo,0.5971010321197228,1.0,True
C9rVJqToF6g,0.6008999189352037,1.0,True
uJMmNuRL19M,0.37589835717414266,0.0,True
8rBxNBV7z7c,0.6207523097736554,1.0,True
StvPGbqu5DY,0.6137784160804858,1.0,True
1-Uz92MxJk4,0.37315642169027174,0.0,True
r4bGjhA7B0s,0.41235102003492596,0.0,True
C0PIhDQqg64,0.4354309902817969,0.0,True
FibIfSwRoTQ,0.5754283144658853,1.0,True
SWZbhmmdFlg,0.40252249552948144,0.0,True
tPMgEjgFKOQ,0.5873942989404614,1.0,True
BVsqljI--10,0.6056377875325012,1.0,True
hK0zqwvVFB0,0.5968568858944566,1.0,True
KzcXAGauTvY,0.4177153162910628,0.0,True
SfOoqqAkWoY,0.35172785026170034,0.0,True
cj_uAmu4c04,0.5873942989404614,1.0,True
e7RtLkM6Qwk,0.6244963483265458,1.0,True
ImO3-UjjLOo,0.5779999081704839,1.0,True
c2X1ef_paR0,0.3676028654513134,0.0,True
rBO9X5AWuC8,0.5643864657810516,1.0,True
Q7hRjwrCAlM,0.26648774463605934,0.0,True
tBn5WrFRgwc,0.20072649572649573,0.0,True
vlMzTA0RSPY,0.20072649572649573,0.0,True
yzAOqAUKl7U,0.15687103594080337,0.0,True
Sqj5Yi7X69g,0.3105591501817917,0.0,True
dP8IM-aHjjQ,0.16756132756132755,0.0,True
y3eM1XSK3Dg,0.3209599782013575,0.0,True
XqTkLbWyH7A,0.12756132756132757,0.0,True
mwK5ZwtNeHs,0.14898989898989898,0.0,True
242T5mTXo9g,0.20027195027195024,0.0,True
_mDqqoLMojE,0.14898989898989898,0.0,True
LWazu7Jhtxg,0.6012490847958828,1.0,True
rkfuJelkWjs,0.34013916420893164,0.0,True
ni-bUREwbj4,0.20072649572649573,0.0,True
a8UsVgTj5HI,0.12756132756132757,0.0,True
v1IqIQi4wmk,0.39999711780807623,0.0,True
sSAvl_uOFLo,0.6841750841750842,1.0,True
AqxSRdiXkuY,0.3926039181568121,0.0,True
CeDSDg9fumk,0.35995445124692205,0.0,True
EWGTjtaVx0g,0.6022578341525477,1.0,True
BIdWzD55cSM,0.12756132756132757,0.0,True
aqVwOZ6Y3Fk,0.8229274294209012,1.0,True
-KJzBwCCirQ,0.2557782525524461,0.0,True
W25rVuei-Qo,0.4137549391840323,0.0,True
sUYhDJjzhrk,0.15697123788336248,0.0,True
-_m2LNNRqfA,0.6427385938770219,1.0,True
p0qyUVlmRKU,0.5993576354105641,1.0,True
imx06LtDpQQ,0.6884081696926665,1.0,True
owxogAfp-lA,0.825312554612626,1.0,True
bm1b5adXTDo,0.7065390350816618,1.0,True
009AVe8RsBs,0.7364390041139657,1.0,True
akjf2nFG66o,0.7374574245184251,1.0,True
ii0vso3gmX4,0.6786760378638259,1.0,True
X5sslUJDX3M,0.6854052927785645,1.0,True
3mZnD7qyBxM,0.3032385909475739,0.0,True
CMBeUz0slpk,0.6638836491301336,1.0,True
IbF66nB-JY8,0.451503140652565,1.0,True
jSpKzKqZf9w,0.4290850721463365,1.0,True
e8bNg-X5RxQ,0.5736157877281821,1.0,True
I5CR-zRH6Ys,0.43762087487977885,1.0,True
IJBWL2lLmps,0.5807880649816133,1.0,True
qdFSs0njwTQ,0.273293315157336,0.0,True
mkN7tVoJJ-Y,0.40583272883971483,0.0,True
bMQhI1TUciM,0.3239142301900157,0.0,True
9iqsAcG2OCg,0.36785588390147794,0.0,True
AVuzRekqiDU,0.39999711780807623,0.0,True
wuUNVoN_RiE,0.14898989898989898,0.0,True
HwaebaipJE4,0.18898989898989899,0.0,True
c5_T06G376g,0.23297345225056065,0.0,True
5s3ee-pnLOU,0.21933472657610587,0.0,True
0oCsRukUGbg,0.4884401323568877,1.0,True
DPeSDA0tDfA,0.5014992954160508,1.0,True
hcXGxQzBanA,0.4177153162910628,0.0,True
AMpLj8bO6SA,0.3969699919960218,0.0,True
AFFhpq5PMQY,0.3694305770920299,0.0,True
r41oOAMDNFM,0.30364409914909357,0.0,True
0rJKK7wPOYo,0.36719016622457246,0.0,True
m9l2lTsiX9Y,0.5322555827094405,0.0,True
r_yX_px_M7M,0.500639734519648,1.0,True
Kn_7QCyP9gk,0.12756132756132757,0.0,True
ryTeFmW3TuY,0.41913283859143735,1.0,True
kNJmCTfS48g,0.5494440562309368,1.0,True
NgiKJ0kW8t0,0.4496840882639167,1.0,True
gD3AmNv3EY8,0.5172524170340995,1.0,True
E34dMjlZp1o,0.606826295791813,0.0,True
2yPIElwije4,0.543454656172665,1.0,True
2cQd2qX_LHo,0.4639767127272755,1.0,True
N9-aIetvJNc,0.47388185739747896,0.0,True
p53yezqG-V4,0.40859029416399234,0.0,True
AbxGjjxvXwU,0.388441706812217,0.0,True
rb_6QjbhTOY,0.3528115941040648,0.0,True
NDVFzoZ000U,0.4071727718636177,0.0,True
XvfI6-QH2pk,0.4071727718636177,0.0,True
F3ArOu7fiUE,0.3910997320542804,0.0,True
EW0sBoSyTKU,0.21565656565656566,0.0,True
dEZVaoo9-6M,0.5079112409584311,0.0,True
cwZAD2JQoBg,0.425324346275403,1.0,True
LsfNmztwh0Y,0.5441399880567434,1.0,True
-jiDK_yEK10,0.5774264341516318,1.0,True
elxcynrKijQ,0.46595325347636835,0.0,True
Pnrkz_7_IcQ,0.43293261840237846,0.0,True
m7iqaNldOuU,0.5409589103706751,1.0,True
kbtAE1cV-hk,0.555586317807649,1.0,True
FkC6Te0KWeQ,0.567405289116369,0.0,True
e-pX3uC1iBQ,0.5193526501295092,0.0,True
ECQc4yMiVYI,0.5578849194310818,1.0,True
6oTAhtv_Scc,0.4986348124126291,0.0,True
_DsN3F7aJoI,0.5246759953259004,1.0,True
kjcR-pAjBiw,0.4926411284933677,1.0,True
cBKi9AXkZkQ,0.5425257255729157,0.0,True
BxV7xMHlLYY,0.5967298619345609,0.0,True
Geq_1QSxk4o,0.5670305540376632,0.0,True
IoFD4RGyllE,0.6631667786045666,1.0,True
40iZWomC9Eg,0.41913283859143735,0.0,True
BGCGuJ9l2hg,0.43848937832532997,0.0,True
81Bfk6vRZq0,0.5798656898656899,0.0,True
bp-is2-nw2g,0.5280398816578818,0.0,True
NHT8VnP5r1Q,0.5878299478299478,0.0,True
q9l1XtJ38CA,0.5508614560354335,0.0,True
f-8dujPKeH4,0.5922858776065287,0.0,True
puWppLSgxSo,0.16396082772140025,0.0,True
_T_8DztrmB8,0.4853943767851699,nan,False
s5sw9dqSPUo,0.33992139812265415,nan,False
ZUw6TsLHY-M,0.41624020213648094,nan,False
U9dle-Am09Q,0.14898989898989898,nan,False
o-SASlO-5_I,0.4459735347092419,nan,False
5WxB6GdcJmU,0.14898989898989898,nan,False
Y56k0baIvgU,0.534157822863098,nan,False
eeKSzt-eCoY,0.36505510610988584,nan,False
yRmtOIKNkVE,0.5891770608881408,nan,False
NltAM4gd07w,0.5891770608881408,nan,False
tTwkSy3xnfg,0.6793929083893929,1.0,True
i5uR3kEZqT4,0.5795437774177394,1.0,True
g8XRISRe_u0,0.5981142996679261,1.0,True
i86L1CFA4gs,0.6638836491301336,1.0,True
gIMaWB99p8I,0.4545432151903297,0.0,True
ucmUzOjF7A4,0.6767807036285791,0.0,True
wY1bafRymgo,0.4177153162910628,0.0,True
IKExgiabT8I,0.4309401415810975,0.0,True
0a8LHO3OlRo,0.32592960701285445,0.0,True
1SwlaKtmY7k,0.4733106128823592,0.0,True
cfqzQUZ5d5Y,0.5097200245559762,1.0,True
FOQysx8F_P0,0.5159292367355872,1.0,True
Qdukh70DWj4,0.5716660649770656,1.0,True
oaT93XfANu8,0.41624020213648094,0.0,True
aQPap7_7QSs,0.2061327561327561,0.0,True
viGuuun3Lgc,0.2424972617743702,0.0,True
WiQUFPT4aOg,0.42543308394870555,1.0,True
RaqcHZKwHPQ,0.5472699578080025,1.0,True
VjNGQ6XxzFE,0.5795164175605958,1.0,True
Z27Lu-nhhkM,0.5735621584069545,0.0,True
7MMr_ex5jqk,0.48333222086073996,1.0,True
GXugQBmGkQU,0.4767923478917876,0.0,True
ENRUe7dDyYk,0.5411537668826276,0.0,True
MzFXKB38WxI,0.41913283859143735,0.0,True
7STY5NP3m7M,0.29877798065868666,0.0,True
8CBCW1c_M50,0.43740577449559714,0.0,True
7fizfLCPAyI,0.41627478941305246,1.0,True
l-GjZtC5pkE,0.47442396313364055,0.0,True
amYrAIhU4fY,0.592828585429677,1.0,True
lO_EL5aE4mw,0.5804935928486129,1.0,True
35D36qxA65U,0.4484151240115882,0.0,True
tZkuRG21kD8,0.5782093985300496,0.0,True
Aqa4WdfUCOU,0.569352595396138,0.0,True
y0Z3z0rmBKQ,0.42543308394870555,1.0,True
xPcvT8pRijk,0.570980684174548,1.0,True
wENPw-HMgaI,0.5212766457440833,1.0,True
5JhSpUiWRcU,0.5587619827372137,1.0,True
smHdoK7p6-Q,0.5343212947751526,0.0,True
ZiSgeIQFQ38,0.5372403390887827,0.0,True
6vBeWPjQ-8E,0.5298470587638141,0.0,True
nX4giQdKzxA,0.49174684129739943,1.0,True
olfPpVCIgPE,0.5406963034143122,1.0,True
oao-gzkNgQI,0.5452216965376233,1.0,True
azjuN6yKQC0,0.5508614560354335,0.0,True
I-PzMsz5Ow4,0.6009561654203093,0.0,True
EL9Y-N66aSA,0.4874846883970525,1.0,True
pfqpHaFNrbA,0.53472935814995,0.0,True
37LDfUO52T4,0.6056491364724073,1.0,True
KWMsi0MRb_0,0.44705040422297915,0.0,True
hTHu-JUxrCQ,0.408137888241328,1.0,True
VD30k4MlPjY,0.4929630289368516,0.0,True
yClnBGRF9xo,0.41627478941305246,0.0,True
PBYmljoH0Mk,0.4564626319375127,nan,False
mdH6vJLkGME,0.6062404586427167,nan,False
g_AzfZjAegM,0.4877939980096747,nan,False
TvgPo5zIOxI,0.4279910055141204,nan,False
_A5ywAfom8Q,0.48252475797861577,nan,False
bL6jqhuKeGY,0.579951740261127,nan,False
YRHOwSAl1rM,0.3749747361880539,nan,False
hLVvqXJQXH4,0.4594751326133957,nan,False
g2LLxz8Ent8,0.4350340605089412,nan,False
_qjyuoUxdQo,0.5255902983083071,nan,False
V5vZ0g1d-7w,0.5146654983751702,0.0,True
Y838W0FYEJE,0.5748828159150942,1.0,True
J0yEw05cyjQ,0.4870534660954826,0.0,True
FMt8ATCT_j8,0.45959241620004737,1.0,True
wVkrRhqt6EI,0.6020152364970439,0.0,True
DD2mHt7rIi4,0.4954924541854302,0.0,True
meZyJEZb1RY,0.5010105368627761,0.0,True
mikpYYdb3W4,0.4835117267631374,0.0,True
ud5D81ffFXU,0.3962867448624914,1.0,True
I1W6qewrFzI,0.5470178664112071,0.0,True
QjBipsdbrOQ,0.5481262949227192,1.0,True
5OiLSz3f-24,0.26067849844155744,0.0,True
Y6HI1uLXd-g,0.4954924541854302,0.0,True
PsFh7CuiScY,0.511869003718998,0.0,True
IaSjZkK4Uy4,0.5078426644370186,1.0,True
7XFW9Z-pT-g,0.4564626319375127,1.0,True
rlwwPk9I9Lk,0.43789210968732617,1.0,True
68C0vkbQtfI,0.4377033608416239,0.0,True
sAY_BVF3NUc,0.4635942373039147,0.0,True
XnZcUa-uTxM,0.5963706371939079,0.0,True
AgrmKZmcZfs,0.5790263487573151,0.0,True
wVqoF6xlauI,0.46043146772562615,0.0,True
m88COPFYvxQ,0.5530173451691158,0.0,True
Zv6M3bJSZbA,0.4851046615161169,1.0,True
G1SRwet6W-U,0.6129865846976645,0.0,True
pEZOnGTYy9E,0.4762077145400334,1.0,True
Et03Ob_DZ0U,0.57803064481547,1.0,True
tjrJNWHFyFE,0.5424866210364309,1.0,True
2kd1oYPS2-M,0.36879826559981854,0.0,True
sr9Ek44HDeo,0.49122360619299316,1.0,True
noR49uMEyCA,0.4073341365285244,0.0,True
SWIPE7Z-J08,0.5398207561973015,0.0,True
o8ThzYmusM4,0.5065899980503776,0.0,True
4xIiLXzYVuA,0.5565922437002591,1.0,True
6_IbPuUPBio,0.5363798223536451,0.0,True
Enefzmqhv74,0.4350340605089412,1.0,True
GvUCONEw5Rw,0.4451031406907718,1.0,True
6CefCOQhjCM,0.5498003504323178,1.0,True
6ZP24fHcO1Q,0.5769464771245867,0.0,True
JzzT8ncvQ4I,0.4871425701215967,1.0,True
4nHv1XrmizQ,0.44705040422297915,1.0,True
H_6VA6qa49E,0.4530198906526599,1.0,True
tdrAMxStRqo,0.5401323605862183,1.0,True
mtxOa2n4lys,0.46420340417279105,0.0,True
0ZDJM7bg3qA,0.42461337539230426,1.0,True
kUOfMKgbqdI,0.4897405171298588,1.0,True
rx_TrwHC4Vs,0.41484565726585165,1.0,True
Q7QSLRZ5y48,0.5873942989404614,0.0,True
SZhrcIF9-Mc,0.45281376700814924,1.0,True
H9zkuf7Jyl4,0.48517741147121596,1.0,True
-ygiXpASL_A,0.4413234325262117,1.0,True
D40NEBSpc2U,0.39676529856685155,1.0,True
EsWQWilBEsw,0.387161722735421,0.0,True
qW2CCjWUQwE,0.41627478941305246,1.0,True
tGUwakh6lpQ,0.4031848039637328,0.0,True
I_U6_CsgX7Q,0.5821320341084033,1.0,True
AJXhY-6Ggrk,0.44686165537727696,1.0,True
lN3dlGUs4NY,0.42485670639404843,1.0,True
phYmQ4UU4F0,0.397704267162866,1.0,True
JjghaD8DuvE,0.5296046883979258,1.0,True
zOZa_9V-2WA,0.4546261617987367,1.0,True
8peR3PhzbXo,0.4473332302072824,0.0,True
vHA-s8NwR04,0.4377033608416239,1.0,True
83Ty4tlRvYg,0.45026429858208206,1.0,True
q3eC6JNkwdU,0.4284442656810475,1.0,True
RBCi1ars4KM,0.6222837045602225,1.0,True
A7Io_Db8c3Q,0.4698152801549339,1.0,True
kxsFQ0MWD60,0.4304441391397057,0.0,True
8Ks3Mhu9y8w,0.44686165537727696,1.0,True
aeplmUcF9JM,0.46628708614709835,0.0,True
QAkY1HpTQyU,0.37821810710744597,1.0,True
SweyARvKIcc,0.38790087762942793,1.0,True
UoE1aSwG7TI,0.40859029416399234,0.0,True
twVPoWRYFz0,0.46182978424997867,0.0,True
6jZAFQY06CQ,0.45495093092475924,1.0,True
K2qZPBEuvG4,0.41913283859143735,0.0,True
32CkPg95sk8,0.4989305005106382,0.0,True
Pvf_hU1B4HE,0.4947172824352911,0.0,True
bTuW1LZ3TOk,0.41913283859143735,0.0,True
aRyt2hZiL3Y,0.42734518565672125,0.0,True
dQiPi23a8kw,0.5764957759355974,0.0,True
YELeUFOhYHY,0.44337264648819297,1.0,True
LdM4Tbf8nEg,0.4492548653836613,1.0,True
rsqIKJJ77UI,0.5001548492421037,1.0,True
C40ki8gBLC0,0.4594751326133957,1.0,True
sjCqzYdYx30,0.4473332302072824,0.0,True
01Dw2ZxV-Vg,0.5002587735910868,1.0,True
ByF1QbvaI-o,0.4937437217706761,1.0,True
XVKPHYtIWl4,0.4473332302072824,0.0,True
7QiAWSDbYsc,0.4177153162910628,0.0,True
YHqw_aNfGqg,0.6221868244763249,0.0,True
ONK7FF8geI8,0.4362858385412493,1.0,True
DrCBbE9wsTs,0.5412144918464592,0.0,True
9rUCBH68rqI,0.5558157980376432,0.0,True
MRXR8-oMiXI,0.5645882815833987,1.0,True
bBRDaHqmU-k,0.5192473875563793,0.0,True
PLfpa_rkmfE,0.43098398197027404,0.0,True
7IH7l7CMWbg,0.6384043999505624,1.0,True
h0kw79Hwabc,0.6250439761437446,0.0,True
zBtA1eBJNJw,0.5873080670390333,0.0,True
b3_KifbKES4,0.6786760378638259,1.0,True
XSoBgDLvevE,0.4073341365285244,0.0,True
rs03lh9O_Gw,0.6480124314479947,0.0,True
9TiAx1C5CdI,0.45531133514729244,1.0,True
gXj4Qij09rI,0.5571072908037743,1.0,True
EWX-H2XWlBM,0.5617810778546105,0.0,True
9GqEIHgciiU,0.5266118864566826,0.0,True
Iw56eQgaXQo,0.41913283859143735,0.0,True
KpAlcUAIflw,0.5591870015575846,1.0,True
fu4dnJQ1MJc,0.588328233844524,0.0,True
9NzHvl2v_Jg,0.5961541869774578,0.0,True
dhhPG9B4cRE,0.579951740261127,0.0,True
pZXc1q6z9jM,0.46910500197905414,1.0,True
LhaKdZ42Q-k,0.43789210968732617,1.0,True
lFLrW4_hD3c,0.3817974264792841,1.0,True
II8jzNcmfAc,0.424068188639935,0.0,True
BOmeQk2zT3w,0.4819979687039986,1.0,True
dhuX-uNsjxo,0.47867722084979014,1.0,True
k5yzOShR-lo,0.3962867448624914,0.0,True
DLYZcuIZnpg,0.6504385806091564,0.0,True
Q8ueSQuyb0A,0.40055231797201296,1.0,True
uTt8vKNkeQU,0.3852735733937068,nan,False
nack4fcldcI,0.4284442656810475,nan,False
dhslj33pw04,0.479880937928128,nan,False
RfkpzR_Tf1E,0.5091849615743033,nan,False
TAkxdWw6eRw,0.4619720615438022,nan,False
hq0NW2Gp4qc,0.450670475907567,nan,False
nHK5aHy9NY0,0.4073341365285244,nan,False
j4sh5gEwuM8,0.47900198997581267,nan,False
a09GcKaTtBY,0.45959241620004737,nan,False
dHy8mM_jEkw,0.566495135688684,nan,False
WtgRvFK9ltY,0.46616569704805,0.0,True
6jSFwhHvZNc,0.42734518565672125,1.0,True
HIZqf3ykfEE,0.4348107243866675,1.0,True
NlBOf39T_q4,0.41235102003492596,1.0,True
8OOskuqF8ZQ,0.43111356601373013,0.0,True
xjTDbV3A6_8,0.5873942989404614,0.0,True
nYeKLaSdaAk,0.4546261617987367,0.0,True
Z_W5FMzK-ic,0.5623948255886894,1.0,True
cQTKRfXAcmY,0.5242067850590243,1.0,True
DYmXsA9RwPo,0.4755831228420268,1.0,True
fW0FpjWZzH0,0.41913283859143735,1.0,True
1A_wSBqB7tU,0.38182714974380205,0.0,True
QpYHny8yWIA,0.4682468992995309,0.0,True
SuHOY85mFSA,0.4998094647788517,nan,False
dIL8yrxW18k,0.51260554648546,nan,False
K_q0w4rPubU,0.6030913299890555,nan,False
Z1dL8Snng-4,0.45542757569202247,nan,False
xjG3kI2WTEA,0.4998095872747297,nan,False
VoWKbFWW0DA,0.5359015123238937,nan,False
55I9fOTgqQY,0.47446052135094713,nan,False
wB2PrTZje-M,0.554872236785353,nan,False
FDnBHzGqvgI,0.4706921409939383,nan,False
_l3Dx7e9MBk,0.5091849615743033,nan,False
ABlG3_Uy35A,0.6198594781021038,1.0,True
fwsZbkvFI9E,0.33949514116497037,0.0,True
aHpyNZzYfo0,0.3904876206140945,0.0,True
22nZqAGvm9Y,0.4095585378525488,0.0,True
T-TocLHThKI,0.34722049671994054,0.0,True
EQDqVHc5i2k,0.4624796714327764,0.0,True
HcTYTkYCfpE,0.4151818533055856,0.0,True
uqiTmkpPZD0,0.6474512113096005,1.0,True
TY6bU0LQgXc,0.40347025490239313,0.0,True
dTUQAQMI_Ag,0.39531912897501464,0.0,True
M41AH7NtcaQ,0.3048338220918866,0.0,True
vJKk0-1upH0,0.35366349816294196,0.0,True
CHkPC0IbRw8,0.2551072891072891,0.0,True
tSUMpBA8IoE,0.31228403854210307,0.0,True
MdKRlqBCX8I,0.3150756136094637,0.0,True
1XRyjOdPgMs,0.42444087943812703,0.0,True
fQIzCA3hIzc,0.6000497424236048,1.0,True
c-W0ZGRyFCg,0.27882569258626516,0.0,True
GituMkw10k0,0.39663774613719,0.0,True
0gws9-z89iU,0.32447827825249853,0.0,True
wlFdptzyUMw,0.6630347576160384,1.0,True
fQoC6DliGLY,0.233030303030303,0.0,True
hdMu3UzdiDA,0.30811680715121337,0.0,True
xCLn7fHjZHM,0.41973909132976744,0.0,True
L_f1v16PruM,0.5841274928239762,1.0,True
xKP6uFh2Fy0,0.7124028955880737,1.0,True
nr8BkzE5sSg,0.39649220540341396,0.0,True
2zqeuRJL1rM,0.3839991429103514,0.0,True
7AXTdt_z_08,0.3309832473792429,0.0,True
6rdU9iphd7E,0.6871298754611562,1.0,True
vqXEkgOBb-k,0.3725443102500859,0.0,True
Lwf0-2Dxu7o,0.34998533724340175,0.0,True
9RabpK_FKbs,0.308328814708125,0.0,True
woBr6PTvmqA,0.33208313273627676,0.0,True
_ag67S3ra6A,0.6630238384437354,1.0,True
-tK4DOvtNF4,0.34581575305713236,0.0,True
E4YpWyuvkLE,0.46389719373315097,0.0,True
rGY3bp_9f5g,0.6755064493366468,1.0,True
_E09zWB27HE,0.6206446926730219,1.0,True
BbTlSbmMuN8,0.348117074786904,0.0,True
uAJP9jOQykk,0.4081411380480522,0.0,True
3laiMtmivA8,0.6182185435118603,1.0,True
aNIHzeTPvps,0.4028577037043961,0.0,True
8-INOHKrNQ8,0.39649220540341396,0.0,True
NpE-IG9r-BI,0.432504153522468,0.0,True
cxL6YkcinFs,0.6418527220232977,1.0,True
s7NduHVZc5c,0.7009145520378239,1.0,True
J0vxLv_Nz4M,0.24123809523809525,0.0,True
RcifQWXCAjM,0.30105139791541874,0.0,True
S9ojbCi46rg,0.3063299692051513,0.0,True
pSiFa6Y8pOg,0.29849927346701544,0.0,True
rjKKaO4iaok,0.46757487312432033,0.0,True
TjcQ-i6YJ1M,0.3771326304266413,0.0,True
PKzTF21qID8,0.4141260531583112,0.0,True
RYlVHp3tZPs,0.6726770947831543,1.0,True
aqHpPMreTnc,0.431131469926037,0.0,True
ISzCH8jD7ak,0.6857124756566597,1.0,True
r-XCW_IMjC8,0.595391377972023,1.0,True
VN7RQyS5za4,0.6568086393892846,1.0,True
i6rZKzJwfV0,0.6602054030625459,1.0,True
s0P1fmbtzIA,0.6541493859328649,1.0,True
ncgyy3q6oOo,0.9269151379873556,1.0,True
EHGA5W1Q05A,0.81064084724799,1.0,True
SUS0asnRS-I,0.8498183093407151,1.0,True
B6MB0Pkle_w,0.6851653738522917,1.0,True
USfl1Q7zarI,0.6871298754611562,1.0,True
8Y7eWGDCylo,0.6568244192975458,1.0,True
tw3G-IJgaSA,0.6532679351626488,1.0,True
DKc3hmsVzJo,0.6875296499445254,1.0,True
QQcLS5I-OmQ,0.8655555555994985,1.0,True
lgMbfNUhc1k,0.7193459793150657,1.0,True
UUkZxroHpzo,0.9014242202491353,1.0,True
yujPJ7Ppx5U,0.7173951242903966,1.0,True
fZCfBKzgaDM,0.7996172624083329,1.0,True
-hmQfIorhBM,0.7222334524040281,1.0,True
uy4dI9elZD4,0.8086777865229824,1.0,True
3uVeolYAzdc,0.822501978874492,1.0,True
i7jtDEEaOE8,0.6214553128020922,1.0,True
zetAdj-5ZAY,0.7116367319598311,1.0,True
_SsCG97mfD0,0.6590995724308533,1.0,True
ioz0DO6oV-E,0.7113310375608218,1.0,True
aFlVJknPBU4,0.7113508968630003,1.0,True
diXpPE1LXbs,0.6386037648335491,1.0,True
iWIjm--Ho-4,0.7232643198887302,1.0,True
Nv8iFKBLIT8,0.8541743970315399,1.0,True
lWLrw_h1_uQ,0.9111111111111111,1.0,True
KQzXpES3tpU,0.8226910520137392,1.0,True
PHn_JLCYQ60,0.6808428674500102,1.0,True
RPDkz8Td_9U,0.940989343602987,1.0,True
sC7TnxP7zWg,0.7656663750001812,1.0,True
cp02m8IFyIQ,0.8340227180249279,1.0,True
3K-LCKj91QI,0.8220904889601297,1.0,True
Gf2_x5Z25Ls,0.81064084724799,1.0,True
yzgGzmKUBE4,0.8001365011749668,1.0,True
NzcvdMuvfEs,0.8559478285544108,1.0,True
QXJYIYGlR-E,0.8263371719783379,1.0,True
yit0K-4BKZo,0.9061261734284451,1.0,True
ArTm2OJDxV8,0.9111111111111111,1.0,True
F7b-yDNUOa0,0.8425126668478782,1.0,True
HVZ-qjRplN4,0.8811112994870018,1.0,True
ZFnJXk0bHIE,0.8960829666438874,1.0,True
AKE_v8Il8fg,0.8745295698924732,1.0,True
mmwx5ojDUEs,0.8766293614219881,1.0,True
GS0upSBjnkY,0.9196969696969697,1.0,True
DFia_xqli3k,0.8756628709397576,1.0,True
vhyF0KxhF6c,0.9277651672676932,1.0,True
IJP7zjRTNFA,0.888367647722119,1.0,True
2-FHWwiIDuQ,0.7041153702571505,1.0,True
Ayk-Jq29ykk,0.9419354838709678,1.0,True
VJ32fT89sJI,0.9145560152172374,1.0,True
sYljYcZFy8U,0.7621461265025283,1.0,True
7opLEEi7StU,0.8125702729133083,1.0,True
QkeudJMISm0,0.43525297188424616,0.0,True
JAxBkZLQTdk,0.4742186080143191,0.0,True
DlshWrkxY88,0.86000969174988,1.0,True
-goJ3CiBHx8,0.6437292480016138,1.0,True
oF46Q_BJBQ0,0.2866734376920747,0.0,True
06F1xEo8P5g,0.46927215047492965,0.0,True
n6mtX9fkclg,0.3756750620718971,0.0,True
AxhTeYwfsPM,0.7312036036862835,1.0,True
6tfffxKlcew,0.6483553100794479,1.0,True
foEc7n8nG4w,0.6613367002013444,1.0,True
a-DkQ0e4kVo,0.7741800308308558,1.0,True
UxX5w5jA6jI,0.7608117464972304,1.0,True
-flDZXG6MqU,0.6141053587958408,1.0,True
T-cR8UmZY9U,0.6065964188177501,1.0,True
yTQONUkv2rs,0.353694096975275,0.0,True
OxslknIBidk,0.5954913989730453,1.0,True
BVriw07z8y4,0.6307447030581359,1.0,True
2xNFiqxQ6Ls,0.3943245303189859,0.0,True
avlKqm57a-o,0.6510257179411537,1.0,True
9DoQ-YZ0Qok,0.4104174981638719,0.0,True
0GBaw7KFWRc,0.3467107532644733,0.0,True
fPzDaat_TYA,0.8465519545427231,1.0,True
kY8uDYsG4qg,0.6582250858460535,1.0,True
QGodS7m8X6s,0.7039674413770631,1.0,True
_Tr05iT2IWI,0.7426235236894424,1.0,True
nxodU8D6dbo,0.6344636844636844,1.0,True
AlBV4IR4Xec,0.6803298306219709,1.0,True
IrD3B0NfW-4,0.719931655943395,1.0,True
6V7WbsZ9bz4,0.6976663474338961,1.0,True
yKvAS0p-qbQ,0.6817289272030651,1.0,True
zGlDkrNxDU8,0.6365227755603463,1.0,True
OVjM4ICYzng,0.6049539859270405,1.0,True
mMch1jF6JB8,0.7546226109231522,1.0,True
BeSYst83oLE,0.3804547768218402,0.0,True
ZcnpXgLKkvA,0.3988487147985829,0.0,True
K4a4uAnhKZE,0.4102778403648781,0.0,True
KsV1hqG__2g,0.6522591858059839,1.0,True
4SpalEoD1qw,0.6555667857373615,1.0,True
7CF3I7Os2x0,0.43687086419928123,0.0,True
27U7oEesKn8,0.6900934910185788,1.0,True
fClVUczKaWQ,0.8981854838709677,1.0,True
Gxtp21pgou0,0.6579379897606498,1.0,True
rpuYmoJ2_J8,0.38574420043504637,0.0,True
I7QP-Wr4Lvk,0.36875930652236544,0.0,True
IOvFxWhNzBo,0.27520655208725814,0.0,True
mrMzbAC-dTg,0.37315642169027174,0.0,True
SUzWqEdj1jY,0.36875930652236544,0.0,True
m5FoAwWAaU8,0.4076325349609521,0.0,True
FvZ2qvSqW6Y,0.20991625615763546,0.0,True
kfZpQceOVEw,0.58700272189515,1.0,True
2jHyaF3OgmE,0.39161038118632435,0.0,True
NRoFpZDkMjs,0.6605343475953483,1.0,True
vzqwWuKYdNo,0.6481940509452718,1.0,True
GTR0SotluB4,0.6670526117393164,1.0,True
jA0ue_HzSYM,0.645025088336089,1.0,True
ejSk7gBp3pE,0.6660438623826515,1.0,True
QzNV9JI9rNs,0.7187665835070127,1.0,True
sbOPM2hRNDo,0.6252784802476861,1.0,True
IulROoZNdGo,0.6455309680908854,1.0,True
sJYCkiR-2O4,0.617673664447858,1.0,True
JYycNbaH9wg,0.596832504145937,1.0,True
MvwZIWd2Fvo,0.5741428291596484,1.0,True
XUKWT9VoIEs,0.5239820540655129,1.0,True
mqmGtvhlYZ4,0.5741428291596484,1.0,True
njZ3TZG1yMA,0.6232924539168875,1.0,True
M4ZlFnTIWmY,0.6416451349561356,1.0,True
CW1bBialO1U,0.41497473618805386,0.0,True
kEYHrph9W54,0.4177153162910628,0.0,True
XsExZIQGnNI,0.433882763718721,0.0,True
X2HJcJKSTGU,0.5792338419090309,1.0,True
SPKUmGn7J4E,0.6357428285999714,1.0,True
gvmZHk3ECvA,0.615351207931853,0.0,True
ZrLMdq8bTjk,0.5345218277732384,0.0,True
IBkbqxYphF4,0.4073341365285244,0.0,True
cnd6-SIfoS8,0.4054450393981444,0.0,True
hdXURtKVqJY,0.5638645849901369,0.0,True
XnGWgTn3zQc,0.3753367271382801,0.0,True
hQtgeIzWnJM,0.48784927164313013,1.0,True
iq3_LJ5pK1g,0.506883368199295,0.0,True
xp_CaOy5Vf0,0.4177153162910628,nan,False
KCfjvk0jWSs,0.3964033076166253,nan,False
tNI6gVxANAM,0.3923399709067291,nan,False
T5-fjqhXnxw,0.397704267162866,nan,False
rGd9zrOHJjY,0.3878479764731044,nan,False
RL3HUeUHNzs,0.35172785026170034,nan,False
e3_VcKGOBuo,0.38358240336358285,nan,False
g_mJa2sTN7c,0.3909224486063545,nan,False
Kw7U-HoeTBE,0.46250729874964114,nan,False
0uWn5yafV2A,0.48597517594456285,nan,False
UUWErXLk10A,0.5494816300924599,1.0,True
_Nf2NZxfE0M,0.5357693993672717,1.0,True
qL2lT5AWKko,0.5284672328208405,1.0,True
qCOJt31ZXBs,0.6308272907213687,1.0,True
fnFRoed14NU,0.5504262522746959,1.0,True
l9tBW8n3mWc,0.4047222284172956,0.0,True
CL7A36x0zL4,0.16441537317594573,0.0,True
FePvoumFTl0,0.5358467067822752,1.0,True
shu8-g0BtT4,0.6233066669662888,1.0,True
MFjh0rp_dbM,0.5431939939775917,1.0,True
Iv7ZCJgUWOI,0.5723307434374136,1.0,True
fKMh76rXjTM,0.38642744756857683,0.0,True
Fr6Lqhq7Rh0,0.40547073788948856,0.0,True
Vr77m-qvamo,0.6396241400779978,1.0,True
peQxFnAVMSQ,0.6417626040315116,1.0,True
jTuJXnJyH4U,0.42716081641417886,0.0,True
zaG1CxWj_Bs,0.6605343475953483,1.0,True
cg8DmyVrzMo,0.7373988709228765,1.0,True
9p8v1Z3h4Ks,0.5751515785163133,1.0,True
lrZ78SXAlXo,0.7550209841674225,1.0,True
okSMiMZgGFM,0.7412935279006707,1.0,True
WmgxUWN9Pxo,0.6178915056587964,1.0,True
0nc231BWQSg,0.4049376370345099,0.0,True
WqHtuNt4xWM,0.3603985783152307,0.0,True
ceFzcCVrFqQ,0.35172785026170034,0.0,True
GMs6lnPmifc,0.48225896883025793,1.0,True
lY-OxLq_Juc,0.441051222500083,0.0,True
VqMzyt2tkrI,0.41522683702839,0.0,True
ib3kdpJYhs8,0.44336623948084053,0.0,True
XoBUI1g9ykw,0.21655823031880286,0.0,True
q92RwXXioeU,0.5144129002651395,0.0,True
T28n_akgJe8,0.581447938824988,nan,False
Zf89TT4aS-w,0.43293261840237846,nan,False
2Yv7BBeQRSA,0.6088566921220894,nan,False
hytNB8Y4mF4,0.5309233135428908,nan,False
si8TKULKmLE,0.4229268368709536,nan,False
clXTQiEt5WQ,0.5619528318469098,nan,False
tU6FGaOAHIo,0.5350463533407439,nan,False
buJDxRzrwoU,0.4473332302072824,nan,False
efTIwy6Myuk,0.5967097456752629,nan,False
6-kE0pDjxz4,0.5706568260625734,nan,False
jgt6JRiaYbk,0.349996146771649,0.0,True
mAHOezovjes,0.20927784891165171,0.0,True
TeKK1QbS9hA,0.3091510599588202,0.0,True
lp-aYadrpQ0,0.32070919192953523,0.0,True
TIz4rQdVGcY,0.3307701957646514,0.0,True
AQkwoXZ8Y8k,0.3883729859107212,0.0,True
2a817fgzPqE,0.42581709247064214,0.0,True
96joDv__KYk,0.3817974264792841,0.0,True
TtsCiVkozl0,0.4239087605400349,0.0,True
dCqea-ecvn8,0.40078179442000883,0.0,True
F2yQ17Q22s0,0.6425459752518639,1.0,True
Tz4eEhUK20c,0.5899426837359212,1.0,True
WB_VNoMBrhM,0.566253069734716,1.0,True
ZtqeyPdH2UE,0.6828628692695211,1.0,True
9ElVtpPbk54,0.32185432320157176,0.0,True
dLhIlp_ahGQ,0.6233066669662888,1.0,True
QsohPmDKusw,0.6633532909742587,1.0,True
b4gM-03VDZg,0.32114012907756473,0.0,True
K6vM_j7V2L8,0.5965001483297102,1.0,True
0ArT-wrtYRY,0.5808377128405195,1.0,True
HV3AY2iZf2I,0.8465587336510353,1.0,True
DMzO1Fef4UU,0.3887349768609475,0.0,True
v2YHP-3beJQ,0.30885264982253996,0.0,True
UU9TNYAsdeM,0.7737699576409254,1.0,True
nEiTsL6TA-Q,0.6674073917066667,1.0,True
S-O1Ny2EFpc,0.276383298569701,0.0,True
62VNK5Frkds,0.6665349772004129,1.0,True
wxeKFqe7P5k,0.2653102644481955,0.0,True
zYns8wty_dQ,0.389157320681129,0.0,True
-KWRrfM0qdk,0.32955946835897304,0.0,True
u0sFJ9sloCE,0.6753340183965515,1.0,True
47H01638-9w,0.6337420420081711,1.0,True
JPFjoVR1E-c,0.6056742774561166,1.0,True
1vJMzr__98o,0.6448044403995461,1.0,True
M1jG3hxJOUU,0.8067740984278892,1.0,True
ShALRAmCSu0,0.6123525008558335,1.0,True
cdFephxctSs,0.6203146667292867,1.0,True
pPHnQ-LSwoM,0.8989696462758487,1.0,True
14Bxe2qz5W0,0.8431150171827297,1.0,True
R33Kdnmj_xQ,0.8667946585390691,1.0,True
gQ0Ho4vu0HA,0.6497343516698355,1.0,True
oRdnvdTZ2G0,0.4472981052151373,0.0,True
13-dpxqtFKQ,0.4784304450105827,0.0,True
K2rrphunxlo,0.30130914330883407,0.0,True
_SCAu0Cln5g,0.32002165830283635,0.0,True
w3pKjdjXdXY,0.2581576809283996,0.0,True
bmPj_wEEb48,0.44982608100773247,0.0,True
qDZik-DcQJA,0.8242772108843537,1.0,True
WX6joyHZj3o,0.36145259889307724,0.0,True
S5M_fhq_FYc,0.34010201278641805,0.0,True
yNJf9NuiV64,0.6254671527946757,1.0,True
HwhD_heG86o,0.43525297188424616,0.0,True
Aq5Jd8_opqM,0.37695180983026527,0.0,True
KfdrxVvGNw4,0.29408736417440196,0.0,True
Nll8-R8Bj58,0.3823755021246175,0.0,True
DPUlzKHZ20M,0.6679885051680852,1.0,True
5O1ScOpGaXY,0.5709132211370391,1.0,True
QRGGpWwCQzk,0.6479672990943484,1.0,True
H6T4Ab5EtYo,0.7300199576409254,1.0,True
oZm1SUkiD34,0.6675553613053613,1.0,True
jAhm8nGbp7s,0.34010201278641805,0.0,True
QV-YikrP9gc,0.4425624877680369,0.0,True
rheB713X43U,0.36145259889307724,0.0,True
PHDuEV4yq5c,0.5306071215540592,1.0,True
eLRC8Gvs1N8,0.6379490027516342,1.0,True
U8Pa6mSsSDM,0.5950826260293356,1.0,True
2vWZmZS1cDA,0.204989898989899,0.0,True
rHPUcZXKJhQ,0.30196759476370383,0.0,True
7kaSuiRdsYM,0.19408557034363486,0.0,True
WCpNexQs-R4,0.3803799041789095,0.0,True
N-tSh57lrXw,0.387161722735421,0.0,True
RNk-S2gF7pg,0.6554107317413769,1.0,True
izRuAQenQOM,0.6757786263161368,1.0,True
LVdSosKFbJk,0.6827799933492401,1.0,True
RfQJ5yNeFY0,0.6049539859270405,1.0,True
yKre-x6CQK0,0.6080929134648019,1.0,True
tvfxAJ6di8Y,0.7137699576409254,1.0,True
rmlB3mpe46Q,0.6549231858241868,1.0,True
tA16tNlFWCw,0.7016385541432848,1.0,True
a0B1IPaBNHE,0.7130931760812915,1.0,True
dKuAt-w2QU0,0.5480872870617101,1.0,True
65jjQJRPe80,0.6465232217145196,1.0,True
Id8VZpLDC_k,0.6705938242534459,1.0,True
Otk2Jbfs7nA,0.3621715531414432,0.0,True
-PVLHNUu0vg,0.6348040465281845,1.0,True
cEGiB473mdA,0.5576357791709521,1.0,True
4JrUS_mKHOA,0.3544697857455713,0.0,True
WnG6JKnorGU,0.397704267162866,0.0,True
MqmjaguI9-o,0.6058353142013786,1.0,True
Rllp_QSrNwE,0.6455451811402868,1.0,True
xiOnqqrWq3w,0.6677663720291169,1.0,True
UeCfHJEh_7A,0.4497755626760361,0.0,True
wi9fz5VP4pI,0.29569717257787864,0.0,True
-6SXjoHOKso,0.586265117835611,1.0,True
UkAZNfqGx_8,0.7355004944417922,1.0,True
zTObRVHp_1A,0.661054440399546,1.0,True
WQZ_SwwQn_I,0.6640993969798317,1.0,True
CO7c3MBf-ns,0.6633532909742587,1.0,True
YRVQg7C4ybI,0.397704267162866,0.0,True
AqPrCAWzAoo,0.39782050770759597,0.0,True
IXV43Qsd7CA,0.35887863552165056,0.0,True
Na9KxXlei-s,0.7452039407979612,1.0,True
2PW7N3wp9HQ,0.8798851661457995,1.0,True
Z1g5q1KRpfE,0.7460115708274895,1.0,True
Feap2zbEz_k,0.764330808080808,1.0,True
DiszNQn_NSo,0.6744976999799818,1.0,True
Pigg0VlLNoU,0.49024623118479943,0.0,True
WTETnc0l45Y,0.643234321408987,1.0,True
vgSSHRncQM0,0.4850827036221005,0.0,True
acZpClySY8M,0.8839047710713718,1.0,True
BdTrPwV-iLA,0.8984526310127213,1.0,True
O_41nVUK3Dk,0.6633532909742587,1.0,True
STUAIWx_m7Q,0.7327390282131662,1.0,True
eIF0_SqmUV8,0.621889144665914,1.0,True
76QYazyRm8Q,0.31926806132264474,0.0,True
OjoTOWmtdRw,0.5481663779154929,1.0,True
j0BtOLoSJvs,0.24408557034363482,0.0,True
5uxAMbibaoY,0.2445401157981803,0.0,True
ev66C8Q4YzY,0.20724445729708885,0.0,True
gBB_1OsajWw,0.688401934087418,1.0,True
yMqUvt2mZm0,0.3461014852463422,0.0,True
xU9dgkzM6oQ,0.35084358159250295,0.0,True
kcbaoKfolUg,0.2413707212327902,0.0,True
3_61Zg58Ud4,0.2027148778411577,0.0,True
-jVocXYMTN4,0.2675797427060226,0.0,True
lpGYfqi1JxI,0.6441276588399122,1.0,True
vl1Rl-sG_-g,0.8473087987403047,1.0,True
-HlR5At8taU,0.7657578249729156,1.0,True
OIV3PJZ6BXg,0.37117770757454266,0.0,True
xH8DsdVWDtE,0.5857377730512059,1.0,True
p_vnceO4A_s,0.2385789852406594,0.0,True
197DFezRkUg,0.7748496839508711,1.0,True
8MiXc9z0yeE,0.7587811716821227,1.0,True
1rrXrtW7UcM,0.714182372644626,1.0,True
Q27dUOOA6Tg,0.6748334814055704,1.0,True
JcxW3IfkBNk,0.7581327829487016,1.0,True
aH9HzsTO7UA,0.4237702458880429,0.0,True
VwvvgakOEoE,0.7869626700686879,1.0,True
2rWejGnySVY,0.7019750858460536,1.0,True
NzxM0c3RND4,0.6771974627540551,1.0,True
SmV2MxsWMeU,0.7033869180991715,1.0,True
-R1WXN9C51s,0.6373984039251734,1.0,True
FyDLYF74l-0,0.8422584733575189,1.0,True
nejEVlwc9cs,0.705167807103291,1.0,True
8O7sMG8pOjc,0.6936685241732696,1.0,True
ohLQJC19DV4,0.3133219824599135,0.0,True
vGVOTjdwWX0,0.26592756078962976,0.0,True
-SMwhGW1Yks,0.27666132778760766,0.0,True
puB_42ZCgaw,0.2877992926613616,0.0,True
HWSK1w9WELU,0.6535457908592237,1.0,True
mroSTS0yZzU,0.4102422011612517,0.0,True
RTc72tKuEh0,0.4197187947952866,0.0,True
wPDtZVrWDuw,0.6662196679438059,1.0,True
5Kk8ssWDiBc,0.628604813390715,1.0,True
T1kRqUEm2d4,0.3515869796725187,0.0,True
r-Mh1VR2xi4,0.7549746413515114,1.0,True
8UkFDVimbQo,0.7628246476172743,1.0,True
5rm71M4QXEs,0.40283702956560574,0.0,True
J261bP0Iw-w,0.3597256460734851,0.0,True
es1kS6H5lRo,0.6491077418977985,1.0,True
3ariplq29ZU,0.7434632172213611,1.0,True
kwG6zR-Gvso,0.8755116353274269,1.0,True
FSlOdXN7leo,0.8968090759395094,1.0,True
zd2PiAy-T08,0.7634969177870021,1.0,True
J8Obh-NyDV4,0.7733377255600571,1.0,True
U_TVhyuaSjs,0.6527650327446949,1.0,True
mHWIYvZV9t4,0.45234219217814375,0.0,True
mInr_sDhX5E,0.6432174205874631,1.0,True
XNejTlN9Lc4,0.6527650327446949,1.0,True
2jI6fHacUNI,0.8508843537414966,1.0,True
4Yvj8RZOSXg,0.3604734509581614,0.0,True
ODsFBTIdA08,0.6152046623260964,1.0,True
TfFetORTYWU,0.7674329057641864,1.0,True
g215XG_RnPU,0.309713064599917,0.0,True
JsXu2rJZYBQ,0.6778052999113594,1.0,True
EOL-Y48XYgo,0.7127249119895792,1.0,True
57jOhz1ZqvA,0.6419232362078537,1.0,True
i2_PfFDhjWI,0.3895841785520705,0.0,True
znB_LwT9W44,0.3030184833855468,0.0,True
gApF05Kk1FE,0.3665555652165512,0.0,True
mUNS4Fm0SAk,0.4078988597795658,0.0,True
WU7ndZuq9Fs,0.4204883617808325,0.0,True
ps5L930FaRE,0.36232233884082654,0.0,True
jHiQ4qnrmX0,0.5615906423012148,1.0,True
mL3ODKe3tC8,0.39635290262868816,0.0,True
3znerIFcpPY,0.6885512161942607,1.0,True
lCkKhRKDu8M,0.6776120079695763,1.0,True
tBPMI4x9w3Q,0.4407995420886337,0.0,True
dIMa925yLfY,0.6030789415007429,1.0,True
f8_iA_WMHbQ,0.6363046122235188,1.0,True
o937H4LiJIk,0.5516728133259573,1.0,True
QWrrzbKfrtA,0.7063431160297744,1.0,True
foXPyQSxGec,0.6885512161942607,1.0,True
aHx9uJ_bpFQ,0.46780129234292456,0.0,True
jNOy11yq0gU,0.6340057616488061,1.0,True
Ax0kEUyZtAw,0.4905531749348464,0.0,True
sqdwl8nfUXA,0.5806970688885582,1.0,True
7JcJo_gAUAM,0.6527650327446949,1.0,True
odhFoSUKFTw,0.4236059946846561,0.0,True
ysvweH-dQ70,0.5940275313409642,1.0,True
xNbt9ecfa-A,0.39760818540875376,0.0,True
Z0DuctiAHZA,0.7324415769387465,1.0,True
bY1inb1Syyo,0.6388115892195356,1.0,True
xMF43jYohww,0.5892451843694154,1.0,True
jJR3prfXEFs,0.2831181540302786,0.0,True
v1kUoSGACPc,0.6234099229922634,0.0,True
yPltXq5247Q,0.668851451175444,1.0,True
ZgJl_QNoKwI,0.5552808872331847,0.0,True
-rGyxqZQ-IQ,0.47867722084979014,0.0,True
GpDVcNSW6MM,0.5362308168551738,0.0,True
5yj1UO8BaLU,0.4362858385412493,0.0,True
GBB-ywokSCE,0.36859080756083845,0.0,True
rYCpyfFl3b0,0.42128176662537015,1.0,True
vPsN-CK1vTY,0.6377913206544605,1.0,True
3pyBdOYaxAc,0.406862561698519,0.0,True
OY0CCmc3BKQ,0.4362858385412493,0.0,True
P5PyO2ZpDt8,0.4148572671126779,1.0,True
QsyVwgudnZY,0.41913283859143735,nan,False
AxVkRZhPOEs,0.41913283859143735,nan,False
Bq_7KBXMXH4,0.4496840882639167,nan,False
CLrLLy_7RzA,0.45264203481460974,nan,False
hdP4VMygYW0,0.48254876807603786,nan,False
f8nV6acWTv4,0.6208682274587687,nan,False
oWn4P85LAe0,0.47144355957888406,nan,False
tVOhdteOP-Y,0.47388185739747896,nan,False
LMSK6UzRfP8,0.4259046587787109,nan,False
b_YH4OLC9OE,0.4163310663992708,nan,False
ycCL1Z6Y5AM,0.3662117050112097,0.0,True
m_ictO3SFio,0.24737575070687806,0.0,True
W7Phbxq9P6I,0.30901574777210733,0.0,True
AEVMBi8dwzM,0.19220743414291802,0.0,True
VTtp1hn46eE,0.26706560106560107,0.0,True
EsKaVHOd-Ws,0.28185799741612283,0.0,True
lXYKvBUrgBc,0.28779307967153517,0.0,True
TKnjhSmr520,0.6061926837359212,1.0,True
GoPxdsf6CKk,0.28217072956447453,0.0,True
4p9jq8mMRZ8,0.1973799283154122,0.0,True
DZ6AmM8Zh1Y,0.2304404751157482,0.0,True
Uo1dsKkR-xU,0.27758928488329576,0.0,True
CI7v8xBGGI0,0.638815926225548,1.0,True
cueIWWDWj_c,0.582378284530427,1.0,True
p4UTDWkx95A,0.5723307434374136,1.0,True
IAcku1OOKtI,0.5499178195076937,1.0,True
Vi3meXQ1JQ4,0.3716922418120766,0.0,True
4opjbsbErJ4,0.32662066587843164,0.0,True
5mPAHaagnsw,0.2954780691007106,0.0,True
JegNJHhP6uk,0.581369535173762,1.0,True
HpMAlOrB6lU,0.6547348484848485,1.0,True
k2Xu4aX9p58,0.3642292186251377,0.0,True
J9rm5qLd2l0,0.6183190493716809,1.0,True
oBh3bDCq9cY,0.7298530835127053,1.0,True
Vw-_B48pDvE,0.7071032909742587,1.0,True
OHFQYc_qElk,0.5713219940807488,1.0,True
ZrizYxN_SPs,0.6259578492136633,1.0,True
qoOk2Owp3rY,0.6753340183965515,1.0,True
Po9JhU-frxo,0.3965858624320857,0.0,True
93sqTv29y_c,0.6231337893315445,1.0,True
UWgfu6fi1Is,0.3578447683305384,0.0,True
B1vx4bv13Fc,0.5856927030581647,1.0,True
aq-CJoyxZw8,0.28672211480765386,0.0,True
Uf_5Av2LpgM,0.5816839551266693,1.0,True
2RHbYechB_g,0.36227039468914535,0.0,True
MMlXxRUo5bo,0.540611061923989,1.0,True
86duSctUDEM,0.3475649448828235,0.0,True
WkDi6CDcQCo,0.40613975071767017,0.0,True
neijIc95Xmo,0.3548771950378811,0.0,True
-c29kNO3LEo,0.41913283859143735,0.0,True
R6AMf1k6KsM,0.4279910055141204,0.0,True
uBTumlK5EtA,0.4036267249003623,0.0,True
PoRXmK3gDsY,0.5061458538638626,nan,False
oi3wumJt5vk,0.42954872544080186,nan,False
N_XK_WU9z8s,0.4219440750596216,nan,False
qAuBwIsyAxM,0.42734518565672125,nan,False
WSpfMbZAAMY,0.614234995058266,nan,False
X2Y_MW2IYDM,0.451503140652565,nan,False
lizCenBNj_k,0.4341227918066977,nan,False
0e4OkYzzw2A,0.5014269784320755,nan,False
sru5CnZRtio,0.5615240082225363,nan,False
KOJl7d9jB3g,0.5188833155818436,nan,False
UKla35uMXUU,0.35913220599622686,0.0,True
I5OPA5rpDd4,0.5884030482971263,1.0,True
_s6uGZ7cUM4,0.3038603416744725,0.0,True
khQJ9pnNET8,0.34555137967346505,0.0,True
IfnbflTSwdU,0.3150612223026016,0.0,True
rnxINh6hB90,0.6229093657665086,1.0,True
sSuabR-6l0k,0.37515201963597977,0.0,True
xPfbuaF1p1g,0.5300521734294554,1.0,True
05RkX7OCYv4,0.546001114543314,1.0,True
RDtFxsd3h2Y,0.3473383995642952,0.0,True
GauniZDwCDU,0.429363191647286,0.0,True
khtUjmrYK-Q,0.4018084756074809,0.0,True
iTvcfZdGyOk,0.3633017901824962,0.0,True
jyssSpBWM_Q,0.37315642169027174,0.0,True
BfCIE0BtAKU,0.32176783117959584,0.0,True
motJUZ4gqPw,0.3978208299169999,0.0,True
mGee5DuoUZI,0.5873942989404614,1.0,True
oAvJa5Z7INI,0.26747203994163826,0.0,True
xmHHxZWugPw,0.3949281934620435,0.0,True
FOX4Jili4W4,0.3716778813449709,0.0,True
OMaELsDSO0g,0.622806894278605,1.0,True
Y0aqQElGcWs,0.5725941232707205,1.0,True
HnPuHfS9UGQ,0.6601311160153672,1.0,True
Su1pD7Gj0AA,0.3537779806586867,0.0,True
T1hSdN0yn-c,0.6361197744510552,1.0,True
N9W8ocYl0HQ,0.6392829631609656,1.0,True
yJE6yllXOsI,0.36227039468914535,0.0,True
Bz2OtE2OTJc,0.5284272199978175,1.0,True
rN47yqrZC20,0.2941627891627892,0.0,True
VmQY4zvCYok,0.22884337884337885,0.0,True
OxYp_fnkz0c,0.2299635097424014,0.0,True
ai-xxts7Y_w,0.5930187819842992,1.0,True
ACCFD7LSQvk,0.5958481365377917,1.0,True
BZF1giBbCQg,0.3549581445340877,0.0,True
nbN1L2MLyys,0.6144688261929641,1.0,True
Gii5VZE50y4,0.30838349983296653,0.0,True
lj2dRysE8oQ,0.3842171815350602,0.0,True
hnBz-DckHvw,0.4708432736379288,1.0,True
V-geRAD-A3I,0.29567915833405795,0.0,True
NPVz-DEhjW8,0.602589827009202,1.0,True
MR24PYGr0aw,0.6232924539168875,1.0,True
uAhkZc4lUpM,0.6417626040315116,1.0,True
up7keo9L3A4,0.32711354488969036,0.0,True
i2r_t72Zytk,0.4148572671126779,0.0,True
LR2eiQNOQSQ,0.5964253287018466,1.0,True
AdigqcBMoLk,0.6233104701884812,1.0,True
vq9VJQF1gZQ,0.38620526898389923,0.0,True
Dez8Ib5cnzs,0.7009145520378239,1.0,True
Npua-M8Nwso,0.6517534459573038,1.0,True
2ns6qxd6aeI,0.6234801327001483,1.0,True
euU-99oYc2c,0.36764225723058164,0.0,True
KIro6Rb1Mcs,0.5991230490245909,1.0,True
9KvX_DpMpRM,0.35172785026170034,0.0,True
lW2vioJzUxA,0.6571543942153949,1.0,True
Jqq8Jn4s4xA,0.41627478941305246,0.0,True
ccjU32AlTHk,0.35993184009037804,0.0,True
XFIEZXCVU64,0.3363876222839012,0.0,True
1aI0S4GGzko,0.33450674454095447,0.0,True
6Ykl6GiROCQ,0.7009145520378239,1.0,True
FivuKKAg0f8,0.5991230490245909,1.0,True
kx42CmpX7go,0.6786760378638259,1.0,True
R2BMNgw-_Bc,0.7093683896351543,1.0,True
u5SJAKc03nY,0.5993209834086098,1.0,True
yXS5E9SmmgY,0.3123458250007246,0.0,True
qOujaljzJVE,0.563807367172102,1.0,True
1yaSxqvszT8,0.5744748530717068,1.0,True
Ok1M5Afcn7k,0.3476796650855848,0.0,True
kE-J5jTBas0,0.620352813841924,1.0,True
uEBc-JgfsCo,0.39161038118632435,0.0,True
4BRFP3ktD9c,0.6448140975653185,1.0,True
yi2uUm_EQqg,0.3231856518405515,0.0,True
BsO-9KF8j_0,0.48147862189832635,0.0,True
g9qstiFvZmc,0.6571543942153949,1.0,True
PJFyUgtyneY,0.6638836491301336,1.0,True
UfjtNXMWXIg,0.5709579188318809,1.0,True
1HPu1Miq_VM,0.3160427946976943,0.0,True
Tipo3EreFio,0.6631667786045666,1.0,True
jYxxkzi3yKs,0.6793929083893929,1.0,True
dOKkqpbl0cc,0.6222837045602225,1.0,True
nwcC3FGnYTE,0.6112247030473632,1.0,True
94j8lVM6Gaw,0.5991230490245909,1.0,True
JRouthC8KHQ,0.3757373653133085,0.0,True
AROyUaHl_ro,0.36578160829004946,0.0,True
g2iIaXjRS5s,0.3549581445340877,0.0,True
BBnqBy9faWE,0.19138572493542066,0.0,True
1_iYiYUXqno,0.6416451349561356,1.0,True
tIl-KbcY3IA,0.5795437774177394,1.0,True
pp5dAp9cPeQ,0.4057322449856075,0.0,True
XT0jWNRtDbw,0.4057322449856075,0.0,True
GJdjht1Aw8k,0.22519965470464914,0.0,True
oNZezFmWl94,0.3534886821435817,0.0,True
1_wjS4e79aw,0.5728943405993536,1.0,True
ngxmfBeKtzk,0.4057322449856075,0.0,True
PhiJKRytiF0,0.6168827563021314,1.0,True
Vb9k9Wo0X98,0.5329873513948945,1.0,True
iAGYFw81fq4,0.5690739048136156,1.0,True
MR2BSrQdVRg,0.37303985893613784,0.0,True
atVtQ2u4v1w,0.6670526117393164,1.0,True
7ehq5gYdoX4,0.617094870405871,1.0,True
xUNBEkPdntw,0.5881399632994246,1.0,True
Pvtt5OAJU4c,0.6026399944141879,1.0,True
jdDcd00cp6I,0.5539783572337706,1.0,True
vUH4Lb2kdak,0.3877397983807544,0.0,True
ROv13TYjVgE,0.37303985893613784,0.0,True
WWhrDzQwR_M,0.328994422632637,0.0,True
5XnArB9u_-8,0.4148572671126779,0.0,True
zddPf3aoVCg,0.603713182310036,1.0,True
01KEQEoBdQk,0.6169329237071173,1.0,True
OTk806P2I8Y,0.606547294314585,1.0,True
i6vuko4hKUQ,0.3549581445340877,0.0,True
5afkoGq5NP8,0.23545670862904586,0.0,True
mfXnbMXS6fc,0.24378473018156527,0.0,True
zpR9kEQscqo,0.29675992192582956,0.0,True
MyHgN2BrxiU,0.5860924754907229,1.0,True
IRCx6b8bq_0,0.6232924539168875,1.0,True
Yog4ksoSoVc,0.5665854255509428,1.0,True
sGoEXIkaw9M,0.38574420043504637,0.0,True
jMpKPMuN9F8,0.6401300198327944,1.0,True
IO6itHTL8Es,0.3761892037123186,0.0,True
Eshdr02lvrc,0.40631032063094086,0.0,True
iVAlQ0l5M00,0.3848910023149744,0.0,True
re-Lpr_RXt4,0.48265465366665444,0.0,True
gVkLTUHaZuU,0.5141882348394826,0.0,True
_OeiBSVmWcQ,0.5093998221178309,0.0,True
Ky2YATczdoc,0.5560815273637327,0.0,True
h_BXh11tNvs,0.4731966840489233,0.0,True
IYFBTWA_G2A,0.5046218559156604,0.0,True
ZUtv3cyeswg,0.4658161861494001,0.0,True
VKd659SgaKM,0.4344493684024734,0.0,True
wnZT3_sRd8E,0.4377033608416239,0.0,True
Rxlla3QguP0,0.47388185739747896,0.0,True
kRzMLscF8J4,0.4859217496220179,0.0,True
LPzX-iN6TeA,0.534940381736806,1.0,True
6jWRAfMlaUw,0.5068249929554691,1.0,True
ydzuRkTBKZU,0.45281376700814924,1.0,True
nxZqcnWYBm4,0.5404990364036647,1.0,True
IrSIEnKehXg,0.4619431687383795,1.0,True
2MHZFcivRqI,0.5795632431158577,1.0,True
UcU7hVuojEo,0.5225510038666816,1.0,True
3MXG_KDP_mo,0.3753367271382801,1.0,True
7jV0PyqH-eg,0.5827864411939844,1.0,True
yYF22tI4dpQ,0.5078231054372456,1.0,True
6ZKpytf3rWg,0.542275597449575,0.0,True
12c1VnwxLS0,0.48664832205508385,0.0,True
27gQB6ip6OI,0.5727243415857426,1.0,True
AcSsb06BZUU,0.40275617996549756,0.0,True
Kw4rUrgjsG8,0.4962612001779555,0.0,True
xBxkTSN5Z6w,0.4993343211307454,0.0,True
nGJvC9QsJzI,0.6101875075605679,1.0,True
beTRXFVH2AA,0.5163534203556652,1.0,True
Igxs00Xu2sw,0.41913283859143735,0.0,True
v7zxrjL7fRw,0.40859029416399234,0.0,True
AEVX6HaHWiM,0.4575790284711049,0.0,True
mguZR_OgDac,0.4073341365285244,0.0,True
gOIYoEtJet0,0.4544374129530345,1.0,True
VvJStB_jPuM,0.4928456311129069,0.0,True
_Izy2OB7XVk,0.5522746014627966,0.0,True
ERrJ-ZOx0Kg,0.4564626319375127,0.0,True
JPr9UPRcNi4,0.3962867448624914,0.0,True
zVxujnogSFE,0.5089143418933684,1.0,True
SaX-M-mICgc,0.44686165537727696,nan,False
OPznjF_Lajk,0.5838291564752128,nan,False
pVAo7QMAyos,0.40592359310250464,nan,False
gYkbPtdm1Yk,0.41924907913616744,nan,False
AR6UXnup0-Y,0.4137685423353005,nan,False
6CUcClKOZZ4,0.5668388099167215,nan,False
TV_EwJMzEtk,0.5807880649816133,nan,False
DKQrLMF-68U,0.34444935512462826,nan,False
E4m6jwL16NM,0.42829113312709044,nan,False
5jZDFwaaavw,0.4287627079570958,nan,False
uTZAiOAdG5E,0.6513370444443503,1.0,True
qIPSYfqp4_Y,0.644621856756108,1.0,True
-MTB6JtA5O4,0.3177377596017804,0.0,True
iHN1cFU-YaI,0.5378406576854537,1.0,True
1oopHBZbi1E,0.6371166609248116,1.0,True
1nQ5SubK7ug,0.31416191695474754,0.0,True
TWVZfV1va74,0.5630753537650091,1.0,True
sSTkicdaGTk,0.5373334113086422,1.0,True
naGIrZoE6GQ,0.4603661939083934,1.0,True
TFNybE-hd80,0.363619811218586,0.0,True
1PbUPQWwU6k,0.21805679756179203,0.0,True
-OFxwI2Rs4U,0.7056066341492608,1.0,True
5nV5ncpPIZs,0.6178915056587964,1.0,True
tVEk4EchR5s,0.6455309680908854,1.0,True
l-ttcuy_9nA,0.3235231475996469,0.0,True
q0LwPiSAHks,0.6509010793250417,1.0,True
-EHa_TcrJjI,0.4258363663336639,0.0,True
Ck3iSUG2jTs,0.5568541462523936,1.0,True
4q_OfjgEwlM,0.5983122340519449,1.0,True
qnG0VF_3css,0.5869680227077335,1.0,True
x7BonJWyNiE,0.6416451349561356,1.0,True
ZEZXY6sOCKE,0.743469808907597,1.0,True
l5nT2yjGr8s,0.7687876751457254,1.0,True
Od2ytTqZJC4,0.39161038118632435,0.0,True
ESlkNfXHyH8,0.35307726679114093,0.0,True
7dESemeq2Xg,0.3863302485561441,0.0,True
C2Uqv8kXMvs,0.37820503046044124,0.0,True
unaNM6jvTmk,0.3475649448828235,0.0,True
wXeXsCTIK3c,0.6556538190426263,1.0,True
Yovxm4THGgo,0.6556538190426263,1.0,True
bDBgJ82OcFo,0.6362441866980445,1.0,True
JGkNhwjtVgI,0.6417626040315116,1.0,True
9b12bF9NMbU,0.6232924539168875,1.0,True
cG1x7WX6qsI,0.5424801531314009,1.0,True
AgpyrDgTTX8,0.6604652850288562,1.0,True
5LbZa1cegQI,0.2851000821347348,0.0,True
ShdBBakcbO0,0.448529516590781,1.0,True
BaEB-xSFPVQ,0.3291424482848176,1.0,True
RZhOGsVPJI4,0.4006853848617487,0.0,True
WZ_c-jSfKKU,0.5360757162004615,1.0,True
Mu2AIqLfUGI,0.42543308394870555,0.0,True
lxbAnv4wDdk,0.4954924541854302,nan,False
k9Bt0Utf3Fw,0.6716683454264893,nan,False
v6b6A_2Yi94,0.4845936205674432,nan,False
r1jtGnP3wZ4,0.41913283859143735,nan,False
ROTg1FII1Yo,0.5552703550771221,nan,False
k--pkJcePTM,0.4599179497539014,nan,False
fKkqn6zon8Y,0.45245328596890755,nan,False
ulWAZ93tCcU,0.47574294854932064,nan,False
knqBH-XSFA4,0.4371493000497734,nan,False
h92sCK70hB8,0.4377033608416239,nan,False
aHvrhbWqWF8,0.6456484371662614,1.0,True
fz80OMkIRqo,0.4592250044900549,0.0,True
19KJtgg3tB8,0.693859130375895,1.0,True
ceOd4yddnhM,0.41627478941305246,0.0,True
K5yjPQfD0Mw,0.4163922584884284,0.0,True
k8ZZCWFgEgI,0.4272538886340385,0.0,True
jzdsPSzQHT0,0.4163922584884284,0.0,True
boiIHYzqJhc,0.6232924539168875,1.0,True
Q7cMo7J-FLw,0.41627478941305246,0.0,True
OGsXM6rKwN0,0.40431472268523283,0.0,True
OUljNAD82oo,0.691981969046815,1.0,True
kMO9rGD8Xtw,0.6234099229922634,1.0,True
a5etII2ZswU,0.6168827563021314,1.0,True
yjoVZPCWinY,0.43637891076110885,0.0,True
GTRCA1I9bi8,0.33987529634779123,0.0,True
eeH87M2TbwU,0.6522071784546836,1.0,True
Reek18yGatg,0.6178915056587964,1.0,True
A6oua7J81VU,0.40631032063094086,0.0,True
7aDH2rYThkM,0.6122334524040282,1.0,True
tUiFUJFQZKo,0.4448327483584393,0.0,True
H_a0QPjldb0,0.6101633774307815,1.0,True
M93NqzUeW_w,0.3764797881825187,0.0,True
zux-4q0d3uM,0.6495061796767554,1.0,True
roJ7j0-Z-3I,0.4004017735400366,0.0,True
RD22_iHzXoM,0.35307726679114093,0.0,True
i-4omx8S1ZY,0.620352813841924,1.0,True
rX7QxDxqTAk,0.39286128026771505,0.0,True
hb4KzvYebw0,0.5784204221169056,1.0,True
GuaauN4YzM8,0.41627478941305246,0.0,True
0YDcKqMcdCo,0.6612358878862682,1.0,True
yGOu5_rWODg,0.4148572671126779,0.0,True
zlW6bpG1LOs,0.6266724072968408,1.0,True
A5cFhFQagsc,0.6854052927785645,1.0,True
5CiP-fTENHw,0.7503995456697389,1.0,True
rM0eE2IOR00,0.43779643306148347,0.0,True
rnZyVUOLZLU,0.5937221007664999,1.0,True
F7ZY-XPNnrA,0.37303985893613784,0.0,True
jnAMJGeveC8,0.4462502706588138,0.0,True
fm9lDZqqMyM,0.6222837045602225,1.0,True
dy3ZYNrHPPQ,0.6660438623826515,1.0,True
SbT5-7vD5gg,0.6401300198327944,1.0,True
r0Mgl_Ya4MY,0.3917278502617003,0.0,True
DfSuIGR3GbE,0.6638836491301336,1.0,True
13ZJx7-kYxg,0.656555032408083,1.0,True
sJhiL6o2mU8,0.35307726679114093,0.0,True
fLX9XCPNIOY,0.6155643256888726,1.0,True
x4-LLHayXDM,0.7065390350816618,1.0,True
ZbbEsZdhCYU,0.6854052927785645,1.0,True
N-TTcfRI9ms,0.5795437774177394,1.0,True
HzKr3k1VywM,0.4057322449856075,0.0,True
sYCEsTPJzuo,0.6411656522326818,1.0,True
m7d-Eml2eC4,0.6638836491301336,1.0,True
wlkvt5_jz_g,0.6552235034970965,1.0,True
1PCDpQjPfEQ,0.6168827563021314,1.0,True
36YK1uIev-0,0.6796526580238107,1.0,True
It3evMip22A,0.5795437774177394,1.0,True
-r4FkoJC_J8,0.6481940509452718,1.0,True
FK2deDaRZWc,0.33450674454095447,0.0,True
KVfxtR4qjtE,0.4377033608416239,0.0,True
3cg6ox35f_A,0.31355431543502144,0.0,True
4aR2ZfOsZ4Q,0.36834416566204425,0.0,True
UL8i-Iky6pM,0.5981142996679261,1.0,True
YmgW81lKJCM,0.6747254407156821,1.0,True
sY2tVPPTp9M,0.2919927174598064,0.0,True
RapVl2a2mIg,0.6191391912734425,0.0,True
HyBqX5fMJ9w,0.5438547939516657,0.0,True
Gyc_9GEEXo4,0.4073341365285244,0.0,True
umCLNHbeogg,0.6005510373249355,0.0,True
6Uowgbhu0mM,0.6035277591249079,0.0,True
Nij0cBnZfUo,0.5537647824188425,0.0,True
FRgkvnoaN3A,0.546001114543314,1.0,True
jiRz4hOiGGA,0.4412831906652845,0.0,True
kdeQ8-8Hjm8,0.5842449618993523,1.0,True
M9pYG-b3s_g,0.6167837751610572,0.0,True
QFsTIJXvWFQ,0.4876276300169716,0.0,True
6yzeTlQF_kQ,0.4059166142281498,0.0,True
jjggVJt4ZGY,0.619635943316357,0.0,True
DgP_xROzbdI,0.4627520039547831,0.0,True
KqCQUTDkRcs,0.47704645075612256,1.0,True
MlsQkKXpVa8,0.5643864657810516,1.0,True
ID-OCqkB1LQ,0.5393963726851916,1.0,True
Za9aCMLDfl8,0.44508270362210045,0.0,True
QLMIpd4sl4I,0.6384043999505624,0.0,True
lwQzikCGZ04,0.639450853655245,1.0,True
EEWJJhJqIm4,0.5610168530119701,0.0,True
R946KfbzbZI,0.5501750670274673,0.0,True
Pf0SMvl_b1Q,0.5094170681267399,0.0,True
DWTZeVR_1sA,0.47760165389545844,1.0,True
i88TklfA8J0,0.43789210968732617,1.0,True
_zvb7p6bNd8,0.49199507898374073,1.0,True
btPN3RUO3vo,0.4879205514134564,1.0,True
1LFrD1zNcYk,0.45245328596890755,1.0,True
gXi7lAq_2GQ,0.576381632432639,1.0,True
sirbUmLj4Mg,0.4303620659357641,0.0,True
of_LvWCErn0,0.4889922635640043,1.0,True
hRPtMENaoGs,0.5336266597143203,0.0,True
7VavrMY9SQU,0.6058038027828501,0.0,True
WOLqTUTebNI,0.41235102003492596,0.0,True
rFLHE9qONNA,0.4569836774534319,0.0,True
FDBI6w-Nqf0,0.3683437201452731,0.0,True
4-qt1iyeOpk,0.5321358628464352,0.0,True
a8dubDT2eEQ,0.4889922635640043,1.0,True
nU_ZtLrpJfI,0.48813700162990664,0.0,True
ax-oQd-RZr8,0.4634130489510936,0.0,True
yijxCvA9Pzk,0.6020152364970439,0.0,True
LJ0wc6Ex4RU,0.4325278134311893,1.0,True
XSEdK-HK1Xk,0.6556391391859371,0.0,True
3gzFuYopquM,0.5653225999675191,0.0,True
kB7r4Rcnqg4,0.4583083206644232,0.0,True
IhdkYFzxObw,0.5194818246111723,0.0,True
GNUuZaV2bqk,0.4544374129530345,1.0,True
YoTXIh0CeSY,0.5695690456125883,1.0,True
6vaaGrltYT4,0.40149826544238215,1.0,True
Y_mDbxMcsf0,0.5946566912028536,0.0,True
2IEw6tvkvEo,0.6166717327152754,1.0,True
PMdu5WwfQKg,0.45959241620004737,0.0,True
EfQp1V0i3nA,0.5194818246111723,1.0,True
uZIi_Pcn35g,0.46018334711883097,1.0,True
hmwMtFuwsIM,0.5631738352405963,0.0,True
FQDKDTaoCN4,0.5658726552920303,1.0,True
NdnmHLWWFwc,0.5279224125825059,0.0,True
JCYBQa2dok0,0.570980684174548,1.0,True
01_VC4HGeVE,0.5916013821798026,0.0,True
hSZGl-VG4RQ,0.6321557358022996,1.0,True
VVzU7fpDNJk,0.46036130757524807,1.0,True
XK9vOW4rOLA,0.5102987861811391,1.0,True
zp272_RSbPA,0.46036130757524807,0.0,True
6Utj8Nsoots,0.5947411204307755,0.0,True
D1oCjMUdsPg,0.45194746350558884,0.0,True
5G4UdoUopls,0.4564626319375127,1.0,True
ItYsPsOC0n0,0.4998095872747297,1.0,True
md9NNZiqiGo,0.4546261617987367,0.0,True
uqZo9V_Ocj0,0.4558965560712321,0.0,True
nAox42aekrA,0.5887645655005405,0.0,True
tLPFkQmqH5k,0.44775291027602515,0.0,True
SCM5eFxYsn0,0.43398610812427874,nan,False
t9R9iXjJxHE,0.6006763841494569,nan,False
XVhsU0E1mHg,0.5908489608026664,nan,False
7MgHVOloGAc,0.5646457293766955,nan,False
2IdUbkjeyFM,0.37821810710744597,nan,False
cjZvFY6__qw,0.600402854524759,nan,False
4ESFfJ9B_bg,0.4564626319375127,nan,False
lHvWWZChNM4,0.3863671147843234,nan,False
h8oQ1lbxWZA,0.510352422880942,nan,False
cRienev1J3Q,0.6048428522159126,nan,False
UhOSQJAKE40,0.4148572671126779,0.0,True
YlrwNwbHxQ8,0.21728610807718313,0.0,True
BybUu2NcmzU,0.46484948753389277,0.0,True
R_roOw6Cwlw,0.30534385935943226,0.0,True
wEPzmhVc9O4,0.3419960960116689,0.0,True
H7cRnsNt0Fg,0.40431472268523283,0.0,True
gkVNt1f0ktM,0.3080444049084258,0.0,True
B8T-__bAlkU,0.40431472268523283,0.0,True
DWdm9e_vCFk,0.2995350885673466,0.0,True
gcs42w5PecA,0.6793929083893929,1.0,True
wPdA5rlvhys,0.3963479146159033,0.0,True
G0ydCssEd_8,0.6739919601313018,1.0,True
U4y4uwlAY7s,0.7009145520378239,1.0,True
OJVHSkb9psk,0.4257432941138043,0.0,True
JfQKvo3w6S4,0.5875245172554835,1.0,True
1LisyPAPdbw,0.5927133514098349,1.0,True
wyOQoL3kKcU,0.3475649448828235,0.0,True
_fRdkSStXHs,0.606547294314585,1.0,True
f3Ayj_oSwGI,0.3160427946976943,0.0,True
N-liL_cpEMQ,0.7009145520378239,1.0,True
ZcP7Oq35rDA,0.6793929083893929,1.0,True
-2N4fwlMfNU,0.3602823630287368,0.0,True
qEUOaXmoTXM,0.36564665928487367,0.0,True
bZ9EPgs8hfU,0.6416451349561356,1.0,True
mE0utt7yBU0,0.6232924539168875,1.0,True
jHDux0gxuGY,0.41313202483475536,0.0,True
5c2Zatqnz1M,0.5787767330925558,1.0,True
MhQ5sxCTT5M,0.6793929083893929,1.0,True
_7h1WPWQtoU,0.3481878592321005,0.0,True
jnc1TH_TQj8,0.6732750896057348,1.0,True
WoUHblDf5IE,0.4578074821896803,0.0,True
zLU5Zt4l21Q,0.506491073663643,1.0,True
3dSHSza8_2E,0.5263930992677615,0.0,True
5XPiIw-VLiY,0.5138693571207678,0.0,True
wkRchiDMOjs,0.5728418106611185,1.0,True
Pxh9WgTBi7k,0.48513065536932964,0.0,True
q-yj0degnIo,0.46264976001831837,0.0,True
JUYOScwLqrw,0.4350340605089412,1.0,True
CX9w0ynDpUw,0.48527895245152175,0.0,True
bnotVppAK7c,0.47388185739747896,0.0,True
Yni99NtLKhQ,0.4019698402723876,0.0,True
Iq39_4hlSH0,0.4730952042979835,0.0,True
vcQqEGCpnMs,0.5038659762345346,1.0,True
zu-tGzl1xtA,0.4473332302072824,1.0,True
GZkepJRo6HY,0.4702624117484538,1.0,True
ZBFEXEtEU40,0.3832557211723736,0.0,True
8cyuqpKZ534,0.6478669869045577,0.0,True
UTSfu1mCyvQ,0.5392789036098156,0.0,True
osBj3thfNPE,0.49621863799283145,0.0,True
8wl4BHANSbY,0.5375337033922847,0.0,True
FbWASj4ufIU,0.5069072894399544,0.0,True
4Mn32zUJqoY,0.5079379068685079,1.0,True
eVkwU1nMF6k,0.564401656623502,0.0,True
UzW5kklezc4,0.5363856561166223,nan,False
u4Qv9vRfNRk,0.5046218559156604,nan,False
d9UNTaGFHzQ,0.5658726552920303,nan,False
c7_jZhD4Lvo,0.37639225848842844,nan,False
ABf45SuLnAU,0.3618161006156053,nan,False
xkhChmQ8N-k,0.3618161006156053,nan,False
oTN9ususb2g,0.5420572938450701,nan,False
YI5HM7lhSkA,0.5762346639270977,nan,False
o7RwEASW-cE,0.6232924539168875,nan,False
x4YyvRfyxrI,0.6572718632907708,nan,False
2pnL68wIc64,0.6612714996027804,1.0,True
yA1K5E7RJaY,0.4177153162910628,0.0,True
30i2xYTQz7E,0.5454528332201238,1.0,True
wY3FaKugIjo,0.37494535682606284,0.0,True
rK1kd7fkotM,0.4581828728737188,0.0,True
SMywlabV5mA,0.7783339068765336,1.0,True
3iz07d49F3g,0.5873942989404614,1.0,True
bFsWDTsGtl4,0.42452851365059896,0.0,True
6zCMPXZCXcE,0.8134817563388992,1.0,True
57T848KEwGQ,0.6467104705688598,1.0,True
zMhzLJUruUM,0.6662394255759576,1.0,True
7AtV2XiC3Fs,0.6646208011375657,1.0,True
q5zYDZ6O1EA,0.7589790681668561,1.0,True
aQZqN_NaNYg,0.5779999081704839,1.0,True
NGLIq9WC02o,0.5884030482971263,1.0,True
P6E9dYBAd04,0.6186286576662285,1.0,True
p948etyuG4U,0.34618057806128405,0.0,True
lkEihrgHVw0,0.572375425126646,1.0,True
K-2tUruHm4g,0.6361197744510552,1.0,True
NGJVl3fNzxQ,0.6361197744510552,1.0,True
Co0EyBgzLz0,0.7871832050493615,1.0,True
MlhKedm8D40,0.6550621916693344,1.0,True
dNZzcmOeLM0,0.657891546222827,1.0,True
D1Fn17T4cXg,0.6278894716394716,1.0,True
JHox6mluvDs,0.37459891043957194,0.0,True
4ImuMirVVZU,0.6204263311682746,1.0,True
GB7bp8UQ4-I,0.37459891043957194,0.0,True
hxXxsH8Eqz8,0.7009145520378239,1.0,True
x_jrYBKrHew,0.7589790681668561,1.0,True
1sFFnqARrR4,0.8621944006285609,1.0,True
PfHsMBncWCQ,0.6793929083893929,1.0,True
ftwxDR5ujwk,0.5948118869841336,1.0,True
XPQdRxm5wU0,0.6976812543238229,1.0,True
wKkfJivq4iA,0.8641781853914272,1.0,True
_LGoEurosL4,0.6605343475953483,1.0,True
O9H_zaTQyoQ,0.7961212706381039,1.0,True
wAE0EPWmIj4,0.6793929083893929,1.0,True
QcipzDtjIvw,0.6232924539168875,1.0,True
OzmyEtHxgyk,0.545946446997749,1.0,True
ZVDWnmc8dJ4,0.7195487264066244,1.0,True
JPJrn1rrNCc,0.6640011182055096,1.0,True
Wa6nOeWgC_I,0.6257138253451617,1.0,True
OmPovKsIXkE,0.4278319642793719,0.0,True
h452t04MH6g,0.6795103774647689,1.0,True
aN-XGW22nBA,0.41627478941305246,0.0,True
XBoVJmk5Qc0,0.6552235034970965,1.0,True
g8coal31kIE,0.8006880501932099,1.0,True
Ey87h5KBruQ,0.6606518166707243,1.0,True
GXrgCu1TSaE,0.33273243920493406,0.0,True
OtOaFFbdENA,0.19440623428858722,0.0,True
aqXf-CqzsfI,0.6806646521941546,1.0,True
uhXVdb7r6LA,0.27422284235526445,0.0,True
Tx8Cd3iiCxA,0.3848910023149744,0.0,True
ANBzBkZBI4A,0.6269604458406989,1.0,True
U1oCSPC7GFM,0.6101633774307815,1.0,True
UsnmfS5K28s,0.6793929083893929,1.0,True
zAZ6bO8hkOQ,0.6795103774647689,1.0,True
JpPYt1GNEZo,0.7009145520378239,1.0,True
X2n5KaRhIKI,0.38221899142911786,0.0,True
ledqd9DDUtg,0.38358240336358285,0.0,True
_xtyG0mr0ow,0.3676624860329962,0.0,True
975FCHlxaYE,0.4278319642793719,0.0,True
qibmVNcMlag,0.6795103774647689,1.0,True
SmpjuZIcvS0,0.33724868002482544,0.0,True
DmS_IDNFj_Y,0.30864959504643014,0.0,True
ZerPNmYhE9k,0.7072624271956358,1.0,True
crD_uCULO0E,0.8284532269706386,1.0,True
AnP3-jiM1OY,0.6422411691936738,1.0,True
d5Hq28CSxHk,0.3944697857455713,0.0,True
5eIMuQjAmjM,0.347211086039863,0.0,True
vhxdx1tGbf0,0.40631032063094086,0.0,True
DVqBV7SI8yg,0.6331829237071173,1.0,True
EChCYVOSvJA,0.6391607375126329,1.0,True
gHmhMgh_u8E,0.8284532269706386,1.0,True
mwArskFlemw,0.6793929083893929,1.0,True
5MRfVxbcVgw,0.8549816564776004,1.0,True
Hxbxcpcb6-s,0.6638836491301336,1.0,True
_lSckl9QUoQ,0.3160239859202648,0.0,True
bYeNpcjai9E,0.34543678070384265,0.0,True
WMM2iWEbJ0Y,0.7417451461784819,1.0,True
KC4mJgFLWNE,0.6494298312524914,1.0,True
AtSq-jr_WNQ,0.5091101650001766,1.0,True
NUBR873nLfc,0.6230746127059491,1.0,True
Cfhoj4L9-hg,0.6178915056587964,1.0,True
zU6dQA_kDyA,0.7375748935938011,1.0,True
-ArYdle34_c,0.6198391507752611,1.0,True
4bqJMxJa8k0,0.6681387092524029,1.0,True
kmSaSEWz-f0,0.6795103774647689,1.0,True
L7FNkKXwXGE,0.8465135469674049,1.0,True
GA0R46qXVOo,0.8432901208143695,1.0,True
CPM7Y1m5AFg,0.7060294008679242,1.0,True
nHbYRWP0-8Q,0.730300280155316,1.0,True
iXaTgc4mT3M,0.7009145520378239,1.0,True
NU4zh-6J2q4,0.6754568618861979,1.0,True
b9orAA26Ysc,0.6793929083893929,1.0,True
yW_gGuY6wmo,0.4832522632822707,1.0,True
vHSEjqU0q8Y,0.5006768653061928,1.0,True
AT4FsLFS1-g,0.6222837045602225,1.0,True
SJon4kbTWnY,0.4702624117484538,1.0,True
CJEaPYqrWCs,0.5445638202404174,1.0,True
kiWEty5_zaE,0.614234995058266,1.0,True
60gMVhWQwt8,0.6168827563021314,1.0,True
4Tv1nAxjuMg,0.6488892344969881,1.0,True
nIzRwBxIwhg,0.606759321912867,1.0,True
uVgqq-jPwwo,0.510359335882889,1.0,True
AWLAjkQHHyg,0.49713179844772526,1.0,True
uSQD7cIMYqw,0.534940381736806,1.0,True
17R0Goabmhk,0.601473383909558,1.0,True
_eRjYBAqVfU,0.4896661276115998,1.0,True
gumLEPlwmM4,0.6633903133903134,1.0,True
qNKtFfaQL8s,0.6800043445204735,1.0,True
HvhtWEWmFWc,0.4229268368709536,1.0,True
DFG6e1umevg,0.5572207467443719,1.0,True
1hpvPd54aQ0,0.5886531764204671,1.0,True
IUREQmczWQg,0.45971548771784887,1.0,True
M_omC8MON4I,0.452530941023846,1.0,True
bDTu5bm9kNA,0.3697612424456477,1.0,True
xFfmTPOX0MQ,0.6080925107417238,1.0,True
tVh6Gyi-G_U,0.6491056847134382,1.0,True
ELkm9hmcPmQ,0.5097636255277714,1.0,True
x-Z_rMYQTwk,0.6310814635203367,1.0,True
pBDCD_hdg_w,0.4936519449678717,1.0,True
Xz93Jk7YWmo,0.5313050806121964,1.0,True
DCDMP7AUas0,0.5409152749625841,1.0,True
m0xe4nrjiXM,0.6778444518216029,1.0,True
3gSofmnAkLA,0.574848993545477,1.0,True
G80ux-HIte8,0.5839897188345149,1.0,True
EtbbIMAgggg,0.5297515475824546,1.0,True
Mb-AjYDYTGc,0.5052901240755966,0.0,True
Xf0S9Pm4qK0,0.6536358950190629,1.0,True
0TqWO166oOA,0.5724724745392356,1.0,True
Cxem3HFO1hc,0.4150460159583801,1.0,True
Y4Iztwnn0_k,0.6445035027696318,1.0,True
Xoru8UBZaQg,0.4518081300429973,1.0,True
1lmCxhMgGD8,0.4978716858005158,1.0,True
lGXUtIISNJc,0.5537703658061843,1.0,True
ay7xeSzl4qg,0.6793929083893929,1.0,True
k9neNhQNkuw,0.6561669635402354,1.0,True
oD9nWTAMOYs,0.5293398123870026,1.0,True
uXMICK9BJZg,0.7812784880693026,1.0,True
5xlwMNN0Hj4,0.7340531850051264,1.0,True
Pvc74vUUUuI,0.5056701897578161,1.0,True
eqbWFyaz-Cs,0.4509772968693733,1.0,True
09Kp07k_IvE,0.6808714823032258,1.0,True
r-ErJ39n1uI,0.595085496631659,1.0,True
PIwVnB1yRG8,0.5977347451707709,1.0,True
VkLiG6mi1jI,0.5861071174509869,1.0,True
BC0_tZ5nNdQ,0.5727243415857426,0.0,True
UHkPVnJPjBc,0.5676554172397098,0.0,True
wSmzjNSdjGY,0.4803599782604516,1.0,True
10olb1RGvhY,0.6795103774647689,1.0,True
qw91AcGYW9U,0.539363078735245,1.0,True
x-S4MZB0Ev8,0.7459774440887567,0.0,True
qcL8tI6cCa0,0.7974168396088664,1.0,True
iii5BtreVOY,0.6571543942153949,1.0,True
DIXd4XA0IiM,0.4588219364152687,1.0,True
vvmxblIagIg,0.5829223353116769,1.0,True
ylTw7t9dhgc,0.48377529547018644,0.0,True
1jdwxNd5bmQ,0.5496550798177929,0.0,True
rhuT_UQIMMs,0.6456963879029682,1.0,True
1v-cJ5J4Z-Q,0.5520405147585234,1.0,True
LJoqz8KCZUs,0.5744241668135085,0.0,True
fU6piJQNvuQ,0.4696712941846708,0.0,True
VhOlHWMxrkM,0.5100851540019093,1.0,True
haLV4iybEGw,0.633596425454179,1.0,True
MnE8S3y4xdE,0.5770168202691596,nan,False
S-1Ibs50UKw,0.5439235378402932,nan,False
Pkzr6vN4TUQ,0.4749744806850532,nan,False
OzVPcfBUHW0,0.4454967600685064,nan,False
vHQyo9864Zc,0.5214760772067517,nan,False
n1_ynvXq2Ow,0.6198594781021038,nan,False
c8zDGzAZNk4,0.5046218559156604,nan,False
rZ4R_5DK4i8,0.4619720615438022,nan,False
qYkhx-K0u7M,0.41627478941305246,nan,False
FEoXPe0f8Lw,0.4377033608416239,nan,False
q4VnhY681eY,0.6339284493662374,1.0,True
KM2AjHVISLg,0.6696897254835985,1.0,True
uJEpGuXRUFI,0.348088543593538,0.0,True
NewWOsU3mWg,0.5659657275118899,1.0,True
dyhaEKpB67U,0.4018084756074809,0.0,True
FYdkoNl1zds,0.4137685423353005,0.0,True
Sxj0SHR9kGA,0.6022578341525477,1.0,True
JCHpC-k-Wvg,0.43919171615273045,0.0,True
O838lt6B4RU,0.36068312394008906,0.0,True
uMuGjqoR1Vk,0.3127165499388683,0.0,True
j4QcaR0gRLM,0.2831181540302786,0.0,True
H9pIQgCbJBI,0.6605343475953483,1.0,True
-QSOFKxqA-Q,0.4377033608416239,0.0,True
8XB9boR1S2M,0.46104544371015466,0.0,True
P1e_5ZcvyoU,0.5212891395234348,0.0,True
lTjSrULP0kw,0.46397971601062415,0.0,True
dNWPan9fF_8,0.36227039468914535,1.0,True
ndWpE_2_NtY,0.41913283859143735,1.0,True
f_p8AngcXmc,0.4687063099870444,1.0,True
hkfRS6zmyws,0.5416261043012933,nan,False
CgKuuELgN14,0.6606429141245603,nan,False
q86GTn295Ic,0.5779131757400939,nan,False
UGR7V_sm0cY,0.574848993545477,nan,False
l-i1CO8W5dQ,0.5552947537040811,nan,False
RZkrnskKPis,0.4787798916803651,nan,False
ivqUkizvA6s,0.6022000497077664,nan,False
aSzej7a_gUI,0.603598576365867,nan,False
IRSlCa2mP10,0.5161925138066541,nan,False
dDZsqpZTmz0,0.5508672722326103,nan,False
8YEFyU8zZI8,0.6072997115320445,0.0,True
j2I4pSFVk3U,0.4525945787582253,1.0,True
uX1Jy2-6rqs,0.3962867448624914,0.0,True
EPDGpftn2ws,0.4362858385412493,0.0,True
BhSuIOfaSPU,0.4717064117934496,0.0,True
pxeb9jYQ2sk,0.503014120403462,0.0,True
_hBZpOvL79k,0.48274002432016194,0.0,True
TLEboXyb6KY,0.4765517837657243,0.0,True
vm-Tldyunuw,0.4851617562611959,0.0,True
00BQQShLEKQ,0.5019946827052552,1.0,True
kPi3XrtSPk4,0.40234167445947155,0.0,True
eoXIKRmhw7M,0.5693385599810064,1.0,True
-Hf4bkYral0,0.3962867448624914,1.0,True
q6ytNzaZPIA,0.481278109070839,1.0,True
GIMuv7XOXRE,0.6115258794386397,1.0,True
jFoWJIz4CNA,0.4545115633497655,1.0,True
GjtxYr1MEIQ,0.5088955470894108,0.0,True
avRLvYViFSw,0.38369896611771676,0.0,True
a-ZUsNXhYk4,0.4441923550445942,1.0,True
YCLJk_6FGwo,0.4926411284933677,0.0,True
V61bM-poCgA,0.48224313917074657,0.0,True
Qe2VE6vqOFo,0.49992705635010565,0.0,True
Z7dLi0ERWwA,0.45633069990469116,0.0,True
_sWUJs2vqUk,0.5571072019038209,1.0,True
D1uun5PEVnU,0.46954781911955984,0.0,True
Z7OFuUFN3q4,0.6786760378638259,1.0,True
hkU-c2lLSTc,0.4625960344733845,0.0,True
nF9YaX8MTOQ,0.4031848039637328,0.0,True
tSLVHr4uMZY,0.43133002614017235,1.0,True
tq37D2ZcnFY,0.7125565859209055,1.0,True
d8Wlz8XPDJE,0.567405289116369,1.0,True
7invhZMymSc,0.679462939090071,1.0,True
38Z6h0Whs6E,0.5539783572337706,1.0,True
I872AuoB_UY,0.6786760378638259,1.0,True
4ks87Jvr_Jk,0.6569379439989447,1.0,True
-aISYo-VPTU,0.6538527631406457,1.0,True
UcTqWl39XY4,0.7093683896351543,1.0,True
h-nvLphGtDg,0.6809932420857853,1.0,True
YFP06yPDqCA,0.6206446926730219,1.0,True
Nnau1Qq-uUQ,0.5928308204852109,1.0,True
FHwzdhyBSKs,0.6797543373696305,1.0,True
AD7pgtEA1Pk,0.5875245172554835,0.0,True
wh6S6nEGjYA,0.4732749124243368,0.0,True
ETUPwCMQBjE,0.5168148685951486,0.0,True
dOn0nHrtkjo,0.5463842217067967,0.0,True
_BU2I_o8Y2Y,0.5836024436395517,1.0,True
OTJrPDvVvYA,0.4169420919631149,0.0,True
ZPK29iM-jH0,0.44990172991504157,nan,False
xtD6mD5q3cQ,0.3415658704552093,nan,False
56TkNRm5xj8,0.6384043999505624,nan,False
guKQSNsnBfo,0.5455318553766515,nan,False
bC_bt96xpjw,0.5789297850055537,nan,False
mGceQwmWbNw,0.36501233017301626,nan,False
Ztn8-7-6t34,0.3749747361880539,nan,False
oCG2UXa8PXA,0.4074942479568362,nan,False
Hhmmw6jpZgI,0.47233745618631096,nan,False
V0QD9e8syUI,0.39373400728394264,nan,False
kQa1FdXc_ik,0.5789219250967589,1.0,True
_OB5XDt1SrM,0.5876444270638022,0.0,True
qL1Xwwf0H8A,0.5019675010979359,0.0,True
xY_RiwCqBI4,0.45959241620004737,0.0,True
Np7EEdEURg4,0.48123906502454317,1.0,True
B83f9zxgYq8,0.38591254397430774,1.0,True
CzkTdLzBqO8,0.5052004156542734,0.0,True
rimg3sAQ9hs,0.3710135843876666,0.0,True
FqS2mt5xuRU,0.3909224486063545,0.0,True
6Xd5PhdhYTo,0.4059166142281498,0.0,True
wTgvL7wVTGQ,0.43293261840237846,0.0,True
jAIDdVbpvIA,0.4781031497790654,1.0,True
Zd4Dd2USlyk,0.4653776734008179,0.0,True
1dD_XXPQB7s,0.4819711329449613,0.0,True
J9zyu1N--do,0.6147905537560711,1.0,True
oXKjF1ZadQ4,0.36564665928487367,1.0,True
5AObE_6_SJ4,0.3962867448624914,1.0,True
bbT0ahakChU,0.37778608262203994,1.0,True
tud0f5sQa40,0.6236975820122612,1.0,True
agV_PPw6UPw,0.4499470388911556,0.0,True
UYyhnPANh3s,0.4059166142281498,0.0,True
STnfVSYVmAU,0.4283146816375914,0.0,True
cD1Kwe2jFac,0.5867455798997425,0.0,True
rWi96dqwM8k,0.3150516981839241,1.0,True
yKpY8KuzYqM,0.3962867448624914,0.0,True
WFNAuux-RBE,0.43647458738695155,1.0,True
dHoVUajjwaM,0.5316067976503402,1.0,True
q1oQpgUw5dc,0.44747106278382864,0.0,True
NOttrdxB570,0.5344951129751093,0.0,True
1oGChF6dXO4,0.5399915817793579,0.0,True
TyGJfYotxis,0.49077313526848093,0.0,True
KX4_np8tWVg,0.35119573982086777,0.0,True
5y0-qGfmHYk,0.5968937464780391,0.0,True
FTaJsv_fcjA,0.6058237547892722,1.0,True
xWvDKIb9WXk,0.4016345339857228,0.0,True
dn2K3XcVyK0,0.6448140975653185,0.0,True
lh9WcKu8PI0,0.4571724262991341,0.0,True
IsF3bsyzUTY,0.5983122340519449,0.0,True
rjB2lsko5C0,0.5654104649271844,0.0,True
15PKSDk5Egk,0.6416451349561356,0.0,True
sdAkiZEjR38,0.557011215553415,0.0,True
ro69_fssM1M,0.5378462593482871,0.0,True
SAdfzXFuiHQ,0.4390108178325948,0.0,True
jnZTHfYPZv8,0.4526169652594009,0.0,True
s2uv7AO4Njo,0.4829287731658642,0.0,True
rJuqfEpPWuQ,0.5187218312503503,0.0,True
DkNLDbs1uh4,0.39964667853601743,0.0,True
ehk1Cy8dZ9I,0.49757812214986286,0.0,True
ow-NJsWRI78,0.5382238277657474,1.0,True
rs2QnO7HDnM,0.3878479764731044,0.0,True
u9IcM7CGCjQ,0.5415061944929747,0.0,True
eCyevtbza0s,0.38379302442499214,0.0,True
SuIPipmb7WE,0.36227039468914535,0.0,True
tTW-2nKWM_g,0.4579338227697744,0.0,True
f-GAE9jneCM,0.5460207127949063,1.0,True
7tS-g3KdzCs,0.4031848039637328,0.0,True
qKBssmN24rM,0.4968041559648994,0.0,True
50xvaRSDk2o,0.554153819335556,0.0,True
qgtFvPZf5_M,0.46708810797046085,0.0,True
eH0LtlcCpgo,0.5460177593332122,1.0,True
tv6TDUVAP44,0.46680207430359594,0.0,True
EmvCPR96kpY,0.3767542494386547,1.0,True
LOfky_4QbZc,0.423398411700959,1.0,True
K7gn06iSSTk,0.41913283859143735,nan,False
bhaSXQ16SHc,0.4331975903701653,nan,False
MaczsO2tT80,0.32222091644588524,nan,False
0V-_Xj1_0Wk,0.4554933605066722,nan,False
ONwfexdZDTs,0.4009615025463621,nan,False
eh74cYDjNh0,0.5339829147405311,nan,False
69DDakGysSo,0.3803799041789095,nan,False
K-DKzoj4gv4,0.44686165537727696,nan,False
euwJw1yJSZ0,0.42864543707679276,nan,False
DxIFxqqAUQE,0.5499683760102687,nan,False
9xeBcRsl0Po,0.34433465061043617,0.0,True
iRGYhb1_ep8,0.3876329377988454,0.0,True
ItIP2ejAZsY,0.2829216624266569,0.0,True
JNzg-9oIQaE,0.4148572671126779,0.0,True
D3J0DEYiAN4,0.2592710991534521,0.0,True
wqOgMCJtfNc,0.38358240336358285,0.0,True
kV8caKpLGiA,0.6266724072968408,1.0,True
-p1MHnCtw7U,0.5859939725384851,1.0,True
IYHVMLJmJbc,0.11617484503940304,0.0,True
Lb6Q4pBFp80,0.3518025468069851,0.0,True
qHGCouzk4rw,0.3333787373661364,0.0,True
HP8ImrUwm9U,0.12845852187028658,0.0,True
uGBr5b63knA,0.38066722060200747,0.0,True
YguliVQHWxI,0.3673827052993577,0.0,True
v31aHBvN49Q,0.5687785329035115,1.0,True
UKub9uGavWA,0.37303985893613784,0.0,True
oGITQkk_vTA,0.6222837045602225,1.0,True
IbxtSPfmmcY,0.569825055729684,1.0,True
c-ptFD-ZoV0,0.3495263569758236,0.0,True
bBk0gCUv4F4,0.40215292561376936,0.0,True
97IvcauCz6M,0.2491632723356096,0.0,True
2Xmf01ns2Ds,0.40431472268523283,0.0,True
49iYDN5wBNA,0.6232924539168875,1.0,True
yMSwfrbEoWs,0.5894724288706762,1.0,True
9J33UX0eVb4,0.4148572671126779,0.0,True
t4QBAuVtgFk,0.35734940923011527,0.0,True
CQL2-Oab5GE,0.36162478679069443,0.0,True
CIRn9L58-7c,0.35257963784669977,0.0,True
NCnnN8nzQyw,0.3473307350937941,0.0,True
ByZBJ86ZAQk,0.5741794811616027,1.0,True
03FW0dEwmBE,0.2957017533969905,0.0,True
FcRvXQiBd1g,0.43159131922408844,0.0,True
zTyhjxKwwug,0.5189382814668005,1.0,True
ClgZZRqcGtY,0.3949015947122607,0.0,True
PQyF67UdufE,0.4447687907198474,1.0,True
_6Ixrp-NeAE,0.4377033608416239,0.0,True
Ba3PBCGlwrU,0.5278512329805806,0.0,True
_u1M8-McMHw,0.5529374395800095,1.0,True
6n9ZWQQ8Oxg,0.4794860560661937,1.0,True
HVYfA_G7RBk,0.4407434353793886,1.0,True
csNJ2lqq6EQ,0.4405434901152308,1.0,True
tltHyF4WfJM,0.47156591395525566,1.0,True
zm0hqje8Dm0,0.4259046587787109,0.0,True
gioqVIV16wI,0.38358240336358285,0.0,True
dVugD6IU02I,0.5552138098892997,1.0,True
A3TD_PwmtfI,0.4137685423353005,0.0,True
kaQlm9UN5XY,0.45103576366853293,1.0,True
qBd_TkvRXUs,0.30224851409222075,0.0,True
NTw8bIulstE,0.397704267162866,0.0,True
l7NFCSBUsA4,0.5013197895136533,0.0,True
jVzvCuHMkmU,0.5025951667464095,0.0,True
gOCkLq5z7Zk,0.520753953801144,1.0,True
2sWKGMY7qXM,0.3954335467424195,0.0,True
B-zHULCJdCU,0.44274093064140396,0.0,True
F6ScrwuSAtg,0.41235102003492596,0.0,True
FYu2O6dS9Z8,0.34792176401863684,1.0,True
lncI0jrl3QY,0.4972624374316223,1.0,True
R43-FuxjrGk,0.5802825692617569,0.0,True
He6BD4Dj8oM,0.517264225957202,0.0,True
IWnm9--FcLk,0.49875099460824074,0.0,True
ZD6cjD6XdQk,0.451620609727941,0.0,True
Uj9XlsckMIo,0.4473332302072824,0.0,True
vjueFfYES5A,0.4137685423353005,1.0,True
3emizkB3-S8,0.4073341365285244,0.0,True
fd5OH7GEQ9U,0.3962867448624914,0.0,True
Vhc9G3x6lu0,0.3962867448624914,0.0,True
swsVXOpPw8M,0.397704267162866,1.0,True
SYCzawxLkMg,0.387161722735421,1.0,True
je3VDnER6Hg,0.3778304414832762,1.0,True
otutUnTB86E,0.41913283859143735,1.0,True
-T7ik9aaS1A,0.4229268368709536,0.0,True
AATo5n94DXo,0.4899634052004963,0.0,True
cM3tRViD784,0.4324652414183464,0.0,True
C-e84rdnv0s,0.40955541054170264,0.0,True
_n6wOVcaxQw,0.49557114320740564,0.0,True
-DM0jCiGBkU,0.5069491832429878,0.0,True
zN5KvnkKS3w,0.5187218312503503,1.0,True
BzWg4W6qtPU,0.4377033608416239,0.0,True
xekirJI60_w,0.472643015326996,1.0,True
0C2dV8TFpfU,0.43050259444671113,0.0,True
sarWTaETxsg,0.5193498939216347,1.0,True
c5htFsHH5BY,0.41913283859143735,0.0,True
ot_sU_KRhvQ,0.41443831927427655,1.0,True
29-0Z8v123E,0.47961596596034123,1.0,True
g1EtR2qXxrc,0.37821810710744597,1.0,True
zzpdf9v0ebA,0.5671553506185112,0.0,True
829IvQ2gr7w,0.45026429858208206,1.0,True
jykmn1yX-nE,0.47726455402463674,0.0,True
Bp1yP0Tz8oY,0.4663943585691664,1.0,True
iUFkhNfa0z4,0.5467375768224655,0.0,True
TW6Bi28_3iE,0.45234219217814375,0.0,True
Nl8Ut-5rka0,0.5385659220859526,0.0,True
2Qr-zQRUMYc,0.3712887068624051,0.0,True
Devzq3I8Ch0,0.45245328596890755,0.0,True
jfXVMkSd16I,0.39164435932876457,0.0,True
edZ1_39ZzhA,0.49122360619299316,0.0,True
57zph4tYL9A,0.4496840882639167,0.0,True
E2jnxsOIMeA,0.4291564143598869,1.0,True
ssgMlN8OxZk,0.40656243408554904,1.0,True
G9sELsu-wjs,0.5457240116996481,0.0,True
F84GtcuTeSQ,0.3761892037123186,1.0,True
tRPzUTiLfoA,0.47238187332044157,0.0,True
B-6FUZZ9VNM,0.4716757089346129,0.0,True
QkKPcK2okok,0.47553912773491813,1.0,True
FvGaTKAgChI,0.44705040422297915,1.0,True
quF_UIw6wEk,0.36443219176060887,0.0,True
U5ZwxiQMUUI,0.45657620100436774,0.0,True
Qd5BtUXYg3k,0.4835117267631374,0.0,True
4X_a4JKvopI,0.40965217543458027,0.0,True
-7Jnw3aJemo,0.3923399709067291,0.0,True
wgyeO0447qs,0.5062030903161504,1.0,True
_VO1jFnyshM,0.5186504270877204,0.0,True
8Q1tgtZFCEk,0.4702624117484538,1.0,True
g2576EarK4Q,0.5927133514098349,1.0,True
IbSyv5aOssQ,0.43789210968732617,0.0,True
h_y0XyfbvyU,0.47388185739747896,0.0,True
jhyASas7-mU,0.4137685423353005,0.0,True
sZY7Wz4x7HU,0.41913283859143735,0.0,True
ZKNxWHfWmjo,0.4319112048116782,1.0,True
PSFgwsXb618,0.554562664946399,1.0,True
co00ESB6fSU,0.5691162935673795,1.0,True
Qq6AXIzz7jY,0.5529638032836315,1.0,True
nhDtb1puVdU,0.37821810710744597,1.0,True
4Z8PkOCLPsE,0.4926411284933677,nan,False
RpvRYtdqpTQ,0.47914320594842186,nan,False
-WYc30jfl84,0.4892458353259997,nan,False
_x0JWs1Lvw4,0.5212257102786751,nan,False
bXO6Eppa7KE,0.39019203829936955,nan,False
6bhsbRSdkyE,0.4730064650184482,nan,False
A2M9n_DJGf0,0.5094971609468443,nan,False
dt6RLMRsLQo,0.44337501187834094,nan,False
eSNBDR_V2m8,0.4173245744971494,nan,False
vkkcqruqR-k,0.49726459219775165,nan,False
YBn662Wg-Cw,0.4601066985996036,1.0,True
g7B872qjeBc,0.4377033608416239,0.0,True
OuFaDexMeFs,0.49090797843649747,1.0,True
YCeooW4T-OU,0.4607918719481593,1.0,True
XqUpIK2rMas,0.4424888171867959,1.0,True
xR3ysDnI3ms,0.41913283859143735,0.0,True
Yo3heJV0Jk4,0.5280676831970308,0.0,True
HUu7RBHldec,0.43789210968732617,1.0,True
qj3J26R-_kk,0.41913283859143735,0.0,True
rQGlR_66_k4,0.5918169959389005,0.0,True
vtlRv7EKqRs,0.4425624877680369,1.0,True
hb_COS6aG6c,0.3820184908063059,1.0,True
4C6SWQGxo_U,0.517264225957202,1.0,True
q5JRl46OfC0,0.41235102003492596,0.0,True
q1njhgiEcAs,0.4879482527842044,0.0,True
RkKZCffg6Yw,0.35910172031503795,1.0,True
iySb9cYv-Ro,0.4377033608416239,0.0,True
Iy0RHWH1DWg,0.39964667853601743,1.0,True
TXg73Ukis1Y,0.5640097228711238,0.0,True
zQMF8b4VNlI,0.32442802129204207,0.0,True
7y53sxFJHDM,0.39676529856685155,0.0,True
ZrtRhi3ULks,0.4981216652942345,0.0,True
1ufUDKPZd9I,0.3889750589960819,0.0,True
6tIv_C3pY_g,0.4700245937602953,1.0,True
FT_t2v2zWEY,0.4672920625695852,1.0,True
GiAssE3M15M,0.4177153162910628,1.0,True
jX58ZDCVsxA,0.4721096632943129,1.0,True
1S-r0N1EjYA,0.43586689070284795,1.0,True
w_wTI03_0uY,0.4362858385412493,0.0,True
3TLU65JYoeM,0.4564626319375127,0.0,True
yYSMJDtEJJI,0.42461337539230426,1.0,True
ldgsWdXKBXE,0.4131980804218278,0.0,True
uYzaG3Vuock,0.5532532329841992,1.0,True
4GDGK18cFcw,0.4454967600685064,0.0,True
80ZE8249LQY,0.4779842755859437,1.0,True
wLewtS1ACR0,0.36784531200669146,nan,False
JSQ4f9Yqf8Q,0.6046099377641003,nan,False
2KF9SRujY5c,0.5552507919004285,nan,False
aLIKI8ZxDC0,0.41627478941305246,nan,False
W_KTREIT7Lk,0.25113736618293375,nan,False
yD6elLlvXI0,0.5589511409462581,nan,False
4yR5IVKzU_4,0.45560340407490035,nan,False
Heaku8uMyFg,0.41627478941305246,nan,False
UhxXM0hXCQQ,0.47388248343304157,nan,False
QYUCBZ5xHbc,0.4465615277643069,nan,False
e_RpXu3lHks,0.4185539986804726,0.0,True
-uRMd8go628,0.6276811304658556,1.0,True
j0MrZ5iZFIo,0.6085035800209351,1.0,True
wqRa5aoIxVA,0.2886497005268146,0.0,True
qeScKeikiQI,0.5638841137558331,1.0,True
5Q_IW9pkw9E,0.6022509904654384,1.0,True
k6FlCWlgC5k,0.3318096657208743,0.0,True
vpA05VC4Fy8,0.6140730570202927,1.0,True
c-RsEVY_aQE,0.5114161533630934,1.0,True
Afx0fONqvX8,0.6268562610601833,1.0,True
ueYwWd-YFZg,0.3822515394929188,0.0,True
ZUVrhz0qXK8,0.14031026444819547,0.0,True
1-BgQVUQJn8,0.5280774555194049,1.0,True
deEXmNrMgwI,0.12182750582750583,0.0,True
pPbGo5zHxoU,0.3831086632672013,0.0,True
ag-rmDX70z8,0.6418527220232977,1.0,True
3aa0Ehr7edg,0.31629866230061415,0.0,True
7HmMl791Egs,0.6504385806091564,1.0,True
J-KSonR-wXs,0.6294896431580117,1.0,True
EUdTFcHXUCk,0.6138495222345459,1.0,True
BXmt-AtyJWM,0.6148325200030957,1.0,True
jQHS2X4jmp8,0.5852537112560172,1.0,True
TTOXBUZU394,0.3708194912690451,0.0,True
2LrV9Ujtcb4,0.5758803375313082,1.0,True
nLsFfQEKyCk,0.40016689459526444,0.0,True
Z-fbruBE2pE,0.6438124327779501,1.0,True
QTaG4qo5M-8,0.603102631762844,1.0,True
HtDyzckyZfw,0.6093075658981071,1.0,True
3tBb3SPEU94,0.6158936622171203,1.0,True
vKJTiVFvFt4,0.5749936828234058,1.0,True
zyCEiLRbuZs,0.7056174164485902,1.0,True
jnSv6LErxcM,0.40684606959244335,0.0,True
gR_KGbyOBBM,0.5347821311621002,1.0,True
0B86vVyi3ts,0.33791089358616666,0.0,True
4L8VbGRibj8,0.6001834810844822,1.0,True
JMKYPDem8o8,0.6033789158938033,1.0,True
jvK-Mz-WLBY,0.28779307967153517,0.0,True
6nIv5fpJtG0,0.3646992348190696,0.0,True
-VO2hxJ8-JE,0.4096849945851587,0.0,True
iGtZHDOq4E4,0.6039452365703756,1.0,True
hYGmodEU4uw,0.32919747740874683,0.0,True
cua-b5QkBtQ,0.33887387043199585,0.0,True
bA-D3iaYooI,0.6336174100612777,1.0,True
PBEdsimf8uw,0.35904038447078623,0.0,True
VU-zVyMsxmg,0.3736364661337699,0.0,True
-2hAZ69thPM,0.6063571136784004,1.0,True
CZqaS7PcjdI,0.5847684880290192,1.0,True
-GVXRyNL5Fk,0.6486020269614279,1.0,True
aBHSP3uOcJ0,0.6551333993372572,1.0,True
HQZ-A0S95vI,0.3549581445340877,0.0,True
kDpckwYZgZI,0.6259516964840339,1.0,True
iOsWamYFgsY,0.30864959504643014,0.0,True
F5Nohp-OyOU,0.3493892956629331,0.0,True
muaOSj_4ljc,0.3549581445340877,0.0,True
pMBUBxdFIn4,0.2831344732109725,0.0,True
XY6BB4PvD-E,0.37303985893613784,0.0,True
G9rsX4M5CmM,0.4148572671126779,0.0,True
C-v15uYmMEs,0.4930540298207271,0.0,True
VAlvxLG0RZo,0.413842587136598,0.0,True
_3vqpX7ttj8,0.21896423205872434,nan,False
32mGBDk3LSo,0.33244512368650303,nan,False
iex2VClapnw,0.49199507898374073,nan,False
7EklVmcmVY8,0.20926630840423943,nan,False
KuvJdKn8Q6w,0.4077529102760252,nan,False
42JqX15yOi8,0.16396082772140025,nan,False
uFh93jzzNLU,0.5074935412641816,nan,False
HN-Aa5yV6nc,0.1386363636363636,nan,False
HA24ebosUXw,0.4812323415382207,nan,False
cSD-UVNvZVs,0.3924585919580358,nan,False
gC9yNO2RGho,0.665849795885393,1.0,True
zQpLub10ZNQ,0.17282502443792766,0.0,True
OYWRcnnKBYg,0.15463636363636363,0.0,True
4LympxOsUbQ,0.521081694275558,1.0,True
dPAYxs7ZHxc,0.1294780691007106,0.0,True
hEGUoE6NNiY,0.14327784891165174,0.0,True
yfS0V4RQV00,0.1294780691007106,0.0,True
lE2b71Xsc7E,0.14457765951943105,0.0,True
MOjZXYx2BI8,0.19024242424242424,0.0,True
4iJhIJDYn7E,0.4956777909227462,1.0,True
KE-PHiRNApQ,0.15927784891165173,0.0,True
o_NGUFmh7v0,0.19048051948051947,0.0,True
jZGTHgJDVM8,0.1294780691007106,0.0,True
2FQi87uKQ-M,0.18165656565656566,0.0,True
WWvS3OUiD_U,0.18165656565656566,0.0,True
B1vn4gQyYsA,0.1294780691007106,0.0,True
ID3dAK1IPqQ,0.14621212121212118,0.0,True
eOXOSYg44XM,0.175,0.0,True
92_VhjL7FU0,0.19002597402597401,0.0,True
t_cbycSE3f0,0.19024242424242424,0.0,True
Qm55g_lRGYk,0.14621212121212118,0.0,True
Kmp-QOOa0-4,0.1294780691007106,0.0,True
5cWRpJJCQb8,0.14547806910071062,0.0,True
XlvHc3XxdYM,0.15927784891165173,0.0,True
MntZEqGzcdA,0.16565656565656567,0.0,True
vOiGiMpqQqY,0.13114207176247167,0.0,True
k66Wmsy2t2E,0.18165656565656566,0.0,True
X7CwThsJeHA,0.19024242424242424,0.0,True
kFUC0dmZJG0,0.16565656565656567,0.0,True
yHx2xzqACfo,0.22659288673567443,0.0,True
GgJha4oc_xU,0.16565656565656567,0.0,True
Wj_UEAN_8Lk,0.16565656565656567,0.0,True
qVRup1kZtPY,0.29407316821109925,0.0,True
NO02xRP3n9g,0.19078354978354978,0.0,True
SFCCZq7F1RI,0.1294780691007106,0.0,True
76r175qOpRM,0.18830382293762576,0.0,True
XHcmg652O_w,0.33949514116497037,0.0,True
xe1BgUV1AXY,0.1622121212121212,0.0,True
WhhKIdys62E,0.19002597402597401,0.0,True
vFpukz465tk,0.5727832814797649,1.0,True
3Fko_TqqYtk,0.20974654075021643,0.0,True
TpBNceZbHKE,0.14547806910071062,0.0,True
SBz64Tl-q8E,0.6630347576160384,1.0,True
tULq-5dwVXU,0.6054014823375566,1.0,True
JfS7tOuwd-E,0.3529508774503213,0.0,True
GtDPjlUToKU,0.6561653001303837,1.0,True
3cK602akjGk,0.39711395629032015,0.0,True
fiSNiR4AsEI,0.38147534249094206,0.0,True
JHKi8Ou3Eco,0.3648584379988554,0.0,True
xz5u1K3TkWA,0.4095585378525488,0.0,True
pqbtXA2o3z4,0.4073967407810851,0.0,True
tL1vorKrb9w,0.645440837743396,1.0,True
H-hye0VnUmM,0.6364517737652066,1.0,True
fIkBP9bfse0,0.5654104649271844,1.0,True
YBtaSEmirMc,0.5822958334646373,1.0,True
6RNJsanOlxo,0.25864959504643015,0.0,True
TtJc6bTHhXE,0.24441313403577553,0.0,True
0vTk9phWraU,0.3164763933570994,0.0,True
1vG2pHbBaoQ,0.21773613361683966,0.0,True
5NWrWW169tc,0.2450129558425352,0.0,True
5UXxBVpNcAc,0.35545723498883447,0.0,True
CRtPFELFCZU,0.1945401157981803,0.0,True
7xDw2hehzrQ,0.25125865693393,0.0,True
45MC1y9FXWo,0.18280351906158357,0.0,True
BP1JHr5B328,0.23621889223752932,0.0,True
J6LMkM1pRyE,0.5755289548242121,1.0,True
FA5ScDMxEMU,0.40472910159312236,0.0,True
LqXnzAdFZ_Y,0.2916031205966611,0.0,True
MaDEYnmxOTs,0.3997653645069907,0.0,True
TbeE2lr2Om4,0.20678991184254342,0.0,True
YJlanmIpHyc,0.5531983903825972,1.0,True
YI0hdT0nKhw,0.3281419460585985,0.0,True
Ke8PGjj4hoE,0.29473078602325675,0.0,True
YvzngBVHLOM,0.2771447382181531,0.0,True
je6vfmO6Hp0,0.6020143458520772,1.0,True
yeZ-0qj6Ldg,0.37343332631536996,0.0,True
nwf5OU9NDWU,0.3204368009011972,0.0,True
pzcNqccK9nM,0.6011158820168832,1.0,True
spCSsS4nDIE,0.6148528293689585,1.0,True
PaeliqlOVVM,0.21256832896432448,0.0,True
Dzy_o4Yzz3U,0.21672649572649574,0.0,True
aaBenrAAP7Q,0.29937777919098335,0.0,True
27nvH4IXvuU,0.3662117050112097,0.0,True
4ldWXK6AvLE,0.41112030393443477,0.0,True
6HfyMZ1AR8c,0.3040554502968297,0.0,True
aXCqfJnv1BM,0.31089662551505404,0.0,True
98QZKeeYz5M,0.5954913989730453,1.0,True
8IAzmFPi6EU,0.36592441060626824,0.0,True
PXlGXjndLvY,0.19547806910071058,0.0,True
HM2CWdVHA5M,0.29703502034981455,0.0,True
ZPdWERzLNks,0.6007546328211801,1.0,True
JqRPjqyshO0,0.38574420043504637,0.0,True
k8A-tTLRB-k,0.5699044717803742,1.0,True
e-27XnuQ4JU,0.36289984445796986,0.0,True
mWr3ZEf-cXI,0.21256832896432448,0.0,True
hdDsWCmCPEE,0.5175543699437115,1.0,True
wNdvxLzWUQg,0.569688021563924,1.0,True
oudcJ-NtOT0,0.36051924261541257,0.0,True
skMOGVXs1fE,0.208207434142918,0.0,True
14M4B_xghIw,0.2996250656270175,0.0,True
2D_OT5pf2hA,0.2366923706923707,0.0,True
yTcmSCzRx14,0.3455048864747766,0.0,True
t64fXb_Bn0E,0.3838786355216506,0.0,True
X8G0H4MJXdI,0.30555424977921863,0.0,True
0BuBzQ3sw2A,0.5769464771245867,1.0,True
LVFuBbHkz1k,0.3091958319953367,0.0,True
qZ9WE2zrogA,0.3624390149648823,0.0,True
rgZU5pDf6mw,0.5304896524786832,1.0,True
HVvbY7A7lIQ,0.5520112961271142,1.0,True
Cb7z3jGUUZY,0.5718775527785539,1.0,True
IHYlfEiTf3g,0.6349341757430048,1.0,True
PVCWi9_sF4s,0.5886955737364941,1.0,True
ZivyR2zjH08,0.5755289548242121,1.0,True
tKUXpZyZYX0,0.29748956580436003,0.0,True
eYkXfmrTK48,0.5628246133253035,1.0,True
g0Ry6MN5sRA,0.27456453628246946,0.0,True
lJRul3VdiU4,0.5793670587343694,1.0,True
_gOIxwDRjAI,0.3852504254111115,0.0,True
vSHP8MZFWuc,0.5699044717803742,1.0,True
83M45mRTt7c,0.6011158820168832,1.0,True
g7YkBVeHpX4,0.6674359979101357,1.0,True
YZ_4nZ8k1N4,0.3676520899423101,0.0,True
VvLwP51nLNk,0.3195951660233173,0.0,True
yNr-LyKHlAY,0.6399014724821176,1.0,True
XL4AdelnNYM,0.3662117050112097,0.0,True
nEQZQQH3rZY,0.37343332631536996,0.0,True
KO-a9KSXy3Q,0.37538733225135307,0.0,True
Jjo5Jwpt76M,0.6030038695944108,1.0,True
7Xwbfruyq1k,0.5356784866330346,1.0,True
yCMFCCyn-Gg,0.6032087990644314,1.0,True
G5JgbEwv2LQ,0.5935605082547468,1.0,True
IvNguac4WWA,0.5257694261864423,1.0,True
bU81AHW3Qj8,0.3285015436213784,0.0,True
pW1L3iKNpA0,0.5574898535472419,1.0,True
rjMGQlvTLGI,0.3285015436213784,0.0,True
ucIXAw0YWpQ,0.20355639890364746,0.0,True
hGLbgEhho7I,0.32767859061602633,0.0,True
EPCZ23qchL8,0.09911688311688312,0.0,True
wQJia5PQj_w,0.6039452365703756,1.0,True
lstZ7O5eoxs,0.5036489563608787,1.0,True
ab7ZhJ-5O-E,0.596214849696496,1.0,True
zSBA_apjCf4,0.6011158820168832,1.0,True
6xozUUwKuOQ,0.5589428810573492,1.0,True
KbpvzvGEBmk,0.3115939423428637,0.0,True
Ls_bbvO7bc8,0.3015059433699642,0.0,True
K5YJM36byi8,0.29123030597922733,0.0,True
aoxnciKRZGU,0.21065509203440236,0.0,True
klR60tltRHs,0.18089028213166142,0.0,True
SH60gEi53Ng,0.40968171970224326,0.0,True
kZBoB3twM2Q,0.28726199353777904,0.0,True
zLvyi57t3Xg,0.5621823951664287,1.0,True
n8fvqL3fq4w,0.3120484877974092,0.0,True
mBnPtDwGIA8,0.5239319798622323,1.0,True
Ke8Lwdqb4Lg,0.33336714965962044,0.0,True
rddSHVroIcc,0.5979124616193867,1.0,True
_8Lqw1Ouse4,0.5771279699783879,1.0,True
7eUlUHLUII4,0.6709357116184795,1.0,True
i25F44_MDR0,0.3878479764731044,0.0,True
_iNVdhqI5hw,0.36263238563937156,0.0,True
HZ-1d_k5yXs,0.3749747361880539,0.0,True
b_rlahflEhU,0.35609392410091,0.0,True
8v1uaLuZLB4,0.2635967698725554,0.0,True
6Yz2anKraaI,0.28644369538504766,0.0,True
XyuJicNeJ4M,0.6220726809733665,1.0,True
JkXCHu8MZFo,0.591826763690079,1.0,True
PS6QF1wsRas,0.3115939423428637,0.0,True
g0JLmq6IMBM,0.3120484877974092,0.0,True
UhcbWSGmQ18,0.6035369446632246,1.0,True
8rFkQO4t0vo,0.40436319164728596,0.0,True
_oip2ixI6Nk,0.3669799511020364,0.0,True
Lkd5hfuQYKQ,0.22929792429792428,0.0,True
c8ORM60VeSY,0.613166814028883,1.0,True
CbaBfHpCR6Y,0.6340057616488061,1.0,True
BIoC1zDeiXU,0.3803799041789095,0.0,True
Y0nLZ3m5ldY,0.6527650327446949,1.0,True
CvQ-gKIr7f0,0.5793675397709281,1.0,True
hrhAZFr54hc,0.12182750582750583,0.0,True
UbEMvRP_yJA,0.3952901844122697,0.0,True
ZPo8n66_6-w,0.6358528326857616,1.0,True
JCIrUPeILSg,0.5567900348859869,1.0,True
PLKtcZak7ZQ,0.46249956430111727,0.0,True
Mzo46Lh5_ZE,0.3943523166701953,0.0,True
qUoIfw5R-iE,0.3217492486335535,0.0,True
-d-I2is489U,0.22059184376418103,0.0,True
m_RWLfHCA2I,0.614234995058266,1.0,True
-d8C0NuXiFM,0.6445222187342204,1.0,True
f7Sq6qiPUXo,0.5585207744031273,1.0,True
byi9l4oWjts,0.3842171815350602,0.0,True
Py1qwPT89Ho,0.5690739048136156,1.0,True
Ohp4wDePd0g,0.3439648726197722,0.0,True
ZXpm1X7-PFM,0.6455309680908854,1.0,True
ydtWlMuDuT8,0.3239143816096187,0.0,True
25Bc6-4qti8,0.6455309680908854,1.0,True
LU4tghjdnG8,0.7093683896351543,1.0,True
k7XydEQQniY,0.40215292561376936,0.0,True
22NqvJyppt8,0.6232924539168875,1.0,True
PbqOP1vp9ps,0.6017288394338525,1.0,True
A-q0pg70Nwc,0.46247979392865446,0.0,True
08LyYlIMXbY,0.39161038118632435,0.0,True
sqaxqH_GPFQ,0.4465615277643069,0.0,True
Oef4mROszSQ,0.43586689070284795,nan,False
vG6joGGC4Os,0.44407923776813185,nan,False
81w8NsYORv8,0.42153613796399536,nan,False
CAlky8nXDUI,0.35609392410091,nan,False
yYq6mT4B7G8,0.3314946711173126,nan,False
EhaQL_ZdCrI,0.4177153162910628,nan,False
R7MNw_6mU-Q,0.4792409981577535,nan,False
yGxRBJAJtx0,0.42294654266016024,nan,False
GlxsaG5GrwU,0.3909224486063545,nan,False
l0_hGcJWxQE,0.532795776712532,nan,False
Qcf24AgBHOU,0.36564665928487367,0.0,True
bp4APeRz5x4,0.36846190237311094,0.0,True
CNzeW7lqS3s,0.12182750582750583,0.0,True
3U_O2Rae5wA,0.14547806910071062,0.0,True
7uIAvSi50K4,0.14547806910071062,0.0,True
V3RHCfcqANg,0.14547806910071062,0.0,True
orYHo4Bp2yM,0.14547806910071062,0.0,True
v1_d7Yy6rxQ,0.14547806910071062,0.0,True
QclecXAZGYw,0.14547806910071062,0.0,True
3dAiia95u2I,0.12182750582750583,0.0,True
STtmPOsU9nc,0.14547806910071062,0.0,True
e74ipzMz0w4,0.14547806910071062,0.0,True
1jlBykF_DVY,0.14547806910071062,0.0,True
ow8wW8yJBh0,0.10582750582750582,0.0,True
ZkX_7HExlQU,0.28332120880638845,0.0,True
Z4rexTtozkk,0.5755289548242121,1.0,True
xvODstQHVBs,0.3625335440916695,0.0,True
qrw66wdKSYM,0.36584971406098343,0.0,True
4yRO8juMGxI,0.622565926225548,1.0,True
yjQsYRMw24M,0.625774977800664,1.0,True
CQMdBPEGP6s,0.6464265094146249,1.0,True
DelYv1tGF8k,0.5959270478625317,1.0,True
yeFECP4IVWY,0.625774977800664,1.0,True
2LdsQrqRTfk,0.6352873943885815,1.0,True
rOYamW4r1NU,0.5997747081407725,1.0,True
79ByHlNyejU,0.5284027560571464,1.0,True
1TXz0-gmKLk,0.5508156799868664,1.0,True
5IaS7yt4P-A,0.37165397089504093,0.0,True
enYP8gI8VmE,0.4196672504161718,0.0,True
KE9H7KMlhc0,0.31269710692207575,0.0,True
wPd-5waQInc,0.6233066669662888,1.0,True
EWOhy8iBALg,0.3592186980182027,0.0,True
ww1XyicISgw,0.3003407560368125,0.0,True
P9epYK1xOKc,0.6356553542449956,1.0,True
XwI1i4FxKF8,0.6095726371158745,1.0,True
HK5iqpCjG-I,0.30652063633384047,0.0,True
eAuPfJy-96I,0.23621889223752932,0.0,True
B8toKRoY4-E,0.6633532909742587,1.0,True
5QW8Ty6WuCo,0.6688338277751256,1.0,True
fREsSJj1WVI,0.6147242841908283,1.0,True
gcAa2QVgb2Y,0.611711122690415,1.0,True
SQsA2oiD_xA,0.5769464771245867,1.0,True
vfP_cIynhhE,0.6169347133493334,1.0,True
GtXUUiIARh4,0.6022389613401484,1.0,True
tkkNbg5Dhn0,0.614234995058266,1.0,True
IUYAnP-XiAk,0.5965001483297102,1.0,True
6pvVQw03QZY,0.72337928232058,1.0,True
zfjuEyRWHwM,0.6058353142013786,1.0,True
aSa8yn5ypl4,0.6211484039251735,1.0,True
3lHAHbFa9wI,0.5699044717803742,1.0,True
YFzoegRzu4g,0.31972260677719017,0.0,True
wJ80ip-buXc,0.608333939306994,1.0,True
BdEffYNyYYE,0.6510257179411537,1.0,True
i3P60MwNNxA,0.3647941827108351,0.0,True
yhpZUDZzEj0,0.37139171101435253,0.0,True
7iWG08mkejo,0.35424612052190607,0.0,True
K-6q2ivdGMo,0.38790087762942793,0.0,True
TzYbvGAdolI,0.621889144665914,1.0,True
-wEa0PUo3Ns,0.05454545454545454,0.0,True
49f_0IjhVk4,0.08311688311688312,0.0,True
JL95BFh7Tz8,0.621889144665914,1.0,True
1BUg3d4qt1w,0.6285048593641026,1.0,True
a-uFTOioy8s,0.6339929823333155,1.0,True
ndV_1WG6g24,0.6737255713803819,1.0,True
c1HJ5mbJdmg,0.7083832865662464,1.0,True
kLZBR8gC4NA,0.692255347661919,1.0,True
ArYBMHgHbAE,0.6633532909742587,1.0,True
hZ3n9u6IHTA,0.3923399709067291,0.0,True
pAGTKoGjBOc,0.7077814434669273,1.0,True
srbd_Ffrj6Y,0.6734568669432355,1.0,True
0gFcu7or1qs,0.5954913989730453,1.0,True
Nh2DAL_scWo,0.7900459489872468,1.0,True
NClduocxu-8,0.34192815984481223,0.0,True
pENuYPqB3Vg,0.09454545454545454,0.0,True
0INT_jLpsGw,0.4079610481217342,0.0,True
clA9dQ839Z8,0.626686620346242,1.0,True
q1JFMm8biXo,0.7240263301735937,1.0,True
r4F4ZbcyQnc,0.6233066669662888,1.0,True
YzpLi3Lshzk,0.6287872037671557,1.0,True
QHKc65T2Vtg,0.34930565530760715,0.0,True
xSZqbdMet0I,0.7300199576409254,1.0,True
w2c9Pkpqw18,0.6065946394969848,1.0,True
CA73AyXaqA8,0.6607692252446643,1.0,True
ug8GxEG4DcE,0.38467324347274817,0.0,True
bzB9cHob7Eo,0.38574420043504637,0.0,True
J9XL2SyZC4Q,0.2814230951836677,0.0,True
JT8PySxrvLo,0.5996983597165084,1.0,True
SRG2wNqe1SI,0.27088867828242325,0.0,True
kjcsXEEcTK0,0.05454545454545454,0.0,True
uGhezig8_Oo,0.5950826260293356,1.0,True
0fqJ8d9MJXs,0.6246940624262649,1.0,True
mtpbk5uWL4M,0.565653967878796,1.0,True
l81U51qx2L4,0.22119763646184737,0.0,True
MLmIPFWZPg0,0.3975734988659696,0.0,True
I0dMhrvtHt0,0.22136667633441826,0.0,True
d_3GvJ-PiO8,0.16688588007736943,0.0,True
v8O8xrl6oas,0.2702759160667102,0.0,True
haPAbkLLDME,0.1941679313594207,0.0,True
qOHOINIxjcs,0.19143282655910643,0.0,True
n5j49VOu2rk,0.19143282655910643,0.0,True
yAW72d6uL3w,0.19143282655910643,0.0,True
8HEPC1A6Dqc,0.13543282655910643,0.0,True
jfV-AUn1EhY,0.8337959489872467,1.0,True
wNCB5XKp-2Y,0.6177299131470433,1.0,True
uLE87jz9yrQ,0.6233066669662888,1.0,True
z1F7divQyaM,0.6633532909742587,1.0,True
kx_7TtztnXI,0.9080796939294136,1.0,True
ppSimSwZtHY,0.6667380148939925,1.0,True
meqBTV3yDkg,0.6251255703126057,1.0,True
Oy-512vJDcM,0.6289256552802014,1.0,True
imcwwgvyYiM,0.3585661683477108,0.0,True
Xw-qLW3KA_A,0.28606250132671224,0.0,True
ciw4pqTGw40,0.31783732218092575,0.0,True
qYQXbxjrTuA,0.3115939423428637,0.0,True
d5sVPRYUhhM,0.709103490926151,1.0,True
kWJI4Qzo3a8,0.6588801907181508,1.0,True
UjTrfFCo_7g,0.7258425104020481,1.0,True
nNFEv21qnBU,0.6554097490693709,1.0,True
9chrS45FGZI,0.6711577311577311,1.0,True
rUuIDZeumKU,0.769285182557402,1.0,True
8VSqQIhLiCg,0.31634408064269776,0.0,True
8KXeYyk1q1U,0.2360056916816073,0.0,True
XnxEopdXw9o,0.23388370900998887,0.0,True
8M6kwweIv4Y,0.2127992926613616,0.0,True
gKOr4FOgFdY,0.34300387844036667,0.0,True
EDATYbzYGiE,0.8801484230055658,1.0,True
ok_bJHnma30,0.3975734988659696,0.0,True
LWeC5ivSeow,0.5589428810573492,1.0,True
uYvc1rSiOHU,0.3150449222683923,0.0,True
xp3s3OMcOBo,0.5375387064842942,1.0,True
Rt_-zeeZdSo,0.5306136055331228,1.0,True
X4mdV62uDQk,0.12054545454545455,0.0,True
5Y7EyIR4KTA,0.34245757794228837,0.0,True
9A3eU3vuoJI,0.3719002640548038,0.0,True
N4kpe-J8kP0,0.2498111207788627,0.0,True
FdRJd6OGgGI,0.641798524997412,1.0,True
fNiVHcSGg_Q,0.273922513545155,0.0,True
NHFeuFrx61E,0.6290985302703523,1.0,True
vGztYJEKCnY,0.7181591206574631,1.0,True
8NjVIWfje1o,0.4345936063938297,0.0,True
ocVhSUPSbOI,0.34433465061043617,0.0,True
EOTqujB8_R4,0.2794697857455713,0.0,True
o2c2_EGP8w4,0.3595867514507723,0.0,True
Uv0sAGwYaXM,0.14547806910071062,0.0,True
sbWIJTJtQ5U,0.3950913447139862,0.0,True
Ewosu5ec75Y,0.3710152110917104,0.0,True
W29_31cgsLU,0.14610732070104615,0.0,True
r0-3VxUAOGA,0.3479993380758374,0.0,True
umbIHTHHGm8,0.33295363883599177,0.0,True
evKkv95zIjc,0.5823778894222885,1.0,True
om2rGlZ_wFk,0.17342109381792886,0.0,True
wgdtO5D7qn4,0.2794990158958509,0.0,True
EPkvhLcLack,0.10457670261390692,0.0,True
LasjhGsnwMc,0.571306941781246,1.0,True
jbOoueojcs0,0.5813691400656236,1.0,True
uGlfSrxQNwY,0.168056797561792,0.0,True
dz3hA0cuntI,0.19880334945649347,0.0,True
tDUuFnP-r1I,0.31651991614255764,0.0,True
vpHTS0VaTZk,0.23417119833922367,0.0,True
GV_IPhKJwEc,0.40215292561376936,0.0,True
QBxbjSs3NjQ,0.14042209511315187,0.0,True
huB70ZENozw,0.5980957838354947,1.0,True
JDQiaRYmTGk,0.6793929083893929,1.0,True
Zj9mJrPHIIg,0.4314608493775018,0.0,True
5GPBN3cOPvA,0.3016886762804651,0.0,True
BwGMJ2s62gc,0.23514705742540593,0.0,True
nl66SzwkGKU,0.518886700181387,1.0,True
Y_4bX-Bp5s4,0.5457253408848022,1.0,True
rnDvsR7QFDQ,0.6793929083893929,1.0,True
iq7IJYnSE74,0.3476824139581995,0.0,True
wHX85xv8W8A,0.451503140652565,0.0,True
yYpVOq0KCj4,0.40247825254645697,0.0,True
UdHW2OvnRqQ,0.3962867448624914,0.0,True
fljO95ZOmaM,0.46312653465905385,0.0,True
_LoSivOoZ00,0.38358240336358285,0.0,True
AuFa0QC6E40,0.41627478941305246,0.0,True
iQ2yA594Y0E,0.5945741719909756,1.0,True
EijCmK9Bzg0,0.23476020076215262,0.0,True
-DDVvFlBcpY,0.4177153162910628,1.0,True
JUF1Nc75MFI,0.6685185185185185,1.0,True
RfkMdRgNbC8,0.4406138513359325,0.0,True
iOeeJOYXXDE,0.40936079169535555,0.0,True
jNFmssgy7Tk,0.5179324941171382,0.0,True
0--r8llEONM,0.40955541054170264,0.0,True
1fM3_IIJOsA,0.4998095872747297,0.0,True
SDI01Ii5mq4,0.18596336996336996,0.0,True
iKf007sBp08,0.4877563901457318,1.0,True
hdHWQgVbVSQ,0.5051457291486561,nan,False
asR0kxbjYq4,0.41520672533014824,nan,False
1AgbwhTHa7o,0.4740706062431812,nan,False
Vw0HWE00SJE,0.34433465061043617,nan,False
jFNSE66OMsI,0.48586258481977174,nan,False
HQmSPkd0A2s,0.5804825523458677,nan,False
FdNAT8utBTM,0.5655085682283907,nan,False
HlWsjxC1szw,0.41115323274390897,nan,False
uaxSxMwbH9M,0.5994348193885249,nan,False
uj0TNwAzjjY,0.44591570790690777,nan,False
AtC3KyJcTL0,0.6739195031684199,1.0,True
PGThf_iBs3E,0.576119986014064,1.0,True
oxy-YIaYnzM,0.6039452365703756,1.0,True
9mr89LBPnIs,0.6021246313735481,1.0,True
EoOVI-khDfA,0.6448470618528759,1.0,True
VblzNHCgsiA,0.5394436107908593,1.0,True
FTuOS8E1LZk,0.7759801563655584,1.0,True
5QXF0mFJQTk,0.6448044403995461,1.0,True
7e5qLyctBDU,0.5481964995124262,0.0,True
NYRLQAIshCU,0.6544033480629698,1.0,True
Yp3KG5DBsvw,0.7148373282922857,1.0,True
NH_rtiLZ6xE,0.6310860543418684,1.0,True
Zp3EZAFKNl4,0.661054440399546,1.0,True
vjU5VxqrcrY,0.6039452365703756,1.0,True
x9hP4ENWVvQ,0.4277486057713108,0.0,True
KapngJeg8uE,0.6598247591372922,1.0,True
G_XQgZErZks,0.6094257733712425,1.0,True
lydpqaStYbk,0.5984625794092889,1.0,True
DVLLTsaVSZY,0.3285015436213784,0.0,True
zG31ekp3RdI,0.559965360600707,1.0,True
Vy5v181-ouw,0.3944697857455713,0.0,True
JnIyFrIV6bw,0.41913283859143735,0.0,True
YiuB06wDf5I,0.5940738766726705,1.0,True
S_S7slwOjvA,0.26578222883573777,0.0,True
ok1ojCW4fXg,0.59711209110866,1.0,True
rjST0RyPCZY,0.3817974264792841,0.0,True
QPXoz8O3Vr0,0.3582557211723736,0.0,True
hWFQbAXBioU,0.6907570326925165,1.0,True
grUxkI8hoh4,0.4096849945851587,0.0,True
zlbAyqsln_o,0.6371925839762429,1.0,True
T9JSZxRlMVA,0.8167045454545455,1.0,True
kqQNnW_o0hY,0.23128205128205126,0.0,True
zYotA_PNwbw,0.5791440049851813,1.0,True
SXtUcmynBTY,0.4720575253275907,0.0,True
fjLhRi4k4Nc,0.45876301128612623,0.0,True
eDOTbXNDXy8,0.4137517228738082,0.0,True
1oRQ039hdOE,0.3858607631891803,0.0,True
8wfH-isXtzg,0.403146462584257,0.0,True
5wfWjU3Udvc,0.366525405647491,0.0,True
Cd2_YWoL3lY,0.3619684983653334,0.0,True
E5P0Zzlu1Tc,0.5940275313409642,1.0,True
Cdt8mevcdeg,0.2671695453230492,0.0,True
7wryytLc6RM,0.25733343735372133,0.0,True
Zz3vEU0wD34,0.22551270906240478,0.0,True
1wft2nnrcV0,0.2589272030651341,0.0,True
uU9rMN4GTIY,0.3108561812677497,0.0,True
mCWALQf_kvY,0.17551270906240482,0.0,True
T2HvOQfQJ_s,0.26455980257537537,0.0,True
B9stwYq3kiQ,0.30900839540523045,0.0,True
Xr7sFrZLT4E,0.35059479067128996,0.0,True
l5x07vOTL5U,0.30328529879029326,0.0,True
ptlvrQpQyWs,0.2549188191332495,0.0,True
IesRU5KBeyM,0.16923979877749773,0.0,True
m7jkH1tfAok,0.14728205128205127,0.0,True
uq65rLr8vrE,0.36564665928487367,0.0,True
XoaAD-ud0DQ,0.2519801270399512,0.0,True
S5gXo_4aT9A,0.2419038524386185,0.0,True
sItMvkefy-M,0.2851470574254059,0.0,True
-TAuXlYjJPw,0.32757891765541697,0.0,True
kbhpytMjf3s,0.34433465061043617,0.0,True
B_NhZMSnLe8,0.49555641486455526,0.0,True
sr2FCqSElZU,0.47936239419834586,0.0,True
s2OV9AG7qtM,0.481050316178841,0.0,True
AAJ5Qj6frAE,0.40431472268523283,0.0,True
6AG0hD_0G9I,0.4054450393981444,0.0,True
TiHf4x86KLQ,0.4981216652942345,1.0,True
kdXVCTAp1ng,0.5644552554875337,1.0,True
f_KJ4tSq6p8,0.4606656330341914,1.0,True
hqdJwbUdf0Y,0.5219037938928246,1.0,True
EWLjFcJ6JtI,0.5187930108522757,nan,False
kbQF8XAEkig,0.39379826559981856,nan,False
eLdGb40Ywn0,0.4426387108901215,nan,False
ZpmdfwjXMxQ,0.34701743862889817,nan,False
iQ5HaiR9Zkg,0.4473332302072824,nan,False
tWjp2QKBPG0,0.5435721252480409,nan,False
QIWjTJAGjkU,0.4377033608416239,nan,False
ow_NyKFF6fw,0.5118548879425486,nan,False
FpzJh3_hZL8,0.3753367271382801,nan,False
PhPuzg9Ok9U,0.4145548820284105,nan,False
4_CNjboJj5w,0.5715902105557278,1.0,True
u0BglDh7e5s,0.3669799511020364,0.0,True
lp57SuC2u0g,0.3595867514507723,0.0,True
mNwByDKWbk8,0.35913220599622686,0.0,True
7DSdg7T-2Zw,0.55227872485937,1.0,True
23iBEX4Wn48,0.6400196748123015,1.0,True
zUBQdisGGhE,0.5991819437632244,1.0,True
cef2iwEITAk,0.15085347985347985,0.0,True
voljBC_HU2Q,0.5798205133673114,1.0,True
7fyyJ8IC-Sc,0.5453026916354491,1.0,True
RaXOG1FSMvI,0.5779999081704839,1.0,True
6r1SnVEzdZE,0.6002774805442451,1.0,True
DBEVMEQFoIM,0.5659657275118899,1.0,True
N8xSQb3WCfQ,0.2882859586827938,0.0,True
oN1VO6wlWW8,0.3453018316986668,0.0,True
st4zchxQpzg,0.48128315807197203,1.0,True
6xiEV3FMMGY,0.2567687173034834,0.0,True
gjv4hcvpc-8,0.30676871730348343,0.0,True
lPSx6ow_DC8,0.5344345913357536,1.0,True
YiIzuA8hCMk,0.5418486000912258,1.0,True
A5ORwoM3HNM,0.3688204933177909,0.0,True
YkxCURFYbRM,0.1171764705882353,0.0,True
5TMw9n0xtgE,0.3049188191332495,0.0,True
GXF6x4jsAQo,0.5991230490245909,1.0,True
7D2kGWifpig,0.36454617472876755,0.0,True
tG_NXIiiopY,0.580708597976002,1.0,True
HpHGjTAA4b8,0.28965340965340963,0.0,True
g89KxRrqsOY,0.21672649572649574,0.0,True
GXjYKUTYzd4,0.2864360605125598,0.0,True
Mm4u1JZczyA,0.5716543498969756,1.0,True
xnOchfwtVOE,0.2212186437312107,0.0,True
HfpTjOL9lDE,0.14440623428858723,0.0,True
xNMwOzioybE,0.21463539540958892,0.0,True
RnZ3XmKs-gQ,0.17585347985347985,0.0,True
M8L1_z4xFgg,0.25785944352927276,0.0,True
CfzyVMw0m9E,0.36767556268000096,1.0,True
AIByvJuFmZY,0.42461337539230426,0.0,True
ZZto7vz9Kvs,0.3131947358665169,0.0,True
7mO7tA4k2iQ,0.4137685423353005,0.0,True
BkSPDZWZlwk,0.3923399709067291,1.0,True
ArhgXnCFLQw,0.3596345082102547,0.0,True
wJtQcdJ-tkM,0.4407434353793886,1.0,True
_2ZqcUF5pAw,0.48154016785609466,1.0,True
DX3DQWob1C4,0.5092258280323668,0.0,True
oKOzcODS6Rc,0.40252249552948144,0.0,True
-6r8XPoQpRI,0.56608476939577,0.0,True
_kmF13BjCZQ,0.5264247277406545,0.0,True
V9atmo_HKaE,0.5309190088890933,0.0,True
tL_Lckz6XWM,0.5789386586696248,0.0,True
ukBJgXBdW2g,0.4889458368463102,0.0,True
5W8Ys2Ix10E,0.3823755021246175,0.0,True
w553Hkei0l8,0.3647941827108351,0.0,True
2uoO_I_PCeo,0.35172785026170034,1.0,True
PZDyD1YN9_4,0.37227215302107436,0.0,True
a4rRqfQclKg,0.28375721729142045,0.0,True
NH9TNqziKx0,0.389157320681129,0.0,True
LWBEgQYaO0k,0.4031848039637328,0.0,True
neUir_ZmTJQ,0.30144640474829154,0.0,True
AtBW8Lg95RI,0.37094112274267566,0.0,True
LdtMrZvyWF8,0.41443831927427655,0.0,True
C34rf4lLmRQ,0.3753367271382801,0.0,True
nrHPytzPLTY,0.3473307350937941,0.0,True
OJEqw1hfRnc,0.5534418731439523,1.0,True
C1ZH4oDScR4,0.3978208299169999,1.0,True
yJzb59CzLDM,0.43586689070284795,0.0,True
2iyLgIG5jDU,0.36443219176060887,0.0,True
w8M4FEKlRv0,0.37639225848842844,0.0,True
70oEgddYqcQ,0.4137685423353005,1.0,True
9dEgGKBqlZ0,0.3495263569758236,1.0,True
n1RCcfIcfTs,0.34524300591827906,1.0,True
Q2yAI68iTg0,0.34192815984481223,0.0,True
oFsz_bH0-bk,0.4177153162910628,0.0,True
1ozd45BsokY,0.3950913447139862,1.0,True
URAIdsKDmgo,0.3662117050112097,1.0,True
IwPaw1s448M,0.3160239859202648,0.0,True
Tx6VaZQ7ukg,0.3817974264792841,1.0,True
jUuJbNkq2KQ,0.4113724673340447,0.0,True
b-XDp0e46nc,0.36075403084106866,1.0,True
waC5Aqjyh0Q,0.5317037792790712,1.0,True
yBoqSDQ4YxI,0.5673696997777847,1.0,True
zs3sWSuS0PQ,0.3825837661723941,0.0,True
zCS5vgBueX8,0.32364392116978846,1.0,True
7i_y9uD3rhg,0.3923399709067291,1.0,True
HVqB9o_m6tw,0.3600350765927026,1.0,True
9TjiLH40PdM,0.4001838986152542,0.0,True
oMPYs_VENbs,0.4353874173994006,0.0,True
cUeyEbjZ3Yw,0.38574420043504637,1.0,True
svs1WI-hNf8,0.3256181580369087,0.0,True
hL1w0N0Gka8,0.1505302930899602,1.0,True
nt7Lig2qUiI,0.3723586450430503,1.0,True
ewKC82TYLT8,0.40613975071767017,1.0,True
YtYYievceV8,0.36263238563937156,1.0,True
0ngY4g-HMSM,0.36584971406098343,1.0,True
AX5bto9ipKM,0.34433465061043617,0.0,True
DbmWj7hFaDg,0.36227039468914535,0.0,True
E1Ykr1nFk54,0.2866734376920747,1.0,True
M8DVn0gIUS4,0.3978208299169999,0.0,True
MVgC4A1Fevk,0.4219498400116038,1.0,True
lThzHggoKRw,0.37639225848842844,0.0,True
x20SSD6Up48,0.4031848039637328,0.0,True
COkmBdBmq-w,0.36767556268000096,0.0,True
OGF_VfP_N_g,0.3277799551083722,0.0,True
JKnrNzQpDdk,0.2425199161425576,1.0,True
mLmPYpf9AHE,0.44811924769098843,0.0,True
EcsYSMmCDaM,0.5434314953571644,nan,False
TNwfUk5TcOU,0.43321136640799923,nan,False
kQmnTC2GvY4,0.5144912648040306,nan,False
47HbUhDD9Zc,0.5820734437975817,nan,False
TwQF5O6m2To,0.644621856756108,nan,False
Whkdgao84bw,0.4177153162910628,nan,False
3R-Ca0QfeGU,0.3453018316986668,nan,False
I-6IPFNmueo,0.4283146816375914,nan,False
lfAvPepC-9Y,0.4926411284933677,nan,False
cngOr3Olgxo,0.45504510963713807,nan,False
AGunhTqxHHA,0.25140442104734656,0.0,True
_NpCBsAw6zs,0.32533923955366995,0.0,True
PNuRmlmPYC4,0.6056377875325012,1.0,True
-_Gx86QSEDo,0.35307726679114093,0.0,True
HFZAcCdUDEw,0.2568843837686886,0.0,True
fqFyVAF5EJ0,0.3383832202296092,0.0,True
j5X_sOTo8Pc,0.5769911588138189,1.0,True
3g3Dxrj5LVE,0.36795981791311955,0.0,True
cMERflftolw,0.39223329553560127,0.0,True
0S4Izgi4wCs,0.37303985893613784,0.0,True
sHYASYfkG2g,0.2673359409585825,0.0,True
Owl5mCxOB2c,0.3456840671398768,0.0,True
fNpoXa8MBEg,0.2774641460867876,0.0,True
vnhAcBPbpjU,0.5795437774177394,1.0,True
rKRdsCb4ygI,0.4264592806829409,0.0,True
K5xiZoWXTAA,0.6213615631985889,1.0,True
S1DvD2N4Smg,0.36152324557405374,0.0,True
tFP5wc3Tx6A,0.5927635188148208,1.0,True
U0Wc3Zaarcg,0.5876444270638022,1.0,True
dmyG0iMS0Cs,0.6571543942153949,1.0,True
wZyBW0gJfbU,0.645025088336089,1.0,True
YlxlsQVLw3E,0.5937221007664999,1.0,True
UwSCDzYQb5A,0.5741428291596484,1.0,True
qPit62vlVfg,0.1788205128205128,0.0,True
yZiCST8V3EE,0.2846652335213264,0.0,True
xat8bubQtO8,0.5927133514098349,1.0,True
wxsHzcxZSzQ,0.35127998361454743,0.0,True
0oNV1SrPCvY,0.24682471773684228,0.0,True
H1kdqvXFR20,0.3236301263765001,0.0,True
D3KTOwHykb8,0.19440623428858722,0.0,True
264NsPG_izQ,0.23142309518366772,0.0,True
yykumjhvSIA,0.28284606959244335,0.0,True
vPs7MOtPVFE,0.19440623428858722,0.0,True
zh-eENOPDi0,0.384087364174402,0.0,True
u3AWfmE_c68,0.34731765844678936,0.0,True
yC0sEHLfZ8w,0.41313202483475536,0.0,True
vnvTRfjMJDQ,0.14977053054472408,0.0,True
vlUyPujo1R4,0.5751515785163133,1.0,True
dbQi5DrhotU,0.43637891076110885,0.0,True
_qfc1t0t8c8,0.30676871730348343,0.0,True
5GBD6rWf-jg,0.30676871730348343,0.0,True
d7mfM4pr7gM,0.3469808022690681,0.0,True
vhCnMbi6CJg,0.5697872822601765,1.0,True
8N0Shpz_zHA,0.3774978026637103,0.0,True
ioKFNFkyXBI,0.6355034459573038,1.0,True
85YXjCU0pmc,0.6232924539168875,1.0,True
giNj15Ar0eg,0.6455309680908854,1.0,True
OKAD-CSwkig,0.214563950960786,0.0,True
ERePLY6C8Rc,0.6016921874318981,1.0,True
PK3GQZRppgE,0.6793929083893929,1.0,True
VsskhmYkZ9U,0.5741428291596484,1.0,True
OuIv0y72fvo,0.6416451349561356,1.0,True
Ssed2BuRcLE,0.6174757300638392,1.0,True
84G2SFfztkE,0.6416451349561356,1.0,True
qxusY3ZU2uk,0.6169329237071173,1.0,True
xq8q6cjN4Cc,0.30676871730348343,0.0,True
EMHi3FvXfFw,0.3677093874905669,0.0,True
WUbwWWLYRcM,0.36784531200669146,0.0,True
KcYnJwQDMdM,0.36227039468914535,0.0,True
3qy4Gy6GbV8,0.45658010101288865,0.0,True
h8NmHNJYtcE,0.4709864173832524,0.0,True
7rIHW_10XkA,0.30743512752216534,0.0,True
UL-Lj1PzFEI,0.36263238563937156,0.0,True
SGGRjsw_UkQ,0.3962867448624914,0.0,True
oYvgcVGtjaY,0.43377166992795724,0.0,True
OaeyQTYceBc,0.464067282318693,1.0,True
AYNDzQ8oBao,0.5069802832962101,1.0,True
-AacnKUBL24,0.4407434353793886,1.0,True
JHGHFdEyidg,0.504575099813774,1.0,True
nP8869OSq5I,0.4480430245689038,1.0,True
3ix28j6NMFg,0.36584971406098343,0.0,True
03n4SigPCCE,0.4619431687383795,0.0,True
6JI2UvlgqTk,0.6076397195408818,1.0,True
3Db5M2kgibc,0.43591933201877164,1.0,True
6ByRSVD2RkY,0.5648937121578631,0.0,True
ggeQjWUVhls,0.29296155672212926,0.0,True
fCFeVXbL0fM,0.4906144393241167,1.0,True
Gj_SjDcRPAE,0.4954229333222929,1.0,True
DtUz4CsQmrQ,0.4564626319375127,1.0,True
KIOdsgOD7-I,0.3803799041789095,0.0,True
TtyFr9_7V68,0.43098398197027404,0.0,True
T1ZCE16gHiQ,0.44686165537727696,1.0,True
6fsuYrS6sxw,0.35380685651154575,0.0,True
HreJtj3IMUc,0.4405434901152308,1.0,True
NJ23xGBOS6E,0.4279910055141204,0.0,True
rUlwO-hYOAQ,0.39901286611425757,0.0,True
GctDTN14Eik,0.4431838976424908,1.0,True
CtMuJRIT5s0,0.514900913009025,0.0,True
E2U3CtmjFws,0.5091849615743033,1.0,True
Q7x-YZ0JbPw,0.4019698402723876,0.0,True
NjlNRBdGLJs,0.3962867448624914,0.0,True
6dC69lq8vQA,0.47388185739747896,1.0,True
qO7OHxKWZNU,0.2996250656270175,0.0,True
dUzP2RHvPXo,0.3604797517190742,0.0,True
TVlp-qpmX-M,0.3803799041789095,1.0,True
ykNua4E6eCs,0.4944484434056303,0.0,True
XYiXgL4v4QM,0.570980684174548,0.0,True
yBq5YU2kv2Y,0.387161722735421,0.0,True
tqHpkA_b5Ac,0.422200624409942,0.0,True
4YOLyijrRs8,0.4767923478917876,0.0,True
gQpi6HfT2xA,0.4431838976424908,1.0,True
0k-gRxLaCOc,0.4129312360835252,nan,False
lqzJqeeOAlQ,0.45640395843486664,nan,False
h7_iX2ty8xc,0.4321048371958133,nan,False
MfwX2ZRFAxE,0.5420960915471774,nan,False
EmtCx_BCug0,0.4649556694142626,nan,False
pRNSak-thu0,0.5194618179458604,nan,False
9JPYN1uaizs,0.4564626319375127,nan,False
6_BKrfeAbVE,0.5149190701371655,nan,False
Kf7g-Gtpy4U,0.397704267162866,nan,False
QzHMgcWIcRY,0.41199860880016176,nan,False
I22dkylZ5JY,0.3606065178478971,0.0,True
h3wWyaWpRtY,0.5750951229603901,1.0,True
1pQwmv5nKWE,0.6205126716844938,1.0,True
OHeSsQqMq7w,0.6094315717450046,1.0,True
Bn2_BO0tSXE,0.32387488328664793,0.0,True
fohlY23zBdY,0.37575528163763455,0.0,True
dTOecPopr98,0.5694706399165522,1.0,True
GijmBJ8CzOc,0.21079747942012092,0.0,True
EVA0xQh9HjY,0.19533826343395355,0.0,True
DpOPeAzBCZQ,0.7016986312956914,1.0,True
DzjKnubzNQo,0.35172785026170034,0.0,True
gs60MDe3x3Y,0.4087617569021743,0.0,True
DqThytENDMQ,0.38790634681755537,0.0,True
fkcQDfb2E1U,0.16396082772140025,0.0,True
vdoQVsvmCo8,0.2658973244470202,0.0,True
yw1sc-syOZw,0.3331481175598823,0.0,True
WQuvp1yPTWw,0.33717411716646184,0.0,True
ryFhwcZWjvk,0.28116111578375735,0.0,True
z_Sbgw0yJLA,0.24262547239720628,0.0,True
QskUOhRjZrM,0.2792802380408106,0.0,True
lznRLa4_wSg,0.3950748055989174,0.0,True
p5MgYi19d0Y,0.3004732175030159,0.0,True
6lEfjMvvWE4,0.3506217952878562,0.0,True
LEHmhhXvWfw,0.3106784984415574,0.0,True
MqXbPVCYP7U,0.3484790657371303,0.0,True
uG_GfQfCpyg,0.3602823630287368,0.0,True
iRnHwMvCNI8,0.6536986241727621,1.0,True
SJfmOr2O26g,0.42660267650959066,0.0,True
2kLv94nPLsQ,0.1929868017473743,0.0,True
AuxuQ7sJPkg,0.5455304058247414,1.0,True
IYvV61Y8xw4,0.16843910806174958,0.0,True
PJeS-Jeki0s,0.21440881957923166,0.0,True
5EYCjgjKwM4,0.6543656436972631,1.0,True
kMo3mQgcJOI,0.32228516414918496,0.0,True
dznfg_AzAU0,0.6548044548044548,1.0,True
-Tzmp2juMW8,0.2465214305214305,0.0,True
3t5FZ4xfE8c,0.3671409938435984,0.0,True
6kiLtxO78b8,0.22821515298688685,0.0,True
Lcyxe1sXvdQ,0.19901932712433074,0.0,True
e1m5L-VGaK4,0.15927784891165173,0.0,True
k1-2u4OCRHE,0.22776060753234137,0.0,True
dU9Djduer0M,0.14547806910071062,0.0,True
E8ukvDmklp8,0.18069487983281088,0.0,True
BpUe-v662sI,0.15927784891165173,0.0,True
h87G-HsE6gw,0.2945837687216998,0.0,True
MTAwU6zUE5A,0.6714041659854468,1.0,True
dWCl6Er_VG4,0.6652593211435723,1.0,True
_5r0Oy2OjLk,0.6159985799640972,1.0,True
XarYpap-Tbg,0.2499589490968801,0.0,True
3Y14QJY--yo,0.26610424958046763,0.0,True
gaTo5-0mbvI,0.2945394103304854,0.0,True
geGANwTQ6ws,0.6448140975653185,1.0,True
Lq7vaDhwNDk,0.14593261455525605,0.0,True
q7Rea_Nom6s,0.2684234818181569,0.0,True
Ga9Ori9spiU,0.19547806910071058,0.0,True
cbkkPsEVahg,0.6785440168752975,1.0,True
4dTblkbTVno,0.5936400448088487,1.0,True
ZyWtoxqClhk,0.6785440168752975,1.0,True
hvYcouckxuw,0.6268562610601833,1.0,True
8qLvWkaEgc8,0.22220505197678583,0.0,True
HqU6kBRgCVE,0.14547806910071062,0.0,True
7J8ebT4iURk,0.2084052721658447,0.0,True
XtZr1YQTWw8,0.14547806910071062,0.0,True
dPu7dgGrPBI,0.5818826724358052,1.0,True
KpMIxBH2Eik,0.6002732772093515,1.0,True
x39HpYrOjU4,0.5750951229603901,1.0,True
sopO132K7i0,0.686913425244706,1.0,True
JsMIeEIE4jk,0.7209911269051342,1.0,True
eVUr9Ko1UNQ,0.6268562610601833,1.0,True
V5kTEQ-2MyU,0.8872602297820287,1.0,True
2lHFZcCEEd0,0.7824589358406376,1.0,True
obUPPsuHk8Y,0.7729953210909273,1.0,True
ZhD71ls4JN8,0.6423655203194425,1.0,True
8lLyyH9dQNI,0.6047940046642539,1.0,True
WKBiFBRg-4U,0.6434471412368516,1.0,True
rQ5zpCSQaSg,0.6630917262019962,1.0,True
JkIwtY85DA8,0.6614997947395524,1.0,True
JWztBMNVeyU,0.8230425350423534,1.0,True
xIsQgbcYA80,0.6645928674500102,1.0,True
rLnfHgJybFo,0.4356868037480681,0.0,True
d2SZYv6bdfk,0.3355063388279376,0.0,True
-TyCSkKEu94,0.21034293396557543,0.0,True
GlNUMaz4AUk,0.2862188922375293,0.0,True
aXYz6r9dCck,0.14547806910071062,0.0,True
W9oxPICiLpQ,0.14547806910071062,0.0,True
kEmGbeP7SEY,0.6046654761107777,1.0,True
GjZZATDRAk8,0.5750951229603901,1.0,True
rmnuZHH2PMA,0.5842534174960432,1.0,True
lADJ_0w7GKM,0.6275349846184674,1.0,True
vGgikzXgvmk,0.441051222500083,1.0,True
3URHuWGF_b0,0.441051222500083,0.0,True
5CRjy4uYoDI,0.441051222500083,0.0,True
__6uI6409B4,0.4243497738654035,0.0,True
XnLTBCSgGpQ,0.6751879725965092,1.0,True
lIf27sHt2QA,0.6914661162820349,1.0,True
Ifms5GcqJAo,0.6526150265903164,1.0,True
pQqzFE8hPG4,0.6448564404305961,1.0,True
CHP7GQlLWc4,0.6442964630264149,1.0,True
_TGYSOaECes,0.6914661162820349,1.0,True
E2_Ma62GRhc,0.6127333733026201,1.0,True
sMWY84tcX5M,0.6522591858059839,1.0,True
xoba3MabuCM,0.6035369446632246,1.0,True
3qtmrJd_YJM,0.7212247030473632,1.0,True
nzfh6K30xZs,0.24530274518959763,0.0,True
-KzXbTtd4A8,0.34509683421891957,0.0,True
lhihZQUP8zc,0.2437082437082437,0.0,True
1Qj8ka5vDcc,0.6198697744510552,1.0,True
-48lJeXqmCc,0.25786935286935286,0.0,True
AQKaR4hHZlM,0.6313973808450649,1.0,True
2cLNMXUNzxY,0.7592849373783748,1.0,True
SxReJxetOVA,0.6793929083893929,1.0,True
6_ufNt-VHMM,0.8790912120668498,1.0,True
Pg23XdLmqwk,0.4819711329449613,0.0,True
V2XAZteMUQk,0.2139608277214003,0.0,True
n5yp8grOeXA,0.3962867448624914,0.0,True
cHOp8DSc2Ww,0.49937563291502973,nan,False
57w3p8ZuqOA,0.5233885362631985,nan,False
4bPOHlppOoM,0.41627478941305246,nan,False
7JMcz20qEMA,0.4592250044900549,nan,False
IOA6b5zOQ1s,0.5980174195840284,nan,False
TR7aPsnFylQ,0.4362858385412493,nan,False
QXKqTmX-HJc,0.6260687860355496,nan,False
eWkQYlqpLIA,0.5627811044774665,nan,False
go8uyTJJPQM,0.542687332645027,nan,False
ntscO3Plu70,0.6440288829944003,nan,False
68smFIH7iaA,0.6446820765767901,1.0,True
8Tzh9KwYKNE,0.7405861334432763,1.0,True
Wx5gmBh53Hg,0.41780421407785145,0.0,True
6p3mhlSeO_U,0.6532679351626488,1.0,True
RWXxqkKKhj4,0.2864230951836677,0.0,True
EMHMD01k8Gg,0.31543760455968994,0.0,True
w35P-PbDSVY,0.6857124756566597,1.0,True
px24j5daFgo,0.4571153751766396,0.0,True
JnhRybGc5E0,0.6369870001460657,1.0,True
MJXMOHXcleI,0.7074779468939519,1.0,True
AK4lrB10IYk,0.769973206872403,1.0,True
FeckOaVJGwk,0.6631384470931984,1.0,True
SbUMUQvs6MI,0.40646110056925994,0.0,True
qkDvHgQgjEM,0.3811662438720195,0.0,True
BJ8oKfZMrm0,0.34018162056341733,0.0,True
GLlOxc87-F0,0.43050855557676,0.0,True
50jkNIWvd-A,0.5862046920279629,1.0,True
ugnHJmN3l58,0.3076824139581995,0.0,True
UmoVoxeQvGQ,0.36505510610988584,0.0,True
NjFb6sSLii0,0.6538272598786544,1.0,True
avSIemcsxtA,0.4622632212163261,0.0,True
SD3PDzO_7AI,0.3538549360963154,0.0,True
l-U6fT4qW2s,0.41121395343770084,0.0,True
TjVVJMKPLeA,0.8602698616270701,1.0,True
UcHnuRG6w3U,0.7282164525273639,1.0,True
b6UHSyHHT1I,0.6846719104425057,1.0,True
3wg3NwIZWfo,0.6469809271515028,1.0,True
21bdo3HwL_4,0.6223033598318762,1.0,True
DFASpyjhJPs,0.24723179411919105,0.0,True
PAC6tHJdzPk,0.2625683289643245,0.0,True
wnyJrD71t7o,0.3029381586342151,0.0,True
mManLnHyyek,0.6899335346855655,1.0,True
H70t8YSioBE,0.39782050770759597,0.0,True
KxWssB-8Mrc,0.29937777919098335,0.0,True
KZADyuvbt9U,0.3346780142096137,0.0,True
tdqcDv0WFXk,0.32919747740874683,0.0,True
EXl4cwkpMPU,0.7939010672349813,1.0,True
6lILwrwt3BA,0.25034075603681244,0.0,True
d5AEWfMayOI,0.29937777919098335,0.0,True
GIr32dbDnIk,0.34161259802405347,0.0,True
o-Fr4wU86kU,0.623695359346652,1.0,True
TqPwD8Ec-j8,0.18851532358444062,0.0,True
XAv4z7xCHes,0.35174684202262757,0.0,True
h7QihzRfVMo,0.26438731443994606,0.0,True
jx86sBukcVQ,0.298979209537335,0.0,True
7U5hEPx85n4,0.4147816667262324,0.0,True
qcb4jRZ38DI,0.6194909568043896,1.0,True
Mvq1fBiUfq4,0.6159259639926683,1.0,True
Qnqbu_m3rQk,0.5755289548242121,1.0,True
MwF73HjAF2s,0.7046127455847151,1.0,True
Llek66TUYtU,0.37449347001602734,0.0,True
74PXf7FFlWA,0.3026761792343047,0.0,True
KDCHcQ-1lFA,0.36515378027361506,0.0,True
AtBNOKri3Ws,0.3393284158865413,0.0,True
g8KoXFhY-A0,0.33249660566894296,0.0,True
DCjeBMQEPjc,0.35637272282158505,0.0,True
arxm48OpQSE,0.22902561596109985,0.0,True
tyEshfUFWgI,0.2804404751157482,0.0,True
jQVQ79ZY_Jg,0.32890812679913417,0.0,True
D9GdCC5w-hA,0.32893593681439226,0.0,True
pDdi0lupp0M,0.32731659966580007,0.0,True
0AAsukCu5uM,0.8166829586184425,1.0,True
2A8CDrKojIw,0.8166829586184425,1.0,True
4B0il0xy52s,0.6117672474748082,1.0,True
BVY_yumzGYI,0.6328253691454095,1.0,True
rXbx3hocglo,0.6778052999113594,1.0,True
w3_Z6V0DH1M,0.6370756821855857,1.0,True
EPZ7_c-Q5yg,0.3101676100544625,0.0,True
DzJJSswyLtw,0.292693517369493,0.0,True
7bbfC6zEVhA,0.35495189158316587,0.0,True
YIj3pR-vZ4A,0.39793548981619586,0.0,True
LC5V4aIoWes,0.6388500388500389,1.0,True
sh0JSyXeCoU,0.6693088658256304,1.0,True
rLLmK-GsLe8,0.6407258958471896,1.0,True
Tlunb6w0XKQ,0.6805573095360403,1.0,True
9fJIIwlCn9Q,0.6532679351626488,1.0,True
Ow1eTfhJkA4,0.4309401415810975,0.0,True
6hUQ7fE2-9s,0.36767556268000096,0.0,True
gEGmb_npWg8,0.20249394211658361,0.0,True
3EnCckyJ41A,0.24693838656102804,0.0,True
Y9Fj2xj54t0,0.675091975879901,1.0,True
yRwtpAbXnE8,0.7149016134276385,1.0,True
NHbANoi3F_M,0.5658726552920303,1.0,True
-ZmQXbQKbF4,0.41627478941305246,0.0,True
kx_yp-G4XRA,0.43637891076110885,0.0,True
-aJpWr6R1Ng,0.4026719898752765,0.0,True
-BGTe8-Mlzc,0.45817899059918493,0.0,True
CGRIQNlXH7I,0.41875650787859325,0.0,True
c7nAJDpGHxY,0.7009145520378239,1.0,True
NHuBiLk_A04,0.7341892674047249,1.0,True
HFzroSIRPPE,0.397704267162866,0.0,True
ITJ9EI8Cze0,0.48371494051015124,0.0,True
dJKvACJikzE,0.4377033608416239,0.0,True
dKRYVcV8gAg,0.5239160987862443,0.0,True
9LKUcFm7_rA,0.42627422869442305,0.0,True
8TDfxWXvpqY,0.47172572738238194,0.0,True
IDiJSe2RPRw,0.4150749087638029,0.0,True
MWa-WNG3KAM,0.4454967600685064,nan,False
R4Rq75xM7f0,0.4558635971443315,nan,False
ErHh7lzhvig,0.479551143044048,nan,False
867iJ5aZhX0,0.456888059973599,nan,False
18pYUehcX84,0.43586689070284795,nan,False
d3bvdR-bJuQ,0.406862561698519,nan,False
3PjzrGZcVGg,0.4781757302066384,nan,False
YGGfjkE_WQM,0.433882763718721,nan,False
OJKWm32GMe0,0.44577324663823054,nan,False
0pYKJ-wXtLE,0.44186700844714616,nan,False
MHzW3r106-0,0.2304404751157482,0.0,True
_aTrZy5NS_Q,0.3046529684025832,0.0,True
iL2JghH8VD0,0.3591968560608768,0.0,True
OuDHmRaXMjA,0.6539999093825839,1.0,True
Wc3ago98mLA,0.622565926225548,1.0,True
pI4F-bUwi4Y,0.29524262712333316,0.0,True
BxpcUPIJXL0,0.3384176352816561,0.0,True
OnpDgjcOrN8,0.3230210068205115,0.0,True
zWiLCqwu-34,0.2445401157981803,0.0,True
n7M3FJz_onQ,0.6760635198135199,1.0,True
GZlq6TZDRj0,0.3499766981879676,0.0,True
5l6VON1Ndeo,0.3277799551083722,0.0,True
L9IgzJoJEuo,0.5950826260293356,1.0,True
1I1DUeKsdhw,0.3022216337797592,0.0,True
cpO9rLprDTM,0.3847218865859074,0.0,True
KZaastJRaU8,0.34601672757485297,0.0,True
ZVg8vErzsgg,0.26819067907138516,0.0,True
aMxd5QNOacw,0.5508090997889827,1.0,True
4XjB13HSfOM,0.390791624826031,0.0,True
jeRsCRP86fc,0.6004435687451899,1.0,True
jUdK6xfUL68,0.3007953014913579,0.0,True
o5y-EpZruoc,0.31926806132264474,0.0,True
IHG5Kl_rwNk,0.2526761792343046,0.0,True
CJGLyfdJceA,0.2989232337364379,0.0,True
aPYCyeo1gFs,0.33617476658848316,0.0,True
MZnHl54elX4,0.6233066669662888,1.0,True
OrvhLXVzlsg,0.4211939359355621,0.0,True
fXyi9RthDwQ,0.3736177117825528,0.0,True
b3urIAKNZy4,0.3669331356939441,0.0,True
FcrVYOYGYeI,0.28116111578375735,0.0,True
wDXyZmtNdik,0.5769464771245867,1.0,True
Z2ieOHGzZBk,0.6019806851305771,1.0,True
gsuP9oVZf84,0.6468582375478927,1.0,True
4s0j4XDaSxU,0.6169347133493334,1.0,True
sBkAaqifyvg,0.6771139707735925,1.0,True
JMLRGe0HyvQ,0.3299982960002478,0.0,True
q7eFpV8De9Y,0.28185799741612283,0.0,True
hhWU8AUVf3A,0.389157320681129,0.0,True
-s2dLnx6EO0,0.3506082440758599,0.0,True
MEMDtM9T1XE,0.6330668112348168,1.0,True
zCgnxYWtqlA,0.25866197959746345,0.0,True
kctoFD_A9N4,0.31465690665659735,0.0,True
fZPJtSYe4tk,0.2602995731780286,0.0,True
b0nxd_cLngc,0.34459920527447835,0.0,True
c2gCFKIPRyY,0.5266501608966563,1.0,True
tls0NlvU7OU,0.48722259235531906,1.0,True
zR6Yi8FVISA,0.5713219940807488,1.0,True
WIzLRfUaqYs,0.6856288275643114,1.0,True
znXAoAPwlyA,0.33791089358616666,0.0,True
BnCB-kMDYCU,0.37639225848842844,0.0,True
95pwlC2YSuc,0.49912413289477325,1.0,True
pBxbsljFVYg,0.6010477035806259,1.0,True
DjwTRispURM,0.6060680517890278,1.0,True
q3ovyqbfOzk,0.6063554486135131,1.0,True
1_Z0Hsg_Rgk,0.40144090160158774,0.0,True
qWWpPpT2vao,0.440617268140383,0.0,True
Di0E2QjBOd0,0.6690967517218906,1.0,True
56P6PwfP9cA,0.6011379594784436,1.0,True
1G7b3nKPBgk,0.35264774361763374,0.0,True
GJawvd6mZcE,0.5950826260293356,1.0,True
vH9L0ACibzE,0.6716206162018971,1.0,True
bAtXz_kgPn8,0.3318590214816629,0.0,True
W6IlkHpc3hw,0.31926806132264474,0.0,True
hirRRnphlgM,0.26819067907138516,0.0,True
9LuUMIgKhBQ,0.28190368650601383,0.0,True
YIO9-53HfNs,0.3346780142096137,0.0,True
h3K4q_waQb0,0.3131947358665169,0.0,True
mhirPE9LwdY,0.36075403084106866,0.0,True
DTaoekrKYRY,0.6233066669662888,1.0,True
pKgZnBQbzJM,0.3581282804185006,0.0,True
K-8wBnjelqE,0.5765860806651654,1.0,True
fXn0gpVsQ1Q,0.6364467646147702,1.0,True
-3bdLGwMYpc,0.3093644909226163,0.0,True
PGydd21JJHg,0.523116227926374,1.0,True
RNH2jDIT8bI,0.5713219940807488,1.0,True
37ZIXAiqrm8,0.5849420657653366,1.0,True
btZZATyyXJY,0.607605168174415,1.0,True
Wdno0cll6wM,0.6292287073246594,1.0,True
P8bao13OMWE,0.5886339986007622,1.0,True
aQ0v3ksF1Vo,0.3320204151927525,0.0,True
I4jLBg_xNHs,0.2862188922375293,0.0,True
5YJfkdJ9O4k,0.6123323845965355,1.0,True
puMnWwaFE6M,0.6159259639926683,1.0,True
4hlFU14I1VY,0.3277248223474639,0.0,True
86mjuyBcyBY,0.5768025308816156,1.0,True
0B_vvln-Ge8,0.801038358357695,1.0,True
lXlUWD2ueUA,0.5296566801210764,1.0,True
3Vs_fOKH3jE,0.5706967709205888,1.0,True
WRJbDbAUe7E,0.6914661162820349,1.0,True
ozGzGE2FljE,0.39373400728394264,0.0,True
L_Nw-zANCl0,0.5547834975601901,1.0,True
2nb6Solgoa8,0.8501173644742342,1.0,True
A7-Rq9n0pbw,0.9309279749839237,1.0,True
HdEM2QzXr2g,0.3463973788161294,0.0,True
vtkwMw54Bkw,0.5400016545174372,1.0,True
wFoGDkYy0DI,0.34757941209494114,0.0,True
iD_gdoc9dvA,0.42294654266016024,0.0,True
_WcR7zl_OxQ,0.6353249475890985,1.0,True
Fd90OhYU3-4,0.40968171970224326,0.0,True
smVY7WcYQnM,0.5371881424463928,1.0,True
aI-FWisXra8,0.591826763690079,1.0,True
WKW5pwinBnM,0.3194416874486734,0.0,True
yIBpmusZKTA,0.6035369446632246,1.0,True
5c6IIH6__Nw,0.3284723356958058,0.0,True
0MonScS23oE,0.43158984903931563,0.0,True
yMZ2ADXo4gM,0.42622555278317875,0.0,True
cCiNlbArmkM,0.606027337568597,1.0,True
Yf4BvX55VEo,0.32167835716306764,0.0,True
Jko_qufNM_M,0.4311102911308147,0.0,True
c-bV8PmjFAw,0.6781585193186275,1.0,True
UsnOp7Rd5CQ,0.346071491158529,0.0,True
tl3Dp8IUM6M,0.35833059381530424,0.0,True
qedcTYUwBM8,0.6035369446632246,1.0,True
9eKxyKxgj0k,0.38028550082757634,0.0,True
rf_Rq5ArU0s,0.5889974091365866,1.0,True
p7uIvmOz7CM,0.2712644310133524,0.0,True
jiP3WdSEPkk,0.606366299216717,1.0,True
OGnc6VSlL8Q,0.437787432550332,0.0,True
QIFXR_DsAMM,0.3491393143000004,0.0,True
DHTtkN82hYY,0.310703181732047,0.0,True
jlJ2ZF03TZg,0.6305265185706969,1.0,True
rB0VlQMm5Ks,0.29123030597922733,0.0,True
He4X6J9YSWY,0.5833729260927487,1.0,True
VVG8jG0QFpU,0.32471931368720564,0.0,True
InBwb4CIPWg,0.6522591858059839,1.0,True
Leb2oNurCUk,0.6111555426968021,1.0,True
AWhVnNiC-9Y,0.30701826527828163,0.0,True
eUP3P-M1mCA,0.437787432550332,0.0,True
14h-PrBVSsM,0.6436356310144646,1.0,True
9O5zV-YMTVs,0.6357428285999714,1.0,True
_vYULjOJ_9s,0.660665559446475,1.0,True
ARd3x7aKShM,0.3719002640548038,0.0,True
_-8TbXQoTrE,0.4154666745192296,0.0,True
ZIH8Uq7mBqA,0.3599336257798491,0.0,True
QvIdJD135Gk,0.2905407816670615,0.0,True
qyRUb2QMfQ8,0.39373400728394264,0.0,True
FB3IWCI75_o,0.6767965505546945,1.0,True
kGg9MAygtPA,0.6144471091620056,1.0,True
Oq-1bE48uRs,0.5737430567270903,1.0,True
SdZo9TnsviY,0.31756080970572664,0.0,True
Iasn7Zz1vX0,0.3221836229325444,0.0,True
zDazEGTLvzU,0.6213638148267123,1.0,True
rbrxglmte7A,0.3267361336168397,0.0,True
AQ1ICR13Kpw,0.20316942329570314,0.0,True
nZYPgX616V4,0.41582866546945585,0.0,True
1Lb1xzMghPw,0.6767965505546945,1.0,True
T7p6mWdQQt4,0.41871004543862167,0.0,True
XnMR3T0MB_8,0.6423101063798414,1.0,True
aY-XQwJAfLc,0.3013147207994312,0.0,True
fhxBN00HBy8,0.32167835716306764,0.0,True
_G33kDOCc8A,0.41582866546945585,0.0,True
ghyakBy6dCQ,0.5710981532499239,1.0,True
Mr9SSGsErgQ,0.43158984903931563,0.0,True
JIP4aZwnqs8,0.38893019248681415,0.0,True
sXZ9Ymsb8Zw,0.33336714965962044,0.0,True
VN9bFdkpepU,0.6035369446632246,1.0,True
znUQb2Jh_EE,0.6739194667766096,1.0,True
GxFoBuqUW4o,0.6499356781912025,1.0,True
LhjRz8fX4Nw,0.3360238926241489,0.0,True
yWlZo2uwBWk,0.4314143869375302,0.0,True
htvK3Y6a_bY,0.6058038027828501,1.0,True
aPGB4iMK1hE,0.6167240573360664,1.0,True
nksoDc1hkvQ,0.35609392410091,0.0,True
jLD54AzkXGY,0.4486298265725037,0.0,True
5ymghOXrRJg,0.5214066085988108,1.0,True
ak5V6SvkWJM,0.38102966578503406,0.0,True
R9t537Ol5rE,0.6094445774867048,1.0,True
foAQhIW-qTo,0.6384270452724771,1.0,True
sOD2pisU7Zc,0.40276233302032105,0.0,True
y17LMuRK6d0,0.6527650327446949,1.0,True
TSomxHQyHjU,0.41143306107385136,0.0,True
VfMRGaN-Km4,0.8648603555251799,1.0,True
i5tCZuENWk8,0.7434632172213611,1.0,True
oR1PCSkpIEo,0.6222962157591133,1.0,True
OCW_hiebhRg,0.4535334086243846,0.0,True
yKks-oUR-bU,0.4289445436353895,0.0,True
7n2q2dT9pxc,0.6299732076751466,1.0,True
eBRzV1Px8BQ,0.6305265185706969,1.0,True
1pra2flKoEU,0.5623988453828789,1.0,True
0M95lU5ejTA,0.5504389011509373,1.0,True
j6dk6MbpvKk,0.6285055236925592,1.0,True
bHbLUEtVFb4,0.2813830226754934,0.0,True
igQ9G_Brkl8,0.6185677622869741,1.0,True
CQufvC0TkLA,0.5880650082041856,1.0,True
VtPcUYayCBA,0.6487169159817985,1.0,True
lIbvF0PPu8U,0.6384270452724771,1.0,True
Z5OTTAfYh3A,0.6035277591249079,1.0,True
-AXQThX7BYQ,0.3669799511020364,0.0,True
O8NNcxvgtMY,0.3669799511020364,0.0,True
QXZTJD4Pq8E,0.5821968943244207,1.0,True
Nn4HXEQkm2g,0.6185677622869741,1.0,True
rRUiM1YRElk,0.7139476845080861,1.0,True
HrjAkupv1p4,0.6527650327446949,1.0,True
CAZS5z02YMw,0.6770238806806232,1.0,True
sEVo72RsgeA,0.5685155087603591,1.0,True
sHTCEPdJL2Y,0.5927421553153042,1.0,True
851pgrn0BVs,0.6818120265523183,1.0,True
3cNayqqeOG0,0.6089378929213157,1.0,True
Es27SbsUcFA,0.5375387064842942,1.0,True
c8fmX_yQPHY,0.5167948583749961,1.0,True
xnoM5g8070U,0.5981268108668167,1.0,True
MYF4AOiTltk,0.6364060503943392,1.0,True
6FhFDXTyVPM,0.5889974091365866,1.0,True
q3dMlIDX95g,0.5575932541264529,1.0,True
aAZw3_MHljw,0.6267647630848034,1.0,True
oZfjc9rF1TU,0.6213971168404665,1.0,True
oFiAeT8uFGE,0.5615232981658682,1.0,True
pkwpilxxEjM,0.733570965465679,1.0,True
CbtLjHRfbK0,0.6956556343996367,1.0,True
HEeMVaz6oK8,0.7434632172213611,1.0,True
tsxg9Vyk1xs,0.4327529102760252,1.0,True
BDha11zN0ts,0.6022578341525477,1.0,True
fOctQ_mb0e4,0.6177811606383035,1.0,True
YSQmQu3oQvU,0.5659657275118899,1.0,True
Rewzw_aaMPU,0.5715902105557278,1.0,True
9lTPdl-pKn4,0.553745968950668,1.0,True
i3uBziAGKOQ,0.5699492759654844,1.0,True
h5M47Ddej5g,0.6663404239488132,1.0,True
Uqc_kWRdWXk,0.6942780852413586,1.0,True
GjX7dr6a4cU,0.6550621916693344,1.0,True
3jgwZrvccNc,0.5554382121634097,1.0,True
Hifj1sPBpv0,0.6508311646895539,1.0,True
UIPRD57o8Wg,0.8363984230055659,1.0,True
5YG4Gsp2vdA,0.7332159235911001,1.0,True
C15L-5sf6C8,0.6875289161276475,1.0,True
YxfO-w83tTo,0.6719885760583112,1.0,True
zQKhpmDy3p0,0.7312982175954024,1.0,True
S-oIlLTQYUk,0.6612714996027804,1.0,True
nuz92dDJCxE,0.7334981419843932,1.0,True
jep8uMcosa8,0.7116672402098669,1.0,True
aB7qb5Nnt_4,0.574110119004197,1.0,True
w4A0LVr7D8s,0.6419525890970221,1.0,True
86mKaSYP1Ok,0.5330998725192476,1.0,True
RjFkVR30Jrg,0.6022578341525477,1.0,True
358hKATZjUU,0.6871298754611562,1.0,True
st7EmNs1UhY,0.7965539577665501,1.0,True
DCuWKDe7ILQ,0.6222649885956337,1.0,True
mcHDOKu1ieg,0.6851989847428579,1.0,True
sq_vR7JNw64,0.7375748935938011,1.0,True
8GFkat0jEiM,0.5795437774177394,1.0,True
Q1JZvS-qDWs,0.7065390350816618,1.0,True
YluWphFbbrA,0.5991230490245909,1.0,True
vJZZEv7gRZU,0.604721931666701,1.0,True
IakLegeN7e8,0.5470511067745767,1.0,True
5AXr-IIjSwc,0.6097604759617127,1.0,True
6d5_ieWqP-c,0.7065390350816618,1.0,True
aMaJhjZ-tfg,0.5927133514098349,1.0,True
PGgvTdoJ7B0,0.6232924539168875,1.0,True
NJY8bFE5GPY,0.5528308204852109,1.0,True
qWEE5Guvzq0,0.6984307415519921,1.0,True
6sTG2PXCc7M,0.6264054573285858,1.0,True
fBc5zDTh6uY,0.5823778894222885,1.0,True
z6lB-8FVZtE,0.5685948733919467,1.0,True
exUOXOilsaY,0.630719389926001,1.0,True
SgUZWofTKNQ,0.6198594781021038,1.0,True
MEcjAtFJbgA,0.5644552554875337,1.0,True
vtOoHibZTug,0.40052707653640274,1.0,True
UcsoqnAYvPU,0.49560992326080616,1.0,True
pxeF3xhDQpo,0.45245328596890755,1.0,True
xm453DNNzQA,0.611428285826688,1.0,True
KEItuOKtQG4,0.4063551593348844,nan,False
lfKRIFla8NA,0.41443831927427655,nan,False
JqDuNZPrr9k,0.49810454757033523,nan,False
A0uMbscHe4k,0.38171093445730825,nan,False
XiYFbFdbTqE,0.36501233017301626,nan,False
ARZ9lcJgf1o,0.5707287016297027,nan,False
QZxqbeRrWH0,0.4930902084033798,nan,False
EEmXjAN7NKQ,0.37315642169027174,nan,False
ZY3JAlJ3LM0,0.37315642169027174,nan,False
io5bfuC7Nk8,0.39964667853601743,nan,False
FOyI8waOkc8,0.37315642169027174,0.0,True
j8hMSatkjXY,0.39964667853601743,0.0,True
bW1ROWFT9lQ,0.39964667853601743,0.0,True
VCZejloMAOw,0.37315642169027174,0.0,True
En9GCKb_GNU,0.37315642169027174,0.0,True
POtyDyKZzPk,0.40501097479215425,1.0,True
RHh9OteNX18,0.38910413410857236,0.0,True
EfL3b62niT8,0.39379826559981856,1.0,True
Xzfo-zGLFm8,0.3909224486063545,0.0,True
hABFKIlndJ0,0.3909224486063545,1.0,True
PuU2sPpw3uQ,0.3909224486063545,0.0,True
MkBVEsodMPA,0.3909224486063545,0.0,True
dhbk4Ts5P1A,0.6874978353175705,1.0,True
fyChWb56F1w,0.5873942989404614,1.0,True
N7kKW-9KOUw,0.2528040481238282,0.0,True
MEqaC-K9XPo,0.571366675769981,1.0,True
JkANNUGzOEM,0.2899937363196486,nan,False
uRya1AUetCE,0.2362392842949923,nan,False
SOVhKFrixBc,0.32363843874625986,nan,False
06qg1jj00ec,0.19768797094378487,nan,False
fMJxHYSUxwc,0.3923399709067291,nan,False
SExTK3m0wRs,0.23983838383838388,nan,False
J31ZsBvl5iI,0.32363843874625986,nan,False
9klz46TwzEs,0.20864372153628405,nan,False
ggwUlw8ThnY,0.3716922418120766,nan,False
Sk8eP-tPc5k,0.2362392842949923,nan,False
oKxRR0TkFg8,0.32363843874625986,0.0,True
vcPI_iuaH48,0.22032025945069425,0.0,True
89ZTnVbqIow,0.2362392842949923,0.0,True
fAGWBSRh1os,0.30793815863421503,0.0,True
-mL61yVu2TE,0.23983838383838388,0.0,True
zSmgbaKObkI,0.17249417249417248,0.0,True
v7GGEDodPFI,0.20597402597402598,0.0,True
yQ5Nd623htQ,0.3596732434727482,0.0,True
RK3uT3ly92s,0.23983838383838388,0.0,True
MGxtOAShvKQ,0.17249417249417248,0.0,True
RSksbQWcBUc,0.21030728000835203,0.0,True
-MSao46WdKc,0.4377033608416239,1.0,True
SzhPjsjCvpU,0.26080483674032057,0.0,True
XBsZT4uidsw,0.26535029128577514,0.0,True
OKWmg1G1GIo,0.3230008545589799,0.0,True
Sq-QoPhov0g,0.6250963445678851,1.0,True
h1Xc3Nkzz8U,0.6688338277751256,1.0,True
ATlM2W63JYA,0.6215487914428695,1.0,True
2_5dqsequTY,0.6530955042225535,1.0,True
mhmpmr1s-P8,0.5723307434374136,1.0,True
KRQfCIG-Yj4,0.5824270139254535,1.0,True
j_OQyO_kvVU,0.6510540465281844,1.0,True
x7KSBEBRGA0,0.6287872037671557,1.0,True
JZgNE4sU6rI,0.2884890134589036,0.0,True
mX15GTu1NP4,0.2884890134589036,0.0,True
kaMHsjgg0UM,0.6949220806075644,1.0,True
VsE-p_wObdU,0.6949220806075644,1.0,True
NjPbpHovhrI,0.26895249950188593,0.0,True
2LFWxmR3Zpc,0.34514518982704745,0.0,True
061HGyN76Jo,0.40684606959244335,0.0,True
pnQw1W23jgg,0.3937781539015769,0.0,True
axR9_Na_xwA,0.6427158265867944,1.0,True
aIdodn4HMkQ,0.6339631381199532,1.0,True
kFN5bkenGBM,0.36584971406098343,0.0,True
LdcrbuPcYVw,0.6236042242808215,1.0,True
0TUt5jckkFE,0.6485901377205725,1.0,True
6fvGwI15mmg,0.522743204098063,1.0,True
PKhxNeKeeRI,0.5357674669910487,1.0,True
b9WpsRf-brk,0.6343055090436974,1.0,True
gbJf08KJ5eE,0.7245133686181614,1.0,True
gcbPAGpXtJ0,0.7628246476172743,1.0,True
qnTiaJFmss0,0.3733258488075583,0.0,True
kgHVjRiifEU,0.4342146402090957,0.0,True
N3ykWpK_O9U,0.3817974264792841,0.0,True
F7uc7hP0I10,0.332797136466667,0.0,True
109XHU6_JM8,0.3026573704568752,0.0,True
yIyKmG2PMLQ,0.32919747740874683,0.0,True
SgjtYtpfNUc,0.3230210068205115,0.0,True
ovW62nM1tz0,0.6299653109665574,1.0,True
xGH0sWgw0bo,0.32193861693861703,0.0,True
FjMMZmf4yZw,0.3704426600653016,0.0,True
A0bs1dmM8C8,0.3360509839419913,0.0,True
AgxYDDgd-2c,0.369454078313173,0.0,True
Ct2kAzpNR3M,0.27713473942875033,0.0,True
rXxQSsO8GqY,0.30883384104511047,0.0,True
FLgKN-HrjMM,0.6522591858059839,1.0,True
d9o-ulQcs5A,0.5523624349138486,1.0,True
ebfK4qwQJ3c,0.3003407560368125,0.0,True
Cs6gInnZJLo,0.23217072956447452,0.0,True
SbeRDGS5Tr8,0.6688338277751256,1.0,True
eNBRIiE8dOI,0.6553944990039472,1.0,True
el4cMNg1KKU,0.6711753588512549,1.0,True
EtRqeHoSQKk,0.6547348484848485,1.0,True
TApzbetyNXw,0.5483829506278213,1.0,True
KMzfXZX4Tos,0.41398913046186686,0.0,True
RLjJQhq8ADI,0.3285015436213784,0.0,True
orGsozqoMAI,0.7905845528531523,1.0,True
ls6SQHPYqTI,0.750131052781375,1.0,True
BX--zYqUlE4,0.32731659966580007,0.0,True
Od1x2AVTWV8,0.33559184376418105,0.0,True
k5ETx8zsgRM,0.6455259555259555,1.0,True
QnIkk8DSJH0,0.36584971406098343,0.0,True
URnn80f2piY,0.3267361336168397,0.0,True
e7N0zTPkumw,0.3461014852463422,0.0,True
hQQfll-hjgU,0.3358655353470699,0.0,True
FBdgKfU9G2c,0.3013147207994312,0.0,True
K9NB1MAVFTo,0.31738277672638027,0.0,True
21wVvGuWFM4,0.6955136037797328,1.0,True
CnuEueFHuWg,0.36623749945088624,0.0,True
7WvwheGwpSw,0.27497294235728675,0.0,True
honMN3GQCSI,0.30758182126129024,0.0,True
7Mfr03SP4Iw,0.13543282655910643,0.0,True
sRkUBNSr81c,0.16223776223776223,0.0,True
NFa7f4EJZeo,0.3645070644035396,0.0,True
gUGrFXjpChM,0.1850626959247649,0.0,True
NGDY2EchO5U,0.19143282655910643,0.0,True
dNq_jHldHNk,0.16223776223776223,0.0,True
cpb-FoKsbN4,0.28304949767213916,0.0,True
_BALnPM3mJo,0.1850626959247649,0.0,True
xvZCQ5sMLuk,0.12551319648093842,0.0,True
Vk_slK2jCRw,0.15419209765499517,0.0,True
bQZnIOyhysc,0.3363965566544316,0.0,True
B4sUJGGkCY4,0.17839495299185454,0.0,True
2faTucRFAqI,0.29423954050369144,0.0,True
bViH0ZuAU7A,0.15419209765499517,0.0,True
Uf6cBUNUmO4,0.1850626959247649,0.0,True
L9OST3qbIgI,0.13543282655910643,0.0,True
neUVrSdjN24,0.2865170467812577,0.0,True
u1ZSt_t26cs,0.15419209765499517,0.0,True
Izzy5nppzrk,0.5740748934866582,1.0,True
a2BQafglXfw,0.21428008733738252,0.0,True
LnnWEYRaTR8,0.21542381671917904,0.0,True
_97ptrBI-Q0,0.1620926243567753,0.0,True
b6rOeiNfXNA,0.32892688115035124,0.0,True
DvaFFAF6Wf0,0.1850626959247649,0.0,True
1Gt9vIdhc18,0.19241490867287933,0.0,True
5MImSkHx1nw,0.2384242755141308,0.0,True
WradX0nb_Fw,0.19634474720681616,0.0,True
YH5X96dSEfE,0.3171062642511812,0.0,True
Fk_LPlKTvsQ,0.27751555484497525,0.0,True
HVToqLv9dco,0.5737430567270903,1.0,True
pubg6gfNLYM,0.2101920976549952,0.0,True
rIH_MDkrLTc,0.3473515919742335,0.0,True
czSLAfPndw0,0.40968171970224326,0.0,True
YTBOlFEla5Q,0.6063571136784004,1.0,True
WIYoFGUtnpk,0.6527650327446949,1.0,True
rCQmnTgfgUY,0.5737430567270903,1.0,True
nws32rJX42c,0.41913283859143735,0.0,True
rFtqoy51lLg,0.6276971640172044,1.0,True
-ZrszmMVsAk,0.3813916567352603,0.0,True
FTrdsgNLuyM,0.5523388821540351,1.0,True
HrmONVWwNto,0.6131619685997566,1.0,True
B8J89cc8xls,0.7266921977652341,1.0,True
yn_eXPlQNoE,0.7491683446800478,1.0,True
ZlBC4UI_p2A,0.654034551596905,1.0,True
hJQ_iRwI-J8,0.7807871730151079,1.0,True
smV0XA9Fb70,0.2833677020050769,0.0,True
GpYyPCLFEqo,0.8496277915632755,1.0,True
hnazmKQhXIE,0.7687805797908993,1.0,True
ky8nnwmOrA0,0.8633147942157955,1.0,True
Bgvmxb9kW2E,0.6328253691454095,1.0,True
5OQez6GWYvQ,0.6612002807185495,1.0,True
tN6hNKETBXg,0.8193440495678683,1.0,True
HLJimEHF4y4,0.8309469887798959,1.0,True
S6U_tTajJTA,0.6140660980495208,1.0,True
zYUp_Prk30w,0.3424965513898507,0.0,True
D2uuAyasmx8,0.36879826559981854,0.0,True
orNfhAA_qQY,0.6387950051288912,1.0,True
ky63d6hG-WM,0.6974514012518903,1.0,True
K6__a4UZ9LM,0.6363046122235188,1.0,True
aZQ_ixk7zf0,0.6986796777300703,1.0,True
_94RueRmUSM,0.8271816767753937,1.0,True
XMWlYVfvHbo,0.5092737008538386,1.0,True
eDtopzcKQLI,0.6766311939543173,1.0,True
IZYLarO1e6Y,0.7801484230055659,1.0,True
Ee6NMBVVjCc,0.8070700428566446,1.0,True
vm8Nud61MYg,0.7434632172213611,1.0,True
g-A4g5HOtHE,0.7341157128077115,1.0,True
w-y6qX9-vU4,0.37226225500503,0.0,True
yKPUzD_enjA,0.43677868319366703,0.0,True
0MySl_pVGlw,0.39139702827773426,0.0,True
AQKnLEexUKs,0.23393810490584682,0.0,True
sLN-4Q7HyaI,0.6256761691390668,1.0,True
kLvhimroe1I,0.6009561654203093,1.0,True
w4d0N_SgA0s,0.34500589670341775,0.0,True
C62rQV174Ng,0.40929020393099425,0.0,True
yl6899ptEBM,0.3424965513898507,0.0,True
w_YVJ8hyVR4,0.6470703516516323,1.0,True
TEhb9bVmaEg,0.2881348057608035,0.0,True
FUtPWqTOwl0,0.2865170467812577,0.0,True
U4H7zzHpLcM,0.2158228966869175,0.0,True
ALNOhXrRT2A,0.2158228966869175,0.0,True
z6vHsfipCX8,0.2934557009779764,0.0,True
qKrp4n4bhAU,0.6220726809733665,1.0,True
TlBIP8qxDiM,0.3697218865859074,0.0,True
iO7FXN_9fnU,0.3262480949405039,0.0,True
nvE7PzryPC8,0.3518386701501848,0.0,True
koVaguGRFNs,0.429122137420529,0.0,True
krbbHTYDy2Y,0.2673588069814485,0.0,True
MMJe-J9hMYw,0.3222590905706052,0.0,True
HwCW_cksxe8,0.37351841264049795,0.0,True
VnS0fi7pbIk,0.31559136059136056,0.0,True
8u6JSaLH1H4,0.6522591858059839,1.0,True
HnajhxBMr8U,0.515077383328794,0.0,True
YCKJW9fYNOo,0.2600913447139862,0.0,True
Exyv7Oliycc,0.3531735850542911,0.0,True
x__LC8HjJLM,0.6185677622869741,1.0,True
NQQF4FuPUzg,0.6041464679713526,1.0,True
QdTukQm0yqk,0.553745968950668,1.0,True
J88vj58lm98,0.4214184503077892,0.0,True
zsOjTfJ2OQQ,0.30194033656297803,0.0,True
9nhJPzicMWg,0.37650625930631215,0.0,True
IUwuIxCU8rw,0.6240296059243196,1.0,True
eqvPMECuu98,0.37752249552948147,0.0,True
M9DocD9t8p0,0.5284413624733715,1.0,True
oXGwLT_XASw,0.32176783117959584,0.0,True
dghJsmaqI-s,0.5706578096233269,1.0,True
uw-i_vudHi8,0.3595867514507723,0.0,True
xHUSiiqngdk,0.40501097479215425,0.0,True
UGfVFB4aNhE,0.43381982057045754,0.0,True
KU6gIJ7AKgg,0.642849029365794,1.0,True
g3VV3cRWiOs,0.32499797403238023,0.0,True
ZguMkgO_sV8,0.31836695798959946,0.0,True
LS7-u9RiPnM,0.7919100018718044,1.0,True
tuuOEoHZAlc,0.8039613651739576,1.0,True
R5OWKp9IfTE,0.7584777218307768,1.0,True
c7gmtMI9j34,0.8005110652663167,1.0,True
vp_5-vNVo5U,0.7808290714496936,1.0,True
YlajSbJuj6Y,0.8144017000871842,1.0,True
g6f3pInS1gw,0.7622135786049928,1.0,True
YktirCebmAg,0.8561998475303056,1.0,True
mvOx1Bp_kkI,0.44060923845310507,0.0,True
EFVyeD0ipns,0.665019510420011,1.0,True
17ztuhX-6ms,0.8122290181132694,1.0,True
LRM8Qip7K74,0.6739194667766096,1.0,True
JkFjrNmxZrc,0.8724662162162161,1.0,True
mN1Ja6tn1gk,0.6685382761506703,1.0,True
ac6TodGQ5Qo,0.7165008926602742,1.0,True
d388Kej8ojc,0.3454183944528007,0.0,True
--FDoGQAu2w,0.7937966909323759,1.0,True
0iwAq9iS3Rg,0.33878737841001993,0.0,True
GVxg6EG4NOE,0.7707352126307999,1.0,True
CJKSpfM4FOw,0.36120457215504564,0.0,True
l-Ws4KEy25o,0.36120457215504564,0.0,True
KhMDBG7m5zI,0.8868123561239141,1.0,True
YPVEjmkE_M8,0.39382064721984095,0.0,True
w3s_d404U7o,0.5505484534772834,0.0,True
QRzPKu_WJLg,0.7905840913641347,1.0,True
C20d0AIiYxk,0.6226888326555964,1.0,True
YHwcSlVM6Cg,0.39999711780807623,0.0,True
hKecrTvr4_Y,0.3792297471463995,0.0,True
jTaCbKwrhvo,0.7770582810023065,1.0,True
xxfO0bDenCc,0.7116672402098669,1.0,True
_-a4egHugKE,0.6531300152642665,1.0,True
f30OmExw0IM,0.7783339068765336,1.0,True
tRGKfgA1dDQ,0.7783339068765336,1.0,True
abhDpR63NJk,0.7541645019842371,1.0,True
Vxj-GSxHB_w,0.7116672402098669,1.0,True
VIaecph3y1c,0.620610515191796,1.0,True
6nrmwqWyjPY,0.6177811606383035,1.0,True
r48_5eAClvs,0.7541645019842371,1.0,True
nlY-2FtiQnM,0.6663817583223582,1.0,True
0Yf_6mj_2uI,0.642849029365794,1.0,True
HgQPf8vND9E,0.324588202389533,0.0,True
s42IsqKRUmQ,0.6222837045602225,1.0,True
q77W3bOdsK0,0.6087459776262849,1.0,True
iREFGllK1iY,0.41497473618805386,0.0,True
5q_RynOOloE,0.8872844827586206,1.0,True
3hn_qWnkk-Y,0.7000764226363401,1.0,True
Gn3pcpscOqU,0.8386380642909141,1.0,True
3TPMrCSQNR0,0.6638836491301336,1.0,True
_bhvk4eU1Ic,0.6438053482086535,1.0,True
IkKxPIW2pOQ,0.6954335679642945,1.0,True
6scSEzVlo2o,0.42586076318918026,0.0,True
-xZ2Sp-yeXM,0.5763002157195908,1.0,True
zdL_vJ877zo,0.5211082412032992,0.0,True
kBjYhLPorfo,0.5177708201601618,0.0,True
7_zZDns7000,0.5856026788550182,0.0,True
Sx1aPJCgBrk,0.5876444270638022,0.0,True
oCGimglptiA,0.4569836774534319,0.0,True
t96JUeZ16z8,0.5194818246111723,0.0,True
AjRFXOEnRrc,0.42142283554724713,nan,False
mNH5r5aKrXo,0.5039758064060335,nan,False
dYbkVoQ2bTc,0.3692643775759132,nan,False
YBgZNFsnXtc,0.5393963726851916,nan,False
mnV3_ozODBQ,0.5576295216914465,nan,False
BVSh7io038U,0.5782093985300496,nan,False
Yk8Mni0XbHo,0.5008840378467768,nan,False
dkOf3qE16f0,0.41627478941305246,nan,False
aTikx7ivKmg,0.5230014184631708,nan,False
DDgvhDp79IE,0.5103640910746635,nan,False
hKUAmfHIalU,0.59790327608107,1.0,True
hEp0H9g43IQ,0.5330930100653556,1.0,True
mWEr9Ku6cDw,0.3120484877974092,0.0,True
uoUnn0JrQqk,0.2392265206058309,0.0,True
QTT7m7umMZc,0.2742107587488033,0.0,True
rqb0_fsVq7Y,0.3101676100544625,0.0,True
wpr6Z1KKj0w,0.29123030597922733,0.0,True
gzpnKajRCs4,0.29457439511243966,0.0,True
YtVBypM0E1A,0.38460460555371234,0.0,True
hOOAInWS77k,0.5770552981550667,1.0,True
6lTEwG1Ynjo,0.3358655353470699,0.0,True
em4GEqEYNTI,0.6416694033935413,1.0,True
aUktis-1SwA,0.6328253691454095,1.0,True
NdBBE8NGg84,0.36879826559981854,0.0,True
TcS-O_DNSEs,0.28606250132671224,0.0,True
8Gp0XuaAWA8,0.6213971168404665,1.0,True
SlBM83SGSSA,0.649369202226345,1.0,True
jEKm-Z-9ISY,0.44455601240886733,0.0,True
_uWCDFCtdxA,0.6603524626783839,1.0,True
ADSYE0eDKlU,0.6601311160153672,1.0,True
0jr1srutZJU,0.6085527583046979,1.0,True
rQZqrlS3h4A,0.6607779627134466,1.0,True
gTYoVsle3PU,0.6091369248377364,1.0,True
bN6R9bYN-F0,0.36443219176060887,0.0,True
ccLg9qRm7wk,0.6266724072968408,1.0,True
iGYPV2OARVg,0.14977053054472408,0.0,True
ovCjfPhn9lc,0.5036364037129031,0.0,True
2edk1XiF4zM,0.43819620549404165,1.0,True
EyLR8tHjd1A,0.5169297782457051,nan,False
DE6PIvevmrc,0.5492446794170069,nan,False
y4kIV6QNS_g,0.4253217051814377,nan,False
OjIqikBY2Vw,0.5609949782623823,nan,False
n70VvmxrJKY,0.47388185739747896,nan,False
8B-_l_N5SBo,0.41235102003492596,nan,False
p6A-lrhyWx4,0.39119509399264685,nan,False
i4GsTgTIXLU,0.49059261923643066,nan,False
LhKOesZOnsA,0.4730064650184482,nan,False
V2EdzvM10n8,0.4073341365285244,nan,False
VQIzprughl8,0.4038957748468316,0.0,True
F3h0MQl_sLM,0.6308272907213687,1.0,True
J7YllUw14lg,0.559212881416168,1.0,True
rSrBAF3SDUY,0.3580794613734723,0.0,True
XjBs0omto0c,0.5593625463582483,1.0,True
zKO8uTpzOno,0.6590995724308533,1.0,True
4gf0G0c3kWE,0.6731430686172064,1.0,True
CBDM_OhgQFI,0.3817974264792841,0.0,True
ZfhnFr-1MPo,0.6039452365703756,1.0,True
dIyeVu5u_bw,0.5326967955714579,nan,False
1G_ZSK63gNg,0.3951515295843172,nan,False
GntaB8yMskg,0.4807825502107169,nan,False
hz5wsiXWeeo,0.5706007828649338,nan,False
XvIfiblHz1I,0.5230349067445784,nan,False
PhIcH5vhfUA,0.5710506611662713,nan,False
uknOymYoHUA,0.3837099772442535,nan,False
U2tmcojcH10,0.36169161707112374,nan,False
bN85NCu29l8,0.3217492486335535,nan,False
4SbgZ1e_6o0,0.32148219376914067,nan,False
Bg3-tQr4Ut0,0.14547806910071062,0.0,True
JfcE4rwCoSU,0.3313830226754934,0.0,True
CVIwiJEwofA,0.666444065811899,1.0,True
B16vm4AVSwg,0.15210908514349136,0.0,True
swqas7mPYCE,0.14547806910071062,0.0,True
UA9z7M2wYyk,0.6561653001303837,1.0,True
meowIGRLLQw,0.14262503278853272,0.0,True
a_KZ2FWjsLs,0.15927784891165173,0.0,True
IeEbXwfhCcU,0.17404949767213915,0.0,True
XfbWh8k3R7Y,0.14547806910071062,0.0,True
mw40_9BDPz0,0.1294780691007106,0.0,True
R9c_-Jpjzy8,0.14547806910071062,0.0,True
99wmN1f-pzY,0.14547806910071062,0.0,True
JprRXRPiDzM,0.14593261455525605,0.0,True
bKnrc3qsaTw,0.14547806910071062,0.0,True
bxYRyOCgs0E,0.13304054738512372,0.0,True
KmGo0vT_RXY,0.14547806910071062,0.0,True
KF1e-Y3PRag,0.5750951229603901,1.0,True
_ReRZbaI_HY,0.1294780691007106,0.0,True
zKymoWmXEmA,0.637826686317632,1.0,True
V1D809hbElY,0.14547806910071062,0.0,True
GU7qCUJGeH0,0.1294780691007106,0.0,True
VM18HwO85xM,0.16396082772140025,0.0,True
7nYLfqkI8ZA,0.6747822613894041,1.0,True
-hcti8ViynU,0.6543746119830012,1.0,True
nLOKm9yRIYo,0.6264763299412264,1.0,True
_vppnsU3qNo,0.5520620472009788,1.0,True
39ZHwzdMGpQ,0.605962347854606,1.0,True
HYeJfzLDL20,0.6577658303464755,1.0,True
Y--96ZWMufI,0.5704793892732172,1.0,True
YO08j017h9s,0.6894287260358689,1.0,True
88u0HilHB-g,0.6322022032737941,1.0,True
VPwW5cufG58,0.6056742254674427,1.0,True
FpheJJJp98w,0.3135567268167432,0.0,True
1P_CRkHlRGY,0.389240314952023,0.0,True
d77KX7JVzQM,0.35172785026170034,0.0,True
vZJd05c94Pc,0.6252376321323456,1.0,True
K-XUErkeDRg,0.2529529443489399,0.0,True
G2ddCgafYWM,0.6480887798722588,1.0,True
K4SrJEavshw,0.5750951229603901,1.0,True
X7YdwX81m88,0.14547806910071062,0.0,True
t9v4WwzZbCc,0.12182750582750583,0.0,True
5RHA4C-xTV4,0.3252065520872581,0.0,True
F9jM-eS7wZg,0.6446820765767901,1.0,True
gFPhYguV0ZU,0.6104345227279074,1.0,True
_0qjXLxnuVA,0.42175532621391937,nan,False
dJ6IZYid9Nk,0.3923399709067291,nan,False
QFKHkdpBoRE,0.4409130600309429,nan,False
imlFxSr6oqw,0.41913283859143735,nan,False
u0aKKFybRNM,0.4164635382587547,nan,False
tAWUecJLbSE,0.5683750188288765,nan,False
8mI5K0OIJzY,0.32672737636669413,nan,False
M8rCuCYr6UU,0.5165682808991929,nan,False
xEE1rfRFeaM,0.520753953801144,nan,False
0C3qXrkV858,0.4393633005195879,nan,False
dR02rCtiuhw,0.39966617682206296,nan,False
obtnZRckIts,0.4981216652942345,nan,False
uoa4kizoyzY,0.5543961348902808,nan,False
Sr6P6kJsDBA,0.25493686968579105,0.0,True
qUbsmFnwDYo,0.6213971168404665,1.0,True
QWwkVHS2u60,0.6726770947831543,1.0,True
ZhIhRmmeCvE,0.42764307508355337,0.0,True
wR2UevNuoSI,0.30901386322398966,0.0,True
td7SjeIYbjM,0.3923399709067291,0.0,True
cKSd2hlCQKM,0.41772738428501033,0.0,True
RWlCZtV3uuE,0.32101549171754695,0.0,True
6itVCcTCTiI,0.29862350563049156,0.0,True
0nyeUr4ipFs,0.3286720145803731,0.0,True
DQsd5tPyvZQ,0.6744976999799818,1.0,True
ORwpabipEOY,0.5836195323264574,1.0,True
6V3YxxX4fKQ,0.3101676100544625,0.0,True
YrJY39BcXkM,0.6229009467593359,1.0,True
xaPOgOpIrro,0.6276971640172044,1.0,True
BPXQNaRAS_Y,0.38467930209899703,0.0,True
7eD3yHtj1EU,0.31789010377689625,0.0,True
70W3-7I9G-k,0.4030520562860973,0.0,True
qZ1U2XqsPms,0.24976906503327595,0.0,True
NwkKOvp0VIE,0.3951515295843172,0.0,True
o41Xveg7NJ8,0.3215845445915305,0.0,True
ddXm4sV4EGk,0.31756080970572664,0.0,True
07NLkwbYIWQ,0.3479523689014757,0.0,True
x0zNcA0M5-A,0.24530274518959763,0.0,True
sR48qUrFOwc,0.2804397549244654,0.0,True
CseGVHMSrcA,0.3123104671973196,0.0,True
WQXyqWceyT0,0.3424965513898507,0.0,True
iJ-DQBPp9Vw,0.42764307508355337,0.0,True
dyk7dKXzkz0,0.6063571136784004,1.0,True
Px1nA656uGw,0.3479523689014757,0.0,True
H_4Ki6nwAcc,0.3951515295843172,0.0,True
0P99kCa1i_8,0.633026097014386,1.0,True
eaWeVj4FIXg,0.29168485143377276,0.0,True
4ucLs-JAtDQ,0.3197036668485838,0.0,True
J9_wLiXH5JY,0.5979124616193867,1.0,True
9i4VaAYvGUo,0.29123030597922733,0.0,True
bp3SVACHvWA,0.560439643882358,1.0,True
dtuHdHXLCCA,0.5737430567270903,1.0,True
SchSIDkJNgs,0.27720961207168104,0.0,True
U73lqFHFNFs,0.3778609914109267,0.0,True
kmkdXlNuGro,0.6538185339891097,1.0,True
96aBY4up8m0,0.3008601753448858,0.0,True
8S6_4uSA9dQ,0.35609392410091,0.0,True
yM_cfrkgmEo,0.35227795583457755,0.0,True
RSJOfvpzTeA,0.5236663749823018,1.0,True
TTQAhJ42zSU,0.5687923837434979,1.0,True
WAxGLB73MpE,0.4324902335133437,0.0,True
27wVJLTaIOI,0.6274244208873184,1.0,True
PkOu3bFaojs,0.6610785630140469,1.0,True
SzKWmqTwRtM,0.3368036127430968,0.0,True
5cqxWlrn_N4,0.6033134098774778,1.0,True
O1l2-qqLVhU,0.6274244208873184,1.0,True
qQT99aPQpbU,0.6033134098774778,1.0,True
OpozJCI3cFI,0.5943983573946776,1.0,True
JEKnNmJgwuM,0.591826763690079,1.0,True
EpXJUCXMLhQ,0.31781335243599396,0.0,True
i6LaB1_jSOE,0.5889974091365866,1.0,True
y-uHmlO8LDo,0.5408772017344479,1.0,True
PasZFOWZOHE,0.6254789272030651,1.0,True
KY9oUwq-kUw,0.6117672474748082,1.0,True
No2eaZoxf0c,0.6874882948115036,1.0,True
brvEVOUXv9s,0.48376301128612625,0.0,True
MpeSkF0yIQo,0.6213971168404665,1.0,True
ih6C_kftLKU,0.38182714974380205,0.0,True
38fSnb1LlpQ,0.5890586431805477,1.0,True
iiCdxeHSQm4,0.6527650327446949,1.0,True
fMHUseBzR6U,0.3582367812437671,0.0,True
mL92MN__V5I,0.31735880698144847,0.0,True
G8nHHh9dMx0,0.35609392410091,0.0,True
7GmHNP7XxxY,0.5940275313409642,1.0,True
yXPD4wY4Dv4,0.3313830226754934,0.0,True
EE6cothzZzw,0.5770675072380829,1.0,True
1sWiEFP7Uo4,0.6077395064326676,1.0,True
O0cjsRj-Wxw,0.5807990234230773,1.0,True
3zKWJVNDCpg,0.6361197744510552,1.0,True
dXyudW5SIzg,0.5692307309548689,1.0,True
yzd2Hzo0I2A,0.5808753718473413,1.0,True
TIhprjXt82I,0.6024024347649085,1.0,True
3kiRUSXB-RY,0.6663404239488132,1.0,True
WxTvIPU_LdE,0.6118436483754734,1.0,True
ynW1WEFHePo,0.5940275313409642,1.0,True
CzIRIuQ3XTQ,0.5227182153422693,1.0,True
gL4_g2dAd8Q,0.4773361010583247,1.0,True
JFwFaZpCRz0,0.6028084329790087,1.0,True
UrdTL2-Q3GQ,0.5779999081704839,1.0,True
JAF6WWtDUvg,0.5873942989404614,1.0,True
vo9KEFpxCF8,0.6056377875325012,1.0,True
KJ-ZC7gPYpc,0.695211117704732,1.0,True
dm9SWmN_I0Y,0.5659657275118899,1.0,True
bSUpF0hCyZQ,0.4779033687172154,1.0,True
O_-NJdhcI-U,0.552133586978383,1.0,True
ogpu7BYB-qo,0.5725989599123927,1.0,True
G0Dhkg025MU,0.5526815475756255,1.0,True
o4gqR5kY3dc,0.5884030482971263,1.0,True
rK082J5AQQE,0.5940275313409642,1.0,True
aHZKwOmXPYg,0.5907281061658941,1.0,True
LiqxDCZbHR0,0.6555289340715608,1.0,True
jLTNQ51WStk,0.5873942989404614,1.0,True
Tm3FhSuciUM,0.5774791189878123,1.0,True
5EhcFPQSWNM,0.5556302655243435,1.0,True
cSgY4x5wBhQ,0.5826833199967528,1.0,True
e5m5ilXyg44,0.5669744768685548,1.0,True
V3BzQlOWLA4,0.5664013764013764,1.0,True
M9rUSyTN5ug,0.5604116885796941,1.0,True
ySpJicWAf-8,0.5736028726273854,1.0,True
k7liCvGM1vI,0.39999711780807623,0.0,True
8ttcnPEJcCg,0.5884030482971263,1.0,True
jcUJ0bQDDIc,0.35208984121192655,0.0,True
vqOnd6Q0FKE,0.5314839640646092,1.0,True
FFUID8Kpx24,0.5731317962020974,1.0,True
h0ByFWhQqq0,0.6449637053553182,1.0,True
1uhJtZZDBFw,0.6285275011081463,1.0,True
DBdRVc2GRbE,0.620610515191796,1.0,True
JRBflz6KBuM,0.5723825096959425,1.0,True
QqZmfpiEmvY,0.6062373654251534,1.0,True
G_XQGY98EtQ,0.6222649885956337,1.0,True
xQk-hfgQkbs,0.6012490847958828,1.0,True
H48jOxshgoE,0.651022581259952,1.0,True
H_paeD6dH4M,0.3962867448624914,0.0,True
wZTUycY97l4,0.3450492889683995,0.0,True
WmV2IvpppxY,0.6638836491301336,1.0,True
T0TRCSchv_M,0.41627478941305246,0.0,True
i1Y3q3t-0Q4,0.5991230490245909,1.0,True
-_OlYmTerlE,0.6232924539168875,1.0,True
freC3pWb3rM,0.6793929083893929,1.0,True
u-_A0raaDU0,0.5473021330418438,1.0,True
5q4q4FZsUKQ,0.39161038118632435,0.0,True
h4Rd2dFaBTg,0.6080886515869114,1.0,True
551yy3Us1VQ,0.19694128049097623,0.0,True
Q4liIxnsIZ8,0.5779131757400939,1.0,True
zIB7IoJCZZk,0.6266724072968408,1.0,True
EGtI616VGIA,0.6795103774647689,1.0,True
f2Kr22PlKB8,0.6544877967431868,1.0,True
kSCmsrdbHrE,0.5834485446611369,1.0,True
ZpOJdXDZv0M,0.5741428291596484,1.0,True
ckBnVHpMFK8,0.6455309680908854,1.0,True
P10HaRuuKPQ,0.6232924539168875,1.0,True
KId6iKkULkk,0.5937221007664999,1.0,True
f_MoyqxTrFI,0.609050170816775,1.0,True
VwbOM-j2U54,0.6232924539168875,1.0,True
dXFv_0ZGLtw,0.5324409749774854,1.0,True
J3Ry7X8Ql2U,0.39161038118632435,0.0,True
ikDOqk0FAwY,0.592947937795808,1.0,True
zZTAF0_h-44,0.5298067771798376,1.0,True
Jrq2PZ9RPuU,0.6178915056587964,1.0,True
zq4vzLCKG3Y,0.5690739048136156,1.0,True
180861ucNsk,0.5666321188995229,1.0,True
T4Rk-2Tt9hg,0.5981142996679261,1.0,True
GQiB_EcFAdk,0.5743549432633881,1.0,True
KFgeypTqqFU,0.6739919601313018,1.0,True
1_DY4TPUEGM,0.6168827563021314,1.0,True
P0-TtQiE1NU,0.5020437134768362,1.0,True
ovAedduvUBI,0.542817170014135,1.0,True
EgWiA2QfSeI,0.43789210968732617,1.0,True
sMKcm5kTtHc,0.3878563611348883,1.0,True
eLbvlljvHGA,0.5270227913108836,1.0,True
n20-INHDHog,0.464067282318693,1.0,True
hClUabvL_J8,0.38187279528929535,1.0,True
MV6RVo5bTIk,0.4211339163394655,1.0,True
2n61xwJcVio,0.4054450393981444,1.0,True
YO398zKw5pY,0.5520405147585234,1.0,True
VqXV65w46Nc,0.560683821137679,1.0,True
NLCn9OxvKqQ,0.45512321233715286,1.0,True
B5IaPzvmnRk,0.4377033608416239,1.0,True
U3ytIi46MGI,0.4732086208227611,1.0,True
QjrJpbnwv-M,0.570980684174548,1.0,True
ZUzS2h1f5bM,0.5335274403016338,1.0,True
BlfLAUnruV8,0.5261076995454272,1.0,True
HGHILnd-CK8,0.4497432530661628,1.0,True
unk7CxLonCc,0.5720287147485373,1.0,True
BbGKtVU0V60,0.41443831927427655,1.0,True
kn0VDMOAxnM,0.4085371415989053,1.0,True
iVPYzX2d2hg,0.40745037707325443,1.0,True
9a9GAj-tIvc,0.5141679629603068,nan,False
ZKVMJKAc5Q4,0.3909224486063545,nan,False
xr6CR3hCBYE,0.3725422299916966,nan,False
v1Uj5Hlztyw,0.4473332302072824,nan,False
eFgCKFXeZJs,0.4891519698625423,nan,False
GrMVfl-OAoM,0.5157236321390257,nan,False
6Gxzh0pkszg,0.37303985893613784,nan,False
xWuD4-W3Hxg,0.4384879081405571,nan,False
QCLHlMZsZD4,0.5817917662290468,nan,False
KQnK3Nx8OSw,0.3952157879001931,nan,False
iAWEOpkUz-U,0.53485342763012,nan,False
WxHEcmQG4ZQ,0.4731966840489233,nan,False
4yCBplV3MPQ,0.48362408550022506,nan,False
cuzBO1Xm8Fw,0.39567257510023646,nan,False
B2IBEAp72jU,0.3863671147843234,nan,False
0LLnr-ElR0A,0.45931395762957516,nan,False
X8AsgX23Dms,0.4287627079570958,nan,False
6GPwbqnhcv4,0.37094112274267566,nan,False
rzReCvkI4gg,0.5288353788230598,nan,False
7F6w5MrxORo,0.49247598394706904,1.0,True
uRbZgbrBRlM,0.12182750582750583,0.0,True
zJgWSe63Q14,0.5385383663613279,1.0,True
Q-7nn2DY1Jc,0.5551777106236229,1.0,True
4OvMmqiZhGQ,0.16396082772140025,0.0,True
fFKcSeh9Uz8,0.5833254257719738,1.0,True
mrAYQrMP9WU,0.21079747942012092,0.0,True
i9AE22IF9LI,0.5869879155760743,1.0,True
naSgKuTL1xI,0.26079747942012094,0.0,True
e_2zPefj0qw,0.14547806910071062,0.0,True
jguhzUehvoQ,0.2084052721658447,0.0,True
NXZIjM92GWk,0.5884512106544972,1.0,True
EaPPYAS4fYw,0.6630347576160384,1.0,True
i4wGLh8NMMY,0.1294780691007106,0.0,True
5aMT3dZUq4M,0.5694706399165522,1.0,True
rT6oWS-ObwU,0.12182750582750583,0.0,True
fZtovVxp67M,0.5927330066814888,1.0,True
tffn1sW1VSg,0.6785440168752975,1.0,True
ojLCtM9YUtA,0.599536494836721,1.0,True
VtyLO14q_bM,0.5469931228549461,1.0,True
pIDmsi7ODtY,0.5642818057622008,1.0,True
lqO8wJx9wBY,0.14547806910071062,0.0,True
bBFK6f8wnag,0.16396082772140025,0.0,True
5LSnIeLQFrQ,0.22404949767213916,0.0,True
YklR2ee8hD0,0.14547806910071062,0.0,True
rxN8Iuo28oQ,0.6150661790316962,1.0,True
aYQlGEF4OYs,0.27398982302422925,0.0,True
1YwmIQwepX4,0.3442229014642808,0.0,True
jyXnNlcEZH0,0.35208984121192655,0.0,True
VTdSOJAj6Y8,0.3490919637828097,0.0,True
pmnLO6sw0OE,0.6085035800209351,1.0,True
gAo4J926pOg,0.5991167608736536,1.0,True
qshwSf28jzM,0.6261155203194425,1.0,True
GpZPN7plFI4,0.36584971406098343,0.0,True
6hFqaZj8csI,0.6214553128020922,1.0,True
7nn4q7bdvks,0.6561653001303837,1.0,True
pPU_6KaM3bA,0.10582750582750582,0.0,True
gExZCcWFXGk,0.6436733272201252,1.0,True
ZsJ4QCzx7uc,0.1294780691007106,0.0,True
bQKgbWJrGFY,0.6223033598318762,1.0,True
cF6wuFUYpXo,0.18992251354515505,0.0,True
cvW-est579E,0.5429975409974644,1.0,True
TZiVDmTofDs,0.5748715881746433,1.0,True
ULMCOyCdnps,0.6458891637463066,1.0,True
qsrMDW-Ad0Y,0.5833254257719738,1.0,True
yrOoi4eWQcs,0.07054545454545455,0.0,True
0p9j3SDhvHs,0.13189326066118107,0.0,True
bVartMNq_Kc,0.07054545454545455,0.0,True
IHEEqdT9KYE,0.09454545454545454,0.0,True
PoFrst8ZdMw,0.19547806910071058,0.0,True
_aXN88E3xKw,0.19547806910071058,0.0,True
ePTzKXNZ1zE,0.11054545454545454,0.0,True
K9rgHwwa1wc,0.194867679490321,0.0,True
Mg-9bYPjfj0,0.17404949767213915,0.0,True
TnPAJ898cpg,0.23992251354515504,0.0,True
xB5NXSW09V8,0.21034293396557543,0.0,True
P1jSLzf8-Cw,0.21034293396557543,0.0,True
OZWnZ7dcSck,0.5946487941655136,1.0,True
B854aGwKphQ,0.14547806910071062,0.0,True
tMJV5DNUR3U,0.6774690972623144,1.0,True
82KyREHONX0,0.14547806910071062,0.0,True
UL0rq9L1TPM,0.1294780691007106,0.0,True
AiN2XvJzXJg,0.12182750582750583,0.0,True
BPwqxHL2dTg,0.14547806910071062,0.0,True
JRnkUFREY4k,0.14547806910071062,0.0,True
iecNmOXDOHM,0.6436733272201252,1.0,True
5uUvkxlRqcw,0.14593261455525605,0.0,True
KbQ5XMsKplI,0.6026868561678869,1.0,True
lGanHohF64Q,0.35208984121192655,0.0,True
tppDIxx7cuA,0.5612203417366318,1.0,True
kqTU9OTFS4g,0.10582750582750582,0.0,True
ellQoElgYUU,0.5779244775138827,1.0,True
Y2qyDLQQALk,0.16396082772140025,0.0,True
-8u5JqLA4Yw,0.21034293396557543,0.0,True
X_i4kQDrvsI,0.14547806910071062,0.0,True
Nl9izbMkQZQ,0.19547806910071058,0.0,True
jNI2MAno1_o,0.38707523071344513,0.0,True
k6gBhxhpWYI,0.12182750582750583,0.0,True
xA9GeZT5KTk,0.5694706399165522,1.0,True
JyTegNu4MHw,0.6435903131715939,1.0,True
89CI8bOsdXQ,0.6613984230055658,1.0,True
_osCHbFt-C8,0.6808428674500102,1.0,True
CdX3kdcTkl0,0.6085035800209351,1.0,True
u0qRS5Wbn_0,0.14547806910071062,0.0,True
1e8nJqda-Sg,0.19547806910071058,0.0,True
eFg62PrCMDQ,0.754677992898039,1.0,True
Hr4zHqMiD_w,0.4147514737086606,1.0,True
s7cNKzodKrg,0.5757756869444909,1.0,True
V9n2dm66ILI,0.27882569258626516,0.0,True
nrQvVT7Aqjg,0.14547806910071062,0.0,True
8n_QlbZJbL8,0.28070657032921187,0.0,True
zTmi3shMexY,0.1903102644481955,0.0,True
OUh4SV4Yn28,0.14547806910071062,0.0,True
z7_ZFCuRBIw,0.559690736626811,1.0,True
th-KmOHfNqg,0.14547806910071062,0.0,True
gq4L8NOD6q8,0.14547806910071062,0.0,True
GC7FyPoqqWY,0.14452598818124276,0.0,True
0cPOPNSWoJ8,0.05454545454545454,0.0,True
om7qzdd8SvI,0.14547806910071062,0.0,True
pb5CsYHoS6Q,0.12182750582750583,0.0,True
yUhxDQXT-VI,0.14593261455525605,0.0,True
MXQ7qgvT3_w,0.6362282389794598,1.0,True
ZbMZOXY8fac,0.39495215921885657,0.0,True
pU1xW1qoMQ8,0.5748715881746433,1.0,True
mFwNyyZ8kow,0.09454545454545454,0.0,True
F6S1w9mM9Ag,0.09454545454545454,0.0,True
G_0rq6J76vQ,0.3291424482848176,0.0,True
e3RvNzzsPw8,0.3015059433699642,0.0,True
qXaJDgfIefM,0.05454545454545454,0.0,True
ld6N4G5_0rE,0.07054545454545455,0.0,True
TtAnBWhPLPM,0.5498003504323178,1.0,True
Kp8dQtjwW_I,0.1194103194103194,0.0,True
50SRqIebD_0,0.6300026290401999,1.0,True
lrlsH_Lt6LY,0.7062662919517758,1.0,True
S6uoq-8jOl0,0.6692276021080368,1.0,True
XlWSn5mPNtU,0.10248719641826635,0.0,True
o6qBTgilKKI,0.3299982960002478,0.0,True
6uV9noPgix8,0.1503989343989344,0.0,True
6gT_pJVLlvc,0.05454545454545454,0.0,True
NLypiQlLgyU,0.7342756471599386,1.0,True
j7EE3NDBy0Y,0.05454545454545454,0.0,True
X8WkW6zMWTw,0.581369535173762,1.0,True
LDN5zQkY3Vk,0.6638645693387073,1.0,True
_13MG-fVLsE,0.07054545454545455,0.0,True
c07L9FHVHW8,0.6450376323510653,1.0,True
ZG2Q_fM32Co,0.6134353070685837,1.0,True
gd5w0jaji-c,0.7327862618383382,1.0,True
__0kZDS3GG8,0.32919747740874683,0.0,True
2C1E-AkCjNg,0.6840277777777778,1.0,True
SopirQ4b7RE,0.12182750582750583,0.0,True
glrGwN17RnY,0.6188041707396545,1.0,True
-72sIsC1qTU,0.6537183428487776,1.0,True
mUPdkhbpGiE,0.1706923706923707,0.0,True
WF-UzU7lddQ,0.2007165863864156,0.0,True
ou0wNK9g4uA,0.5807845810347441,1.0,True
HabC5P5HmlY,0.32662066587843164,0.0,True
NZdJ8F2bjYE,0.565653967878796,1.0,True
MRAVKQAPCWc,0.09454545454545454,0.0,True
hVs5T_Ev78g,0.6017884443213667,1.0,True
ax9wiEeAbIE,0.05454545454545454,0.0,True
rQ98hxSC_ew,0.4137685423353005,0.0,True
0tu9PjwiAwk,0.6914661162820349,1.0,True
BhOuPBB5DVM,0.12680351906158358,0.0,True
wGqt6m1lTG8,0.38727796328015096,0.0,True
I22S45_KyYY,0.43525297188424616,0.0,True
LU3DQtu8Fvw,0.16941031941031942,0.0,True
O4XJ3Yfz6SQ,0.07054545454545455,0.0,True
8mBngUMh0nw,0.6757233626588465,1.0,True
mM0ZkstYJws,0.2562758382922247,0.0,True
6b6Ru8FhO28,0.07054545454545455,0.0,True
fi7RmPQEY3c,0.3036660363925953,0.0,True
0gMMzm5FlxI,0.07054545454545455,0.0,True
07NcQr-hhoc,0.05454545454545454,0.0,True
_cMT7Ab1zYE,0.575605303248476,1.0,True
CaV5YsYnCFs,0.39748470525385066,0.0,True
yt8MOsWzIjk,0.05454545454545454,0.0,True
6wrK6ThJOiU,0.3975734988659696,0.0,True
_oX23mYAKEM,0.37399845708399615,0.0,True
SZD6ohfRaYU,0.07054545454545455,0.0,True
srtTAVrsza4,0.6159961685823754,1.0,True
lRpt3MFAg3I,0.22119763646184737,0.0,True
ThDaKfREsEs,0.17492564016849568,0.0,True
0gpGmH5G2nE,0.19462247681396616,0.0,True
GixV1G-VcHc,0.1941679313594207,0.0,True
keItCfyqLrI,0.07054545454545455,0.0,True
zAhcIAx95OM,0.6545580363806965,1.0,True
hkqkLAE1kVs,0.25436002962424054,0.0,True
fWGfez2OJ7o,0.5742986154248954,1.0,True
lp2NEPHAbpk,0.5359196466302191,1.0,True
-REKYKHDoKk,0.2158228966869175,0.0,True
V00bIJ2CITY,0.1921723334137127,0.0,True
MUWcvc9Psk8,0.38102966578503406,0.0,True
S0ZmAinFYoE,0.3548771950378811,0.0,True
AKPhxAMOJeQ,0.3696028526883917,0.0,True
zeAuI8yGHuQ,0.30167431226469577,0.0,True
gLPbb3GS2Yw,0.6044519741540534,1.0,True
j9cJQuXH_CQ,0.29391024643252184,0.0,True
c-wmKTGoCRw,0.3975746871690273,0.0,True
MfhCkPEhi5A,0.3013474107591755,0.0,True
wT2fQnpft9U,0.4177153162910628,0.0,True
m39kih-z80w,0.3669799511020364,0.0,True
4p5W-fRuINg,0.6629644100211876,1.0,True
t7BjeajWbJE,0.6371377201818674,1.0,True
WEZ9l8SNgAM,0.3229845602426248,0.0,True
rq8TNJq9AAA,0.5732315879625541,1.0,True
IZpDoqPaItM,0.6416451349561356,1.0,True
dnd_uYxcAuc,0.40055231797201296,0.0,True
NP8ca5uiYS4,0.47388185739747896,0.0,True
DzDRb770NSc,0.45931395762957516,1.0,True
65V9ibcAKy4,0.4489325881859506,0.0,True
fb94_7UaqPo,0.4592250044900549,0.0,True
Y8dQPCyl5t4,0.4604811663432353,nan,False
KjoDP8LNXDk,0.48371494051015124,nan,False
I5fATzdSfx0,0.5876444270638022,nan,False
AUxrHl0i84M,0.3150756136094637,nan,False
oYYPmaFmCB4,0.45931395762957516,nan,False
1FZB7fklA10,0.4377033608416239,nan,False
M_UjyKFrpG8,0.582595944453698,nan,False
8OcAG6XPDeo,0.6563484305419789,nan,False
7_vWwjSHs64,0.5429374607683678,nan,False
PNGbT-Gca3U,0.6478669869045577,nan,False
XCYEQZ9IDnQ,0.19253225629282883,0.0,True
WzwWrDYDQJA,0.6021022359040442,1.0,True
C4K788R8D8M,0.21441537317594572,0.0,True
3NYiV5Bm8gI,0.689159159483199,1.0,True
mPddlBC8P3Q,0.19076480990274094,0.0,True
yqsdg1H90xo,0.17404949767213915,0.0,True
3h_-Lx29uo0,0.30889914302122834,0.0,True
46SPr4KOgAo,0.2996250656270175,0.0,True
hl7DQ037enE,0.5734317990216257,1.0,True
iSXmI4v_nMY,0.3313830226754934,0.0,True
0_VVYMWKQf8,0.2139608277214003,0.0,True
nyq4CocUfRU,0.6204949660018587,1.0,True
NqWP-pl1CfQ,0.6894287260358689,1.0,True
H3Uk9WAOI08,0.688401934087418,1.0,True
j4m3O6odstU,0.22527267046323307,0.0,True
g8eGqg7puTA,0.2653102644481955,0.0,True
gYNyAx8W_Dc,0.2649037521618167,0.0,True
SvswZjhEurM,0.2677361336168397,0.0,True
5bgkhp-lz_Q,0.8125207358460352,1.0,True
vRmw1Pw-KRU,0.764330808080808,1.0,True
pc1v9pE9rIM,0.34010201278641805,0.0,True
URUhmn-6WLI,0.6268335567912511,1.0,True
zEjaYMF7s1g,0.6544033480629698,1.0,True
0guIL_iFeWg,0.2056296747676058,0.0,True
cVn_JmHMpYo,0.25080411147938453,0.0,True
R-RcsZD1CCc,0.26444920670727123,0.0,True
2zcnbTImIhs,0.3817974264792841,0.0,True
mflc9Kb9UtI,0.2781173594966698,0.0,True
7XSNaBiR_zQ,0.6195926254290846,1.0,True
iIoOuaqb7uo,0.2675797427060226,0.0,True
SAW_DoqPCGY,0.4110992420026179,0.0,True
_DLlqCBYucg,0.5791440049851813,1.0,True
CxRHlFFk2p8,0.36709608393031107,0.0,True
XIHjGkDZrMY,0.33632008080161535,0.0,True
z116RI1h5yI,0.3284723356958058,0.0,True
jgyCUpHDxYs,0.3598987198987199,0.0,True
XjfWmhL6Byc,0.3951515295843172,0.0,True
eYtgZkaygsU,0.323737280293962,0.0,True
QxjatZgFX3I,0.2027148778411577,0.0,True
MgQjA0bIh8w,0.32671715786752137,0.0,True
Jg-kPongSXA,0.2701771453034252,0.0,True
mvZMaOp-GuU,0.38102966578503406,0.0,True
JuBUOnAY3cM,0.4135212112842702,0.0,True
DOd41qbKb0c,0.30537330280213915,0.0,True
ijmSv9Zx6q8,0.39373400728394264,0.0,True
lwVLYph1SNs,0.5737430567270903,1.0,True
j2igZkRLL4k,0.2865170467812577,0.0,True
kmA1YDoI8Ks,0.3227468155429246,0.0,True
Ph5TcPXUYoU,0.3358655353470699,0.0,True
0ZPVFCiqO8Q,0.3386198314159405,0.0,True
Q5xbR4l8aVU,0.30872259984887973,0.0,True
f0BUxpdEI9o,0.5737430567270903,1.0,True
0ZhvCZD5aAw,0.29408719632857566,0.0,True
HEOVjOCqhmA,0.37458336587583657,0.0,True
NyduHUZCuDs,0.17912981022254995,0.0,True
tuZRoApDdLc,0.2524939421165836,0.0,True
RoXdeE_-L7I,0.6301183455561336,1.0,True
jEotG61osp8,0.3177377596017804,0.0,True
XC1Qz6Xnfzw,0.31781335243599396,0.0,True
b-7IKx_L3F8,0.6101389711034522,1.0,True
L3BKZvuC398,0.2929163063840371,0.0,True
hKkWkh73yug,0.31735880698144847,0.0,True
-AMlciTHl-M,0.20517512931306037,0.0,True
yraVEgNA_gs,0.2074148074148074,0.0,True
sB5n6wnT61w,0.6474512113096005,1.0,True
tEvb5L2sjKs,0.17884337884337884,0.0,True
2az0cV7ccOY,0.28116111578375735,0.0,True
O2esOP3rDrg,0.3145076167489961,0.0,True
KNognDOitpc,0.3217492486335535,0.0,True
2a3haVrcD5c,0.24332338673515147,0.0,True
4rAiFCpL06I,0.3034629816164855,0.0,True
6aL7EiAhy2M,0.6638836491301336,1.0,True
uUcSx6hWqQM,0.33022098210168815,0.0,True
kKmb20Vg3Ok,0.3314577192207782,0.0,True
S4w1KZyjsNY,0.21805679756179203,0.0,True
npT7PvNm2FY,0.33450674454095447,0.0,True
FMK6W7HYCMw,0.29802179212134955,0.0,True
Ppyg2lrsSY4,0.29958832909332356,0.0,True
9uT5R4U5tP4,0.9282051282051282,1.0,True
rRo5spaBfbo,0.9282051282051282,1.0,True
KjOranaEr3E,0.7674072289251426,1.0,True
4-wabXEgClg,0.373293315157336,0.0,True
thz4cyUw3Pw,0.4177153162910628,0.0,True
MTCuccMI6J8,0.4644340133912003,0.0,True
veZ01iiSbqc,0.530702558672643,nan,False
9CJ_Rr4KL0A,0.4362858385412493,nan,False
aRp-2_u0p_c,0.46329557987571757,nan,False
Lmk9nmVXUFw,0.5853862286385679,nan,False
DyJKqwI8rZU,0.5989854547202624,nan,False
jZ9QoMnn0hQ,0.47054540318166566,nan,False
CdiKuBLBut8,0.47936239419834586,nan,False
AMzkMDQeTso,0.46756369213543286,nan,False
6PKwZjs5Eko,0.5019946827052552,nan,False
ebiOGNGz0So,0.46329557987571757,nan,False
eJo-oX98A10,0.6871298754611562,1.0,True
RkdSE2pj0Uk,0.6612321728450761,1.0,True
IG0OVPHIW0Y,0.4342694039435716,0.0,True
ORYSee7VyQ4,0.23621889223752932,0.0,True
xFbiRcdRkyk,0.4171813150840416,0.0,True
6im5IIyFkYg,0.3253523833364952,0.0,True
EQ43W7puVS8,0.3398196231885861,0.0,True
rGrYTd03WHE,0.2158228966869175,0.0,True
G3LovFnls4M,0.3038890805589098,0.0,True
6A-3s0gYItM,0.28116111578375735,0.0,True
JOzDilAACF0,0.3247784570198363,0.0,True
nSSb0tZrK_4,0.3126331917287676,0.0,True
PNpGRMN8DEs,0.5884512106544972,1.0,True
yAoSKaiy5mA,0.5507147129179996,1.0,True
yYdmpPnPpKs,0.3361712619790223,0.0,True
5RmLPUdMDAg,0.29259956577190305,0.0,True
8H3HQmCejis,0.18669237069237068,0.0,True
xA9KNcQXNIY,0.41058589210970037,0.0,True
ECWsZqzTZMY,0.33786203486172556,0.0,True
K1zbNx0fGoY,0.6322889115378282,1.0,True
F94dMW8B4gA,0.3285015436213784,0.0,True
lM14ptKklQk,0.38467324347274817,0.0,True
AN9En9FEAtY,0.6601845930920464,1.0,True
vvBa5VA2TNw,0.30428923646415107,0.0,True
OWxbi8m3B58,0.6914661162820349,1.0,True
i5OPU83PHao,0.36443219176060887,0.0,True
tBb_zkYjTlg,0.39577375184728486,0.0,True
7UK6YKFhkAU,0.6470703516516323,1.0,True
bZ4jTcJT5YA,0.6695106365210626,1.0,True
sK93vBlVG_k,0.5680233284267168,1.0,True
_y7J8gMKP4Q,0.606366299216717,1.0,True
u1IfbJcmdkg,0.660665559446475,1.0,True
nMUGpCMAovU,0.6033134098774778,1.0,True
0eKWP-SB3jA,0.4059166142281498,0.0,True
6txbIlAGFuc,0.3402209082278941,0.0,True
QkdD5Z28mwU,0.606366299216717,1.0,True
vzaPi9Xrt2s,0.6340057616488061,1.0,True
zZmU4s38gAc,0.5821968943244207,1.0,True
TizrRtfNtgg,0.6716077164003431,1.0,True
J-W7Nz2Jyl8,0.606027337568597,1.0,True
gGIhxGqBvdc,0.6354700854700854,1.0,True
N4ukOkOm7Fc,0.6035369446632246,1.0,True
q7J_s4OuHRA,0.6033134098774778,1.0,True
xjU9JGnK0_c,0.6392558111042839,1.0,True
1YszivB5ehk,0.5981268108668167,1.0,True
88cYKcg1oQU,0.4001264465414304,0.0,True
dSm6MC7IkHI,0.600947055467661,1.0,True
87qMf-eQYMo,0.5645673641011871,1.0,True
V2ClGPZ7G_E,0.6299732076751466,1.0,True
37LVeiFdMeY,0.5979124616193867,1.0,True
5wfVm8GGGHs,0.5981268108668167,1.0,True
8c_nQRqpzwM,0.6355976907189845,1.0,True
DT85qkCAbs4,0.4125575366957073,0.0,True
jlXvBRP84bQ,0.2027148778411577,0.0,True
alWlZuPK3RI,0.2027148778411577,0.0,True
1-ECdoFzi9E,0.32167835716306764,0.0,True
Vzy_V7Tqdkg,0.591826763690079,1.0,True
aHpdfSsKbC0,0.34444168744867343,0.0,True
1Ldoj2psPsI,0.6301967424608934,1.0,True
4M6y1zb7F0g,0.3463973788161294,0.0,True
cReNnyJBwFk,0.6166717327152754,1.0,True
BVIaj6Uv-Hw,0.3969773782033347,0.0,True
1fphBoLWifs,0.6102313457152166,1.0,True
YTNZfKUDVdU,0.30741917502000354,0.0,True
nsh_Tbxxmng,0.3537298368153758,0.0,True
eo9r3-PlTAY,0.29862350563049156,0.0,True
OaSE0DRpILE,0.323737280293962,0.0,True
TAPIlx8HhvU,0.180004255130535,0.0,True
TG9Kk8mj9HU,0.14089028213166144,0.0,True
7B0kLNAMyYE,0.36501233017301626,0.0,True
llLJZdrBKt8,0.30701826527828163,0.0,True
eE11CdjSM5I,0.3503970780916308,0.0,True
jK-6AcEDYf0,0.29457439511243966,0.0,True
PLRHco_Xpok,0.4240743416947585,0.0,True
wjb-13b3r8k,0.3415658704552093,0.0,True
d1tNIRPs5vE,0.3969773782033347,0.0,True
F6hXS3pJp78,0.62477707022042,1.0,True
jOlzsE_TKZU,0.4031243239705473,0.0,True
VYqfDu9wnZE,0.4325278134311893,0.0,True
AmTY73Mg0Ew,0.35744376158193225,0.0,True
I5hMDOEfp-Q,0.323737280293962,0.0,True
pJPinr8fvXI,0.35275095986268806,0.0,True
2G94nAzTsV4,0.22794446932377968,0.0,True
A5-5WBNs5L8,0.2514792157778329,0.0,True
NnIgpllc4D8,0.4688198497709008,1.0,True
MhJFfGcB_zs,0.46333931297003395,0.0,True
fT1nZ0r4FMI,0.6545148742113619,1.0,True
mXhMgp38W40,0.6026045437308236,1.0,True
fxafR8eLxeM,0.37315642169027174,0.0,True
Zh9m_xtd8-o,0.38910413410857236,0.0,True
RNXxKC0RVvY,0.33593618817756743,0.0,True
ZLIXszobxyw,0.18662092624356774,0.0,True
bbd2QqH3QL8,0.6608106973274619,1.0,True
4-sVngfkdfY,0.3858607631891803,0.0,True
0uNWovFEnZU,0.3494592910580484,0.0,True
9ZN1C6UFGK0,0.4071727718636177,0.0,True
EPIa5VlKb-A,0.2364407814407814,0.0,True
Ajovprds3iI,0.6767965505546945,1.0,True
xzVXVDfCni8,0.6035369446632246,1.0,True
ObhwD0JI1NY,0.6442409970981399,1.0,True
4pHyva3LBGo,0.5940275313409642,1.0,True
b7QMhex7ZrQ,0.387161722735421,0.0,True
_owMRHZ8CiY,0.5591540017780556,1.0,True
3-5hsUrnf58,0.6290985302703523,1.0,True
NiDqKYmUBG4,0.5940275313409642,1.0,True
9NrwF3E77KU,0.37315642169027174,0.0,True
RWNtEGGkqt0,0.33924192386456536,0.0,True
MbLomU27cCc,0.36984025172095775,0.0,True
QjeNS1QOrBM,0.42130912648251373,0.0,True
enLuUyr0Bmk,0.22086191524119783,0.0,True
sQVaRLHDBTM,0.12756132756132757,0.0,True
dQVMaicnrCk,0.22392251354515508,0.0,True
3GdDJTEfQs0,0.17884337884337884,0.0,True
WPzoTw67L2k,0.17884337884337884,0.0,True
5yxKpTy3vi8,0.5930187819842992,1.0,True
V-kBFMepHYQ,0.3527127555612035,0.0,True
NoOUZVcnftk,0.34550723760545665,0.0,True
YLB7BcTbpas,0.57605008759625,1.0,True
rz6ac6weIG0,0.6023733767927518,1.0,True
s-B52DAxYp8,0.33912955776777215,0.0,True
1_IR09hbpLI,0.40431472268523283,0.0,True
cm9CArIN4ek,0.6455309680908854,1.0,True
SHNGDF7SG70,0.41272729928680335,1.0,True
PU2yYHx-mCw,0.35172785026170034,1.0,True
7Y1WDdOQzkg,0.4377033608416239,0.0,True
kS5__aR2Pm8,0.4342432447579627,0.0,True
DHiitcsPa8I,0.3381581800222008,0.0,True
NCauKapuI-8,0.4177153162910628,1.0,True
nTNj6mcI_dI,0.4137685423353005,1.0,True
85M2lnbg854,0.36227039468914535,0.0,True
rRK2gmvGJIs,0.4344493684024734,1.0,True
tmmtA-AZHGo,0.542275597449575,nan,False
uFL9OLqs0YA,0.517689771606527,nan,False
efugHn72TZg,0.5732315879625541,nan,False
O6HqQALRAH4,0.560407980604028,nan,False
y2uSKqzVzJY,0.4530198906526599,nan,False
cUm6fOCFtbA,0.38574420043504637,nan,False
AZeb0cy3U6Q,0.4918811351325457,nan,False
0eqezqBuO_k,0.17884337884337884,nan,False
APLpV77sOuA,0.3595867514507723,nan,False
EXRsc-_nZqQ,0.3455048864747766,nan,False
xO9fhNTsvyQ,0.17884337884337884,0.0,True
1CS2p30rpH8,0.31648816648816647,0.0,True
sV4GZpf8c5E,0.22392251354515508,0.0,True
A4s8XMaE9Ns,0.2947163947163947,0.0,True
24HDmHETs3g,0.5739829465635917,1.0,True
TYchZaaxBSY,0.3288753934204048,1.0,True
YTGJlnktCjA,0.46454405695942846,nan,False
caUEv6fVQ28,0.5291233621705522,nan,False
9a1Ky5fPJHg,0.3582557211723736,nan,False
bgV6TSnWt8w,0.4879205514134564,nan,False
r0W5O_sKCJ4,0.4834957522602273,nan,False
AwcmdybIjnQ,0.5347630360568406,nan,False
1ia5x8VqknM,0.42716081641417886,nan,False
mJFmWbngXYY,0.451503140652565,nan,False
CP4aHOcuJbs,0.41058589210970037,nan,False
2xHXBnrLbgw,0.481278109070839,nan,False
lJJJcYuVwQI,0.6705687966604621,1.0,True
-xgHO5SZNIw,0.6220726809733665,1.0,True
wFbshF-7RXw,0.2954183944528007,0.0,True
uES2eSs8BcE,0.15613275613275612,0.0,True
nzsBo9jbSrE,0.6363046122235188,1.0,True
Xs8tt8lPOXc,0.6470703516516323,1.0,True
4pjtvrYn714,0.24388147825097767,0.0,True
rTfOSFV1sd0,0.27298456024262474,0.0,True
ycWpDAUy-RU,0.6035277591249079,1.0,True
k5NnYU3OhZ4,0.6452127889563826,1.0,True
duD-jKm16-o,0.3229845602426248,0.0,True
fUSrh5PjnXU,0.5686741323810575,1.0,True
dA6IgCdg6tE,0.6608106973274619,1.0,True
E3dS_gI0EJo,0.20930717003089944,0.0,True
f4oMOotcduA,0.615799303112736,1.0,True
wxI44cL7TEo,0.4420675331461945,0.0,True
49yxGQ1SrLM,0.31136610687110133,0.0,True
9u8S1Ma-gI8,0.7846649652144297,1.0,True
KkDniE4oazs,0.3454183944528007,0.0,True
VqpgYZR52kc,0.3498678493672932,0.0,True
QYwKJa8gSig,0.17884337884337884,0.0,True
0APGugcGQCg,0.2574148074148074,0.0,True
oPFJZOYsyZk,0.20249394211658361,0.0,True
tGL6iNjeu0U,0.6206446926730219,1.0,True
dRSAflFS-As,0.31781335243599396,0.0,True
oC0b3FcxTWc,0.17884337884337884,0.0,True
igxikF_NwHI,0.22328782328782326,0.0,True
6U1SGprJyDs,0.2310653706880122,0.0,True
tD1z8lR0CDE,0.8436400293255133,1.0,True
FuE6o-NiIOU,0.6186286576662285,1.0,True
PqHiA2O97OY,0.6226888326555964,1.0,True
Zs1of-0ijKY,0.3528115941040648,0.0,True
lHvi7s8LzJE,0.25027195027195026,0.0,True
oO5how2fk1U,0.26559136059136057,0.0,True
hRgiHOqQ1XE,0.5884030482971263,1.0,True
Nf9DTdoo1JU,0.20249394211658361,0.0,True
kG8PJGbVwk4,0.2678133524359939,0.0,True
-VcMgbP7VzY,0.1516883116883117,0.0,True
9IABP1XYD_Y,0.13416725385579892,0.0,True
ZyyKcrZfRTI,0.273922513545155,0.0,True
r-8oChs-heg,0.35913220599622686,0.0,True
rpIfIiyoaH8,0.17884337884337884,0.0,True
PlaWAw5jC9A,0.38642744756857683,0.0,True
bzMB9mnrc4g,0.6152095669337049,1.0,True
2jW4m0iBMKs,0.6012490847958828,1.0,True
GiydkX-sHw4,0.36875930652236544,0.0,True
eGr3lAoqvNA,0.31559136059136056,0.0,True
h7vRs-jXQWw,0.0890282131661442,0.0,True
oZVDaUEjMrk,0.17884337884337884,0.0,True
QB81N56vnIU,0.3595867514507723,0.0,True
sbw8f4faaC4,0.39235663172077795,0.0,True
9V8PWcLN0og,0.3480243460868898,0.0,True
otKuEw2V9ps,0.33924192386456536,0.0,True
jLJSbQVCgj8,0.6018760320466077,1.0,True
zZR8tMDnvS4,0.18898989898989899,0.0,True
wfQMLpGpQ3g,0.16756132756132755,0.0,True
HEELP511MzY,0.17884337884337884,0.0,True
2ZZVkNoQ1C4,0.20027195027195024,0.0,True
pbCKA_hY_Ro,0.6121413189254219,1.0,True
xdNDDE_j7no,0.18898989898989899,0.0,True
HV2VaJqmz34,0.1772455063984188,0.0,True
fviGbgLK7tM,0.40348270622908,0.0,True
YXXHE3XFy9g,0.25027195027195026,0.0,True
Abam2v1pY5Q,0.6262691757168598,1.0,True
7Av8A6K1CgM,0.5906593023834403,1.0,True
j7CzCbqs1Ek,0.5873942989404614,1.0,True
Zr5Hy_7622c,0.18898989898989899,0.0,True
Uzia5dDThNA,0.16966856936887523,0.0,True
cC6CY6LZapk,0.14898989898989898,0.0,True
WSVmbSjiI_k,0.6162660455149622,1.0,True
qC6aITgC8l0,0.28956904956904955,0.0,True
oCNsd5RsDO4,0.12756132756132757,0.0,True
4hNQ0HvW-lU,0.63656766200545,1.0,True
vqK-rCnzyBk,0.273922513545155,0.0,True
bW06Zduj-44,0.22226855275632668,0.0,True
0CoktVqoPV8,0.18898989898989899,0.0,True
yV97Bt4xYtQ,0.18898989898989899,0.0,True
sCgkRiGdMAw,0.16628707235181878,0.0,True
LIv9Dr50dEk,0.18898989898989899,0.0,True
odPtuKunOqU,0.14898989898989898,0.0,True
VpEpnccpbUI,0.14898989898989898,0.0,True
jlPwCecD5wU,0.2892419238645654,0.0,True
5Cq9pxKGGPs,0.1792979242979243,0.0,True
4r-AE6gH8M4,0.16756132756132755,0.0,True
RhOm9PY3oCY,0.14898989898989898,0.0,True
0Ju_KYEY0g0,0.18898989898989899,0.0,True
aNMdj6636Yo,0.33878737841001993,0.0,True
TAz3Ss87Jno,0.24817399539979762,0.0,True
r88L9AqnNaE,0.5927952471985525,1.0,True
_uIl2eYaFHY,0.18898989898989899,0.0,True
we8x1yQJQ48,0.2882082278308693,0.0,True
PTIHYdbr1PE,0.3155159356029734,0.0,True
bBHWLvuiN2U,0.12756132756132757,0.0,True
5KdXFUhoXZw,0.6324784836503057,1.0,True
2-kUEEjt2do,0.2524939421165836,0.0,True
Xl-deN4uwio,0.5016398884065857,1.0,True
OEhURbfRD3s,0.5066307700936676,1.0,True
-Bj59mfPgLU,0.5169747849642335,1.0,True
zsOim4UNsB8,0.5754283144658853,1.0,True
G3Cx0QZeth0,0.544444083863459,1.0,True
WebaL2GN6qw,0.28581869957927214,0.0,True
55USi6Ep-iQ,0.5496285819050998,1.0,True
6-OGFC9oBCQ,0.5306526575503829,1.0,True
N7BMNQmZseQ,0.5927952471985525,1.0,True
425D2huhQA8,0.5853515547633195,1.0,True
IN9BNcny3YI,0.3842171815350602,0.0,True
fzTWpjAAUe0,0.5994284795990553,1.0,True
gpAt968SwgM,0.455126906420711,1.0,True
V2mvR0_5Qt8,0.5727254293551518,1.0,True
tq6e8VGKbcs,0.5409901428573407,1.0,True
HUBODZMm52Q,0.17845852187028657,0.0,True
qA8SsHqxE4o,0.6571543942153949,1.0,True
JFx9tzhBrjE,0.7245570386975527,1.0,True
9Di-gunvylA,0.38574420043504637,0.0,True
ivcEEZ5Ealw,0.36767556268000096,0.0,True
XkXZp1I7kyU,0.2299935358758888,0.0,True
aO4x72NWb2k,0.5477618961391781,1.0,True
HErjZ6ddyhs,0.5127019241004666,1.0,True
f-RuUtjGARE,0.6416451349561356,1.0,True
p9iUzx_iwms,0.5146894960840818,1.0,True
x2wCkf9k9_g,0.3848910023149744,0.0,True
bzYIdsxVky0,0.5993209834086098,1.0,True
VXw7Od92O5o,0.5741794811616027,1.0,True
VWJFfGwrDew,0.6174398557417426,1.0,True
DAU0gcKs_o0,0.3693616980165976,0.0,True
pUekM1qEpBM,0.5168516990785909,1.0,True
YvETtpAxn6A,0.5604671798789445,1.0,True
RL2POadWEpA,0.35307726679114093,0.0,True
oyofIJYx3oM,0.6183274448329286,1.0,True
3x-8t39e88A,0.6168827563021314,1.0,True
yE3Ijo56RVU,0.57803064481547,1.0,True
oTBQ6ZVgYyo,0.38588408918639494,0.0,True
TW6-bgosyXs,0.5461628972141991,1.0,True
U8yOc9-oA3I,0.3981400951007887,0.0,True
4ORyG4PpNkE,0.41497473618805386,0.0,True
NeK8zzwbbVc,0.22800772200772199,0.0,True
JX707iX9mlM,0.36387235394885326,0.0,True
Gpomq9DSEmE,0.5714314905499247,1.0,True
wFIZFasZgoU,0.4579542621315347,0.0,True
H6hTkNCGujM,0.46863342714904876,0.0,True
m7ZCcRXW8QI,0.45805761031302106,0.0,True
wmkcRmNq68M,0.37303985893613784,0.0,True
9XtMVMWYNPg,0.38358240336358285,0.0,True
ec3Dost83Rg,0.5727243415857426,0.0,True
oEfyE4j6jmY,0.3529903302026586,1.0,True
LzqhO4vxGD4,0.5116245520709136,1.0,True
ZdG0gZwhuoE,0.4033013667178668,0.0,True
M6CZK4r-GRU,0.35489223213361143,0.0,True
8ALskQpZmYU,0.6015184844541295,0.0,True
mcwC7L0Ts7c,0.43515152958431724,1.0,True
8vKZTnrntgE,0.4960949761249836,1.0,True
QZe5Q2uizg4,0.3749747361880539,1.0,True
-YyqWAHDq5E,0.2588789907596968,0.0,True
ABREVsjjrTg,0.4033013667178668,0.0,True
4JJFzHHf7So,0.4342314330252915,0.0,True
zHYZlHLoq9E,0.43293261840237846,0.0,True
6oAO0SzErTk,0.38727828548955484,0.0,True
WfL6NQgze0c,0.4229268368709536,0.0,True
iLAP64O2gEw,0.5106016404442812,1.0,True
rayeMB3vFgk,0.4972624374316223,0.0,True
LXyOgI9GfoM,0.34555137967346505,0.0,True
HjczfEH2hK4,0.3723586450430503,1.0,True
F8Q7KdMOlMs,0.5259845816951543,0.0,True
AsI1hfrzAKQ,0.4425624877680369,0.0,True
uVrj2_quyDA,0.36584971406098343,0.0,True
g4VUClNzoyQ,0.46125163504549355,0.0,True
tOwIt-DWNS4,0.4762091847248063,0.0,True
YMU-IU6xz0g,0.47580537910726595,0.0,True
R7Mrx3VIuUk,0.46688925127134506,0.0,True
vEfEEUHXfHc,0.4598090148092506,0.0,True
TOWMxTioy8I,0.42377503990131976,0.0,True
W3-0L1IQAjM,0.45560992326080624,0.0,True
ukkjO-J4npg,0.4145548820284105,0.0,True
s1Y2RN71XX8,0.5314625520334649,0.0,True
ymZ_Npa7PnM,0.46697053368924524,0.0,True
Ntwep7U4AoQ,0.4371981915119001,1.0,True
z7PPqocIH-Q,0.470469891956318,0.0,True
VeWbbpDGO6M,0.41913283859143735,0.0,True
qmIBykbicz0,0.49872799059353295,0.0,True
fX0nGXe5QtE,0.35979677366353613,1.0,True
3UB5GuRjErA,0.5361324201801306,0.0,True
mjaJjoVBlDg,0.4641695020699754,0.0,True
-5xRNEdefCw,0.6230760037004373,1.0,True
WMgvtXrtT_E,0.4746883142429453,0.0,True
vbGsBs56vh0,0.47222590383904295,0.0,True
2ANQy-Zdq78,0.43882387995015976,0.0,True
9SM3rit6i5E,0.47042174131381775,0.0,True
7QUOuexkkow,0.4744404185499066,0.0,True
cGSPzcilui8,0.5312222927904686,0.0,True
3OTvSTHO-aQ,0.3952422857269962,0.0,True
a68ol6kfx-k,0.4601849269750171,0.0,True
K2vCAI8i_Ug,0.54810189629576,nan,False
iYQy7tyHxWc,0.5402251616274787,nan,False
dKJ52w6QMPo,0.4184059496319061,nan,False
aPfWi2rOzJ0,0.4287627079570958,nan,False
S-YNc5pj6Fo,0.3964033076166253,nan,False
n_BQkP1PVu0,0.423398411700959,nan,False
BWQzLJcGpQw,0.5188357751015452,nan,False
hxR2LEAyctY,0.3292238183459037,nan,False
2QEyNF_qp8E,0.6157082966403815,nan,False
E12Z5cpjKjo,0.6019835994913162,nan,False
0Ts3l7PBkQw,0.4915104769695776,nan,False
dXTCUhAuo-g,0.1386363636363636,nan,False
8YTZ8l84b54,0.43914154383647164,nan,False
Xk4nvLQ0KmU,0.5665886817933807,nan,False
BCV3WUkm24g,0.1294780691007106,nan,False
z-26D_w9oD0,0.5091275137810064,nan,False
CKUfw7BQekU,0.6985677164521398,1.0,True
QffWhrFaVZI,0.1622121212121212,0.0,True
2gOahEeq8Zo,0.7098704837164415,1.0,True
aHuHnSrhhFg,0.1294780691007106,0.0,True
hjWpcOCaRG0,0.19078354978354978,0.0,True
t5_lwkGdDYI,0.6894287260358689,1.0,True
XL9L0-vjNoU,0.7497831335954478,1.0,True
ktX2niB7SVc,0.1294780691007106,0.0,True
5d3929nalhY,0.405849657181564,0.0,True
elJwlCG9sK0,0.32038285262423194,0.0,True
VHhSx42ie9c,0.41243991782171463,0.0,True
rcoihCA5n_M,0.18784927748308028,0.0,True
TGKKUaNzbTE,0.6651423007866091,1.0,True
uzibWx86OOA,0.1386363636363636,0.0,True
M66mmH2apTc,0.888495464522842,1.0,True
jQMr3059Yyg,0.7996289424860853,1.0,True
PuHaXR3YYZ8,0.14621212121212118,0.0,True
EkSUOQ5JtA0,0.6584641507050963,1.0,True
zvWo8YaFA_c,0.7945701403930601,1.0,True
ECsarcuMSh0,0.14547806910071062,0.0,True
JMDT6SLL9EQ,0.6122609262984972,1.0,True
yk39jzdnhHc,0.6702032163974003,1.0,True
vvqWMAdg7QE,0.1622121212121212,0.0,True
FCvNcwc2U1I,0.4134464583469585,0.0,True
5d2iztjXNPE,0.6613984230055658,1.0,True
uppoEwl6BKg,0.1294780691007106,0.0,True
R2QsRnhjti0,0.725130817371763,1.0,True
VYz3qbt4Il0,0.40561735002636234,0.0,True
XFEPpHCclIU,0.14621212121212118,0.0,True
bN_VeELU1No,0.1294780691007106,0.0,True
1TofE4jLsEw,0.6799927225200186,1.0,True
alvleLh5YaY,0.1294780691007106,0.0,True
Lsfu0kkvMh0,0.18165656565656566,0.0,True
FXa-uvuRZRU,0.1386363636363636,0.0,True
wgNay0RkAM8,0.1294780691007106,0.0,True
3eXgLJiXor8,0.15927784891165173,0.0,True
2LbdfdP5714,0.1294780691007106,0.0,True
j0IeqePkiNI,0.1294780691007106,0.0,True
hAoSCQxDqE8,0.1622121212121212,0.0,True
bn50b4ZeqIM,0.1294780691007106,0.0,True
5963flNJobQ,0.1294780691007106,0.0,True
sYNHDZNiEBY,0.1294780691007106,0.0,True
Bnx7pNlGsAk,0.1294780691007106,0.0,True
LJc9rCHcMpA,0.3154587345966656,0.0,True
rH3DesZKVVM,0.1294780691007106,0.0,True
Hb_7lOnu4zQ,0.14621212121212118,0.0,True
51B7xfLOFek,0.14547806910071062,0.0,True
l2UVSfvZ8D0,0.14547806910071062,0.0,True
1PqhUWVlZkk,0.16565656565656567,0.0,True
5cQaJCP00Bs,0.1294780691007106,0.0,True
8JXfidFewx8,0.35020655208725815,0.0,True
Z-_htgMpMO8,0.6205400420862044,1.0,True
APxLfLFg1no,0.5739697553246143,1.0,True
XsxZy0B49aE,0.6289938796835347,1.0,True
ipXr99j3mNA,0.5935605082547468,1.0,True
2GMWZBsRLOI,0.643111422360339,1.0,True
CqNrLpB76Xo,0.6204773124127964,1.0,True
Dqf12ugdTvk,0.35103230980567013,0.0,True
g_wPWCrbQow,0.8863799283154122,1.0,True
faGIwd0gkHU,0.8863799283154122,1.0,True
XDMx0gl7Xv0,0.8863799283154122,1.0,True
cKzC8exWGZ0,0.8863799283154122,1.0,True
QsYIjB00nRo,0.8863799283154122,1.0,True
-2vR4FhoQpk,0.6049539859270405,1.0,True
n8kOmgDVI3w,0.607472126395338,1.0,True
cgmcVz0VBDM,0.3189524995018859,0.0,True
1fJpx4nyCqE,0.3029381586342151,0.0,True
FMoHQrvL7mg,0.5356784866330346,1.0,True
i5PRpJYFwDc,0.5343342373819862,1.0,True
4DWb-C53mGg,0.27758928488329576,0.0,True
-IM-3UAl0dU,0.5816592584395385,1.0,True
Q4StQuCSrVs,0.14092538286086673,0.0,True
T5QkvHXC1wg,0.32345540001352535,0.0,True
wFE83dciKgw,0.21034293396557543,0.0,True
u1b_H_jwgvw,0.22527267046323307,0.0,True
yzIhUgfTSng,0.5858662191830016,1.0,True
jrsNcMFH1js,0.57972836772124,1.0,True
NtlKVFYH_kc,0.2569717720795932,0.0,True
Ceo2UO9COik,0.22669019276360766,0.0,True
5Z0O3iKoDak,0.30697177207959325,0.0,True
M0RrQg0Mq3E,0.2833677020050769,0.0,True
pwVUgCmi8lc,0.6387456151894828,1.0,True
nBzPxsd68Ks,0.6455460717852535,1.0,True
bc-8PzRJkoQ,0.5768025308816156,1.0,True
KSRyfQoVoiE,0.2958137773287576,0.0,True
U1NF4riwtIU,0.17845036937374084,0.0,True
-Ct-C3w16_g,0.3026573704568752,0.0,True
6858ZxtUqOQ,0.29935029128577517,0.0,True
EKbAnkpE7j4,0.5510034069008346,1.0,True
LRuQg_7s_Qc,0.19408557034363486,0.0,True
LLNpPIIO5Jc,0.5954913989730453,1.0,True
ZknMbg3rMH8,0.26524768340299787,0.0,True
m7-nvqjJWqA,0.30268537768537773,0.0,True
ZoKSTQ1LTv8,0.607605168174415,1.0,True
OyKa4vPd5-k,0.23921418045555973,0.0,True
N0ydgtA8VsA,0.1891168831168831,0.0,True
2vCQWojtIAc,0.5214066085988108,1.0,True
a3MMqMzGlss,0.12054545454545455,0.0,True
ao6_YzSEpr0,0.12489028213166145,0.0,True
8p7AZ62w_WI,0.12707093849481615,0.0,True
DFuXoeaHV1o,0.6435596573864014,1.0,True
TqEUY0ktDXk,0.5273859393582849,1.0,True
jPZyRT3jrcE,0.3775033793901718,0.0,True
Cq5IK0RQI10,0.6744976999799818,1.0,True
frShIfIXAco,0.6035369446632246,1.0,True
td6eNfiqopk,0.2909116614423949,0.0,True
g8saXslYNAk,0.3669799511020364,0.0,True
wE_MHbqx8mI,0.34433465061043617,0.0,True
6kfrNWBPKdU,0.5669744768685548,1.0,True
jnDRVV6hhxw,0.2437082437082437,0.0,True
BUrwsXLgfOs,0.6530345482371738,1.0,True
KXcSVZMlmCA,0.3583671496596204,0.0,True
1KBx20Cx3Q0,0.21825328916541373,0.0,True
SXHcTAxI9Js,0.19190385243861852,0.0,True
4XprsGyoZ7U,0.6152437444149308,1.0,True
hVwWtgbGOlw,0.2800927000948482,0.0,True
mlwPRjpmXfk,0.4685608284351813,0.0,True
Ix_7GOjm_bw,0.4177153162910628,0.0,True
XsC_YatM2qQ,0.36443219176060887,0.0,True
8DHFeGbcPNc,0.4926411284933677,0.0,True
89o5vQx_Qc8,0.3698711845620305,0.0,True
a49Dl3w5HD0,0.3654170970601121,0.0,True
eMwaUDIJxdc,0.415561276199487,0.0,True
x5sCptvIbZ0,0.4137685423353005,0.0,True
R4lzvXf9BTk,0.36967116062570893,0.0,True
RHhsrXo9aBA,0.43293261840237846,1.0,True
OrbQ_mSyGeY,0.4547043901741502,1.0,True
TqVzMBroBRY,0.41627478941305246,1.0,True
DMAiCsdxEzg,0.4901760265950924,nan,False
boSSEBdYdU0,0.5912389831744671,nan,False
xwXcn1DWies,0.6182185435118603,nan,False
3rH7MnWoYOY,0.6086147186147186,nan,False
8_Fjgx8C1JU,0.6016061524682214,nan,False
JDALu_8RM5s,0.54810189629576,nan,False
NAzdQYzwnpc,0.5779658149770996,nan,False
hGBxMJMpfuY,0.5782337971570087,nan,False
7KWxSSs0m7A,0.5012516350454936,nan,False
Ow_KRCFKmpo,0.5566131723675035,nan,False
IOG62Z-mMtE,0.6446643708941552,1.0,True
UfFjydHll7M,0.6857124756566597,1.0,True
KxCKEjkM3Q4,0.43661042473415695,0.0,True
bgjIrmC8Auc,0.44443105338415834,0.0,True
lW1Tquq2pbY,0.3984488912450004,0.0,True
FLfZmwtzztw,0.6469809271515028,1.0,True
m_i-owPb-ZY,0.6857124756566597,1.0,True
cHrUYYwxG-o,0.3555151464828884,0.0,True
QlKM5w1dYjo,0.32006818074345383,0.0,True
NhvzyBb31Ps,0.754677992898039,1.0,True
Qich_AVsd-E,0.4356868037480681,0.0,True
5H59fUM6O9c,0.6785440168752975,1.0,True
N01979Na8c0,0.38790634681755537,0.0,True
xdRw0bR2HFE,0.6477114625330533,1.0,True
p1RoNocO03c,0.3534929451460892,0.0,True
MJkyaI3xXQ8,0.6303629749138004,1.0,True
90ST7ZX8NDg,0.7965462661387813,1.0,True
HMtWA6cIjKU,0.6406560408711245,1.0,True
9kQm2zy7ow0,0.6888083218251752,1.0,True
Syb0geAjvRA,0.6710593996475585,1.0,True
RCA8DTiu9Io,0.6590995724308533,1.0,True
iPFdObFcsDQ,0.39297194750308184,0.0,True
_rTEWgQHTcI,0.6532679351626488,1.0,True
OecIJozKED8,0.2751393242772553,0.0,True
5MaN6nVcdkU,0.26079747942012094,0.0,True
R77D23Jg1S0,0.32662066587843164,0.0,True
TcUiewijVXc,0.2833677020050769,0.0,True
zZ5Y1XAEQ-4,0.6349718874766181,1.0,True
D4oHcoD4cvw,0.6294913506757512,1.0,True
SPUAqdexLrc,0.30555424977921863,0.0,True
Cgj1SjgiGB0,0.24937777919098333,0.0,True
rIhzWKunSkc,0.3007953014913579,0.0,True
ajZn19JYf-s,0.37211047838626393,0.0,True
kEcv-GNn-cQ,0.30390309625888456,0.0,True
LyWoFshCWWQ,0.6229456232471715,1.0,True
TDuZjQj_eWg,0.7162841747330526,1.0,True
B-Mq9L9Y3Ko,0.2833677020050769,0.0,True
AmhImft27zM,0.2830378777131508,0.0,True
JCrXcRPFHBU,0.6333836498395421,1.0,True
soPafVpz2F0,0.6515739935094774,1.0,True
KRUkVlORuHo,0.3558223467922369,0.0,True
ff_HQN-U6NQ,0.41589746239247416,0.0,True
4y8o7rTtfXo,0.6949220806075644,1.0,True
FyUS7uPKBig,0.5831557850580324,1.0,True
aggypyoXdzo,0.5723307434374136,1.0,True
ywHsA5KKumU,0.3291807348560079,0.0,True
J9Ga4CozvLM,0.624766228443999,1.0,True
J6g0VGJcIpU,0.544731426086285,1.0,True
lLXcUX2ID0c,0.5594302630635397,1.0,True
5T0pz0BUkRQ,0.5996983597165084,1.0,True
ETt1tQ8fjQ4,0.3432643120841007,0.0,True
H2ifS1MdGdg,0.26079747942012094,0.0,True
-RkHBWr1EtQ,0.6271732744867073,1.0,True
YdS7bWkKzig,0.3299982960002478,0.0,True
5_RUj0s0MGs,0.3438002275997323,0.0,True
3sRSJJBAJ84,0.6861030835127053,1.0,True
xjNnqRngdzs,0.6084808757520029,1.0,True
TPld2wWrlZM,0.6525838277751256,1.0,True
F9LE6HhmWC0,0.6896745120841338,1.0,True
-SiLS-u5LOY,0.6161110034244361,1.0,True
ct-ROoyhkQg,0.2649037521618167,0.0,True
MfeD6UFIqrs,0.29980483674032066,0.0,True
PjVdRlLfiUA,0.3499766981879676,0.0,True
YCTxEjZHwp8,0.36443219176060887,0.0,True
uJfnuXRi8B0,0.32840002129876067,0.0,True
ZHU6o-s8svA,0.265223307158791,0.0,True
xdV1gDPUYcM,0.5532676177551832,1.0,True
fYw3_vZH61k,0.5532676177551832,0.0,True
fYT26QzVnMk,0.28378456424896054,0.0,True
dPqUrMdSwQQ,0.45918779039056956,0.0,True
OyaxK5Fyzyg,0.3540033567497305,0.0,True
y6INcWhb1Ts,0.2625683289643245,0.0,True
tB0LKLOFQlk,0.3008041114793846,0.0,True
AQdic2y_OT4,0.34238270529935766,0.0,True
45Vn5tNzfxU,0.3318791737431946,0.0,True
7gtOxkvqIUI,0.4794860560661937,0.0,True
10kb0nT5Ff4,0.2989232337364379,0.0,True
Z_3wLLF5jLA,0.21773613361683966,0.0,True
b7l3MnmAqFE,0.3007953014913579,0.0,True
kQZf04gR6tE,0.4113243388474538,0.0,True
XBILxO5cZSY,0.36797580997550067,0.0,True
KjkwtKcllZg,0.29937777919098335,0.0,True
v66BSfiKdBQ,0.3029381586342151,0.0,True
kdNXZ8hCCy8,0.4119058497327684,0.0,True
uzv3XWEWiJU,0.3277248223474639,0.0,True
Qll8JdB3n4A,0.25173883587676693,0.0,True
I00iVrQWqlY,0.35578095502202506,0.0,True
dNnmChG3vEo,0.2866734376920747,0.0,True
iw2uMLXGMGc,0.6118238207781463,1.0,True
o9CqrmNeiII,0.33929732708809285,0.0,True
gh7OR8wmm5E,0.34514518982704745,0.0,True
etBQBKzrk5o,0.24937777919098333,0.0,True
KHjm6zSFDW0,0.3432643120841007,0.0,True
TZzCitVMOOM,0.4088416675381514,0.0,True
2GEU9OigAiU,0.3662117050112097,0.0,True
S96ffy6OSEQ,0.5446115162779663,1.0,True
P_Dru473PWc,0.36584971406098343,0.0,True
sWDLHGDBIq8,0.37133025086185034,0.0,True
iWXJl0Brn6o,0.4460182163984741,0.0,True
uk2XSNwlRLQ,0.34514518982704745,0.0,True
ISrZ280VfeI,0.30697177207959325,0.0,True
8czrKG1rNUc,0.33785914409324513,0.0,True
Y5L8fPZNqc0,0.3603985783152307,0.0,True
SddUk-3GZXo,0.31245230888046005,0.0,True
L0Acnu5XUNI,0.3778304414832762,0.0,True
UHJ7a8n_LZs,0.5797758316780792,1.0,True
REseLD9ELHg,0.5723307434374136,1.0,True
coRgDvqWF0k,0.6353656618095294,1.0,True
4NPWtI5e5bU,0.621356550633659,1.0,True
PVrrsqDlc2g,0.651419492274065,1.0,True
HbzpXWFZ5YE,0.33504000515983995,0.0,True
otjWoLMdb3Q,0.37639225848842844,0.0,True
K9fch6I9jMA,0.3000867170207572,0.0,True
c1ElNa58Nb8,0.6587612897343444,1.0,True
cA_ssYO-Xww,0.5537964100848031,1.0,True
AABCazyr4og,0.3692643775759132,0.0,True
kxg3cel9qBo,0.6305265185706969,1.0,True
v5vmJwesido,0.6667848699763594,1.0,True
J3Zg5zOtwjo,0.6550638833194076,1.0,True
MejyaC0dxfo,0.6117672474748082,1.0,True
N_uI14mgdW8,0.6344049453381809,1.0,True
GQ834NUhEo8,0.6486610384422631,1.0,True
szCtECnGpcw,0.45426048066647623,0.0,True
PDQ4pjzRl3w,0.3381581800222008,0.0,True
hFr4RVKe5LQ,0.6063571136784004,1.0,True
1EJPWjBRG8c,0.3580291299067092,0.0,True
Bhz4b4adqlY,0.606027337568597,1.0,True
Zi8Sj_WC-Sc,0.3813916567352603,0.0,True
vLMmpcZFZw8,0.3271906790713851,0.0,True
O_E4XVIc_Us,0.23661677785815716,0.0,True
YuNIvY8HMm0,0.21065509203440236,0.0,True
Zpn0z_jkjvk,0.27328782328782325,0.0,True
4EI0USq1Mds,0.39807753823822434,0.0,True
cL-KQDsv8No,0.32329331515733595,0.0,True
t96pEWdAQvU,0.3162678153022215,0.0,True
IbvAM-Y6Ab8,0.4459735347092419,0.0,True
NtrGBsx6Wno,0.6152572961582973,1.0,True
uV3tWquBYtg,0.3595867514507723,0.0,True
YOV9O99IZnc,0.12845852187028658,0.0,True
tY-niFfjsXU,0.6174757300638392,1.0,True
n4DUtsiAzI4,0.17030901972411905,0.0,True
VHXxMZsQyxo,0.16672649572649573,0.0,True
wJdCCqPTWR8,0.2549188191332495,0.0,True
n4y5YicGQV8,0.152996336996337,0.0,True
lzXpIcvHBjk,0.4516918894982672,0.0,True
js3BzDVxgtM,0.4321248961296315,0.0,True
fVUoN1c8iFE,0.42716081641417886,0.0,True
xXXqRFjP6nw,0.3972833416268219,0.0,True
tSpumr0kIbo,0.41627478941305246,1.0,True
n-BHmEYeI5E,0.3824203408285611,nan,False
9AvGGBOsLeY,0.4019698402723876,nan,False
N8s2v9Z5CzY,0.46247979392865446,nan,False
JgMNs_fRiJE,0.37821810710744597,nan,False
YDbK3ot-XW0,0.3487007244496458,nan,False
J6qsxZFYww8,0.4687063099870444,nan,False
eMKAd9lu3bQ,0.5213093067631646,nan,False
fcKwu1nuVYE,0.5177379877679952,nan,False
GLtLRBo98EU,0.36443219176060887,nan,False
epyGL7n920c,0.4092132085132693,nan,False
rCevcCsphbc,0.2524939421165836,0.0,True
1tOobGTqJo0,0.2441627891627892,0.0,True
yOQAlZhuwXs,0.34618057806128405,0.0,True
JUMzGNZEKPc,0.5332173415946235,1.0,True
WZivrtJZrRA,0.14290766704559807,0.0,True
D8tXtgL8zIY,0.6355034459573038,1.0,True
18pQAf6rmKQ,0.6793929083893929,1.0,True
3kQsT46IcOc,0.3080444049084258,0.0,True
YNwSWrsGLp0,0.3287941255683191,0.0,True
J4RMdrqQTu4,0.6053554029343982,1.0,True
lKyLIDiQSFI,0.5751515785163133,1.0,True
6Qa0DzjxE_A,0.5983122340519449,1.0,True
EbDn2iNpXDI,0.5552069046545888,1.0,True
3Fpik2cTk5s,0.6631429083893929,1.0,True
wc2qNsBo_F0,0.14593261455525605,0.0,True
ycxYrnjyXqg,0.6584827008720425,1.0,True
rTtuBrItHvw,0.5316377240107844,1.0,True
cvGB_cw1evw,0.5751882305182676,1.0,True
3AkgosrmeSo,0.2186058208306716,0.0,True
uFcq4-oGtts,0.617673664447858,1.0,True
1pbHJc-afy0,0.7374574245184251,1.0,True
VBJPVvcAb60,0.28062967476760575,0.0,True
luMrZfYBLe8,0.2882859586827938,0.0,True
6ZKwATqvD60,0.6362441866980445,1.0,True
h2y5iwR2-ZY,0.5262771443808285,1.0,True
OjlI0OgUu7Q,0.38618764839093506,0.0,True
iULKTsK-AVA,0.6331829237071173,1.0,True
W5WGabNQEYk,0.5522454874049487,1.0,True
2YK4ukTs630,0.6222837045602225,1.0,True
dTZlpn5PJXE,0.5751882305182676,1.0,True
PSxIm1vQ19A,0.3419960960116689,0.0,True
Tc_LTSoeEqY,0.5728576885973994,1.0,True
cMvTpYODe3Q,0.639912178621856,1.0,True
HKIO6VEbcAY,0.612074781805748,1.0,True
bETxUynMsyc,0.16825328916541374,0.0,True
zRJQh2R_rDs,0.5466543498969756,1.0,True
rQUGNT6lY5I,0.36564665928487367,0.0,True
SAo7hZ-Zx3c,0.39364543707679267,1.0,True
VyEArKCiSFk,0.25140442104734656,0.0,True
mhvQo-GZK14,0.5741794811616027,1.0,True
joxPvlo8038,0.17834195911615267,0.0,True
mxUBywiWpR0,0.6215594975826078,1.0,True
QPvNqYXpIYc,0.5414866091409996,1.0,True
YBGyu1H7Gok,0.5544856036105822,1.0,True
XHa24zM95rQ,0.3609052773780138,1.0,True
ZhX6OeNNxcw,0.5078552518574968,1.0,True
PMURwDyAXKc,0.4073341365285244,1.0,True
9752Uqa7wVs,0.4116202875185371,0.0,True
kDNwzLyB6TY,0.47388185739747896,0.0,True
_o1wPCxyM0k,0.397704267162866,1.0,True
fUIHC7XYqmk,0.4813641879718191,0.0,True
x4VLytrjJj0,0.4587451160878482,1.0,True
5j9Z2hADpO4,0.40055231797201296,0.0,True
7-VfMQvLKdc,0.46368074351670074,1.0,True
wiCA0lbzO3k,0.4031848039637328,0.0,True
W4Wntc_Xma4,0.4032259979078555,0.0,True
RaYHq8skvtw,0.387161722735421,1.0,True
rKgq2-neF9g,0.459773314520183,0.0,True
yAzy8K9as6c,0.4887684624312529,0.0,True
1bJrIjvP0X4,0.482152031265097,0.0,True
cJW-mUmlFD0,0.5383926357656963,0.0,True
wJzp49GNKYs,0.48119562310899405,1.0,True
7GBlFq4WPvM,0.3720365610547082,0.0,True
JCn-qEp2WhQ,0.43275882229042173,1.0,True
U_10EpMgD6c,0.49496845582069504,1.0,True
MDtYKcFfcj4,0.44686165537727696,1.0,True
oTbXNtyQD88,0.49837523705623,0.0,True
bg9xSNLKX7A,0.4325278134311893,0.0,True
5dTDB9zGkWs,0.47936239419834586,0.0,True
7mlqSJLOJxw,0.38358240336358285,0.0,True
m1aWn_bo0eI,0.4311102911308147,0.0,True
jhzK8s_grrg,0.535968209898811,0.0,True
dC6epPIx2qg,0.37639225848842844,0.0,True
RNqsavNZ0wg,0.3150756136094637,1.0,True
IRLijp344o0,0.39379826559981856,1.0,True
dEtQWjBClzs,0.3962867448624914,0.0,True
E3pT3rqzQ4E,0.451503140652565,0.0,True
obCEfKxgMjA,0.41235102003492596,1.0,True
St1UaB_Pe2E,0.433882763718721,1.0,True
tS5JfkYwKFQ,0.4825502382608107,0.0,True
d5OzKkxsd8I,0.47588836225228814,0.0,True
PyPEBuVsqi8,0.406862561698519,0.0,True
j5_MLDwOXMg,0.4574774874907992,0.0,True
1ytA_NJItv8,0.44580213944365327,1.0,True
hNug4gMey5c,0.41627478941305246,0.0,True
kFnalKlamZo,0.4177153162910628,0.0,True
n2LLNdjrp_w,0.4720070344331796,0.0,True
sEjwiFDgW-s,0.3923399709067291,0.0,True
OQJ9MafeM2A,0.4071727718636177,1.0,True
jnwqSaShmZw,0.3803799041789095,0.0,True
XymkcGv3sIo,0.5782039719004554,1.0,True
2xXbNvllyqk,0.397704267162866,0.0,True
Ghfgts9Q4Qo,0.3923399709067291,1.0,True
IthDw2kuT38,0.418999768704398,0.0,True
BNdSMd_hF-o,0.4721096632943129,0.0,True
PhWf3GaTq48,0.36647262841026046,0.0,True
yzIw5mcDv3k,0.439704438589652,1.0,True
oIgXX5gvkiU,0.3499766981879676,0.0,True
vk881bb6i_k,0.45531133514729244,0.0,True
3IlSwAZSoW0,0.47042174131381775,0.0,True
Umh5YBv6tdk,0.4177153162910628,0.0,True
2t99nJwlP3c,0.481050316178841,0.0,True
2xojaUxML5E,0.40501097479215425,1.0,True
lKdmab35sWU,0.3415658704552093,0.0,True
GdDAWpgJd44,0.40501097479215425,1.0,True
S30MlOS3H18,0.46600493499510237,1.0,True
16HKB70VK9g,0.3965393045607528,0.0,True
pUXlTXm3nfI,0.4287627079570958,0.0,True
sa43bPJJoLA,0.4473332302072824,0.0,True
18wWbLhFNWk,0.5029717322598302,0.0,True
u7NU7ct4xmA,0.4916558581848801,0.0,True
0qZIu9PQFcg,0.41627478941305246,0.0,True
JkYIXl5BPuo,0.4516918894982672,1.0,True
aXL7KFauJD0,0.38496659650393855,1.0,True
X6RsVSk6qoA,0.40697880224324906,0.0,True
Y8309SQQYt4,0.40968171970224326,1.0,True
Ii_kfCkQ_fw,0.45531133514729244,nan,False
AwzIgRMEMco,0.5416077510515612,nan,False
edCwmPM1R_U,0.47574294854932064,nan,False
eQPlAH2cPHU,0.4313942844560482,nan,False
1nrozQ6faFU,0.387161722735421,nan,False
zA_H-snuh0A,0.4227672290936944,nan,False
8UIl4XOQ51I,0.3877397983807544,nan,False
fAw5s4nnJhY,0.5934967220465318,nan,False
mbvGYb58jnM,0.48513943975613005,nan,False
6ioN25FHfuo,0.509927712846254,nan,False
NRfMOv_1tb4,0.6455309680908854,1.0,True
OdVX091VAM8,0.7056029729713552,1.0,True
FdNIraGdPaw,0.30006150922741687,0.0,True
soStxF-WQQ4,0.612192250881124,1.0,True
BAvF1n-GMeU,0.7859385699939585,1.0,True
FgZD8Mo_zJ4,0.2516886762804651,0.0,True
g8LZeJD_lbk,0.2205630446395439,0.0,True
RzPWXOnOuuU,0.23320591765977544,0.0,True
vsa5OPahXJA,0.3272201172966166,0.0,True
htUnYHwQ1LQ,0.23653955618248168,0.0,True
9bhyoIGN2gc,0.6854052927785645,1.0,True
oRC4kQ9B-Eg,0.28174197445389676,0.0,True
Kdia7OxUKHw,0.10574789915966387,0.0,True
vIaeqh00Nb8,0.5927133514098349,1.0,True
PlzDuVoJKN4,0.41313202483475536,0.0,True
Ypf8ka_A9ZY,0.1480754716981132,0.0,True
juivCWemcfY,0.2205630446395439,0.0,True
gL_NgZdpeXc,0.6212714590387497,1.0,True
FgBs05-67dU,0.3518025468069851,0.0,True
PX6nm1NF20s,0.4770831069190642,0.0,True
rQovBGhXU_Y,0.44389486852558957,0.0,True
cH792AL2TDA,0.38574420043504637,0.0,True
UudjQquwLYA,0.465334910915742,0.0,True
SBg2TXYmQ5g,0.5191221857023234,0.0,True
DzyNngoLmpk,0.4944161416300822,0.0,True
-EhWWXh2Ng0,0.41008652467343243,0.0,True
yKKfh1YN6TQ,0.4315150961020039,1.0,True
AcqmT8fCd4g,0.3962867448624914,1.0,True
2LFgBZE0nSs,0.5002298043716379,1.0,True
DSuhkk5Wn4s,0.4410981170719454,0.0,True
IEQkl7q3oYg,0.387161722735421,0.0,True
39iqx1YH3Jk,0.4594751326133957,0.0,True
PbnGYYwTcmY,0.40656243408554904,0.0,True
qVnsFAOA35k,0.4454036304246534,0.0,True
eGwc0GfVjaQ,0.42461337539230426,1.0,True
mWg7oxbavdo,0.4298948610976403,0.0,True
GOb0ra7_PUI,0.473024784300996,1.0,True
A2QAWpofb0M,0.574848993545477,0.0,True
_KJvNDISHyM,0.46329557987571757,0.0,True
fTGXgRPgqQU,0.4309136207495724,0.0,True
YVlkrpw7bIk,0.5662156822038705,1.0,True
XPezxnyGq9A,0.4082682101756503,1.0,True
F2XlVtMBCjU,0.40955541054170264,0.0,True
Ev81fzvTH50,0.42401556164833093,0.0,True
ckWZfAY0Pvg,0.41235102003492596,1.0,True
